agent_i,agent_j,tc_s
0,462,189.0
0,730,10.0
0,1163,242.0
1,3,10.0
1,28,7744.75
1,30,3121.6
1,32,11.0
1,52,18.0
1,68,61.0
1,107,22.0
1,275,23.0
1,325,27.0
1,340,109.0
1,387,6203.0
1,406,52.0
1,416,10.0
1,425,24.0
1,479,10.0
1,532,10.0
1,605,18.0
1,638,10.0
1,642,16.0
1,647,10500.95
1,715,26.0
1,733,10.0
1,748,12.0
1,771,20.0
1,806,10.0
1,838,10.0
1,853,4338.4
1,860,26.5
1,886,827.0
1,904,10.0
1,950,433.0
1,959,35.0
1,977,10.0
1,1009,46.0
1,1053,11.0
1,1058,14.0
1,1156,10.0
1,1161,715.0
1,1216,26.5
1,1237,10.0
1,1299,105.0
2,917,29.0
3,1,10.0
3,28,125.0
3,38,35.0
3,68,10.0
3,172,14.0
3,195,36.0
3,268,10.0
3,280,11.0
3,295,32.0
3,325,98.0
3,474,561.0
3,503,6834.55
3,512,196.0
3,538,10.0
3,540,10.0
3,598,63.0
3,631,83.0
3,641,12.0
3,682,62.0
3,701,10.0
3,748,3266.65
3,824,10.0
3,853,42.0
3,869,10.0
3,871,38.0
3,959,139.0
3,969,10.0
3,976,6765.5
3,1008,10.0
3,1040,10.0
3,1051,17.0
3,1112,10.0
3,1121,10.0
3,1179,10.0
3,1196,25.0
3,1200,56.0
3,1254,488.0
3,1264,13.0
4,78,22.0
4,87,10.0
4,101,49.0
4,132,486.0
4,257,447.0
4,315,19.0
4,348,76.0
4,380,6.0
4,387,125.0
4,391,25.0
4,392,10.0
4,488,10.0
4,505,10.0
4,577,3946.5
4,591,320.0
4,692,14.0
4,731,11162.3
4,755,10.0
4,782,227.0
4,792,10.0
4,845,91.0
4,860,14.0
4,881,3.0
4,914,7699.35
4,948,15.0
4,961,12.0
4,977,20.0
4,1062,54.0
4,1072,510.0
4,1181,10.0
4,1194,10.0
4,1206,11.0
4,1237,73.0
4,1241,13.0
4,1252,5580.8
4,1257,10.0
4,1312,10.0
4,1356,881.0
4,1359,10.0
5,63,12.0
5,91,3.0
5,95,593.0
5,171,10.0
5,200,10.0
5,226,10.0
5,290,6351.7
5,324,40.0
5,335,20.5
5,396,10.0
5,515,10.0
5,516,37.5
5,614,10.0
5,702,10.0
5,730,10.0
5,740,10.0
5,763,57.0
5,801,10.0
5,814,14.0
5,932,7595.35
5,946,1456.0
5,955,10.0
5,971,17.0
5,974,1320.2
5,1010,24.0
5,1066,10.0
5,1151,30.0
5,1184,10.0
5,1317,7850.8
5,1321,506.0
5,1331,7442.35
5,1353,32.2
7,31,1048.55
7,68,10.0
7,80,10.0
7,118,193.0
7,189,5759.55
7,213,10.0
7,272,10.0
7,306,42.0
7,323,10.0
7,380,22.0
7,382,881.5
7,404,10.0
7,414,10.0
7,428,10868.45
7,465,7743.6
7,469,10.0
7,524,10.0
7,540,87.0
7,568,17.0
7,577,20.5
7,649,47.0
7,696,5396.65
7,721,90.0
7,770,10.0
7,802,144.0
7,806,24.0
7,865,6.0
7,893,10.0
7,898,10.0
7,923,321.0
7,973,892.0
7,997,104.0
7,1052,55.0
7,1059,10.0
7,1064,10.0
7,1079,193.0
7,1082,10.0
7,1083,35.0
7,1098,10.0
7,1161,10.0
7,1233,10.0
7,1237,11.0
7,1252,30.5
7,1258,653.0
7,1273,105.0
7,1290,10.0
9,20,54.0
9,29,15.0
9,46,8319.0
9,75,10.0
9,119,10.0
9,125,10.0
9,129,15.0
9,149,19.0
9,157,54.0
9,204,10.0
9,229,6.0
9,304,10.0
9,377,368.0
9,379,13.0
9,381,20.5
9,405,10.0
9,413,10.0
9,434,627.0
9,498,14.0
9,529,11.0
9,531,14.0
9,545,10.0
9,583,10.0
9,605,66.0
9,620,20.0
9,625,232.55
9,656,10.0
9,699,6.0
9,748,10.0
9,756,11.0
9,770,11.0
9,785,14.0
9,838,2085.45
9,852,12.0
9,890,1564.05
9,901,10.0
9,902,5227.1
9,913,852.0
9,915,10.0
9,928,10.0
9,931,11.0
9,942,2415.5
9,958,10.0
9,959,10.0
9,960,13.0
9,976,82.0
9,1032,10.0
9,1049,15.0
9,1087,10.0
9,1088,10.0
9,1099,10.0
9,1109,85.0
9,1179,13.0
9,1215,14.0
9,1237,145.0
9,1274,69.0
9,1319,10.0
9,1359,9.0
10,99,26.0
10,117,2490.1
10,136,19.0
10,164,10.0
10,196,10.0
10,221,28.0
10,239,4.0
10,252,1176.0
10,271,10.0
10,301,6.0
10,309,10.0
10,333,10.0
10,336,107.0
10,397,10.0
10,419,16.0
10,460,14.0
10,505,4958.95
10,539,10.0
10,563,10.0
10,564,41.0
10,569,114.0
10,574,14.0
10,591,10.0
10,603,6.0
10,704,2260.5
10,791,65.0
10,826,10.0
10,991,10.0
10,993,10.0
10,1008,51.0
10,1065,10.0
10,1091,10.0
10,1096,38.0
10,1140,24.0
10,1191,13.0
10,1193,13.0
10,1215,10.0
10,1221,10.0
10,1252,74.0
10,1287,728.0
10,1291,10.0
10,1340,12.0
12,49,10.0
12,74,55.0
12,75,495.0
12,80,28.7
12,108,11.0
12,132,8464.3
12,204,10.0
12,207,3951.55
12,209,8.0
12,212,132.0
12,213,1050.0
12,222,67.0
12,236,10.0
12,254,573.0
12,271,155.0
12,280,24.0
12,285,52.0
12,294,68.0
12,304,3.0
12,324,502.0
12,336,10.0
12,374,15.0
12,444,171.0
12,464,13.0
12,498,32.0
12,512,39.0
12,568,10.0
12,635,39.0
12,659,56.0
12,668,68.0
12,715,21.0
12,718,10.0
12,727,10.0
12,758,36.0
12,844,537.0
12,873,85.0
12,882,10.0
12,891,10.0
12,909,256.0
12,913,10.0
12,954,10.0
12,964,10.0
12,986,13.0
12,1023,24.0
12,1075,118.0
12,1140,9.0
12,1208,972.0
12,1287,10.0
12,1301,112.0
12,1349,10.0
12,1356,16.0
13,73,10.0
13,247,10680.55
13,302,194.0
13,368,10.0
13,387,11.0
13,503,10.0
13,540,39.0
13,626,11.0
13,715,10.0
13,729,6.0
13,890,11.0
13,904,10.0
13,949,4025.8
13,976,10.0
13,1004,15.0
13,1009,10.0
13,1241,11.0
13,1302,10.0
14,26,10.0
14,29,14.0
14,34,47.0
14,45,29.0
14,68,6879.5
14,80,25.0
14,87,16.0
14,185,14.0
14,186,44.0
14,204,61.0
14,211,4542.8
14,249,15.0
14,299,10.0
14,325,165.0
14,370,12.0
14,426,12.0
14,485,8318.85
14,528,10.0
14,532,52.0
14,563,10.0
14,591,22.0
14,715,10.0
14,791,10.0
14,802,2782.1
14,811,7634.5
14,827,10.0
14,948,14.0
14,994,7694.05
14,1004,17.0
14,1023,51.0
14,1113,30.0
14,1156,62.0
14,1326,91.0
15,130,11.0
15,138,10.0
15,318,10.0
15,347,15.0
15,442,10.0
15,536,10.0
15,548,12.0
15,580,10.0
15,708,11.0
15,719,2827.15
15,726,10.0
15,732,10.0
15,816,10.0
15,832,9180.3
15,835,10.0
15,858,11162.3
15,874,10.0
15,880,10.0
15,885,49.0
15,1063,10.0
15,1074,2387.25
15,1090,7505.9
15,1107,10.0
15,1307,10.0
15,1360,13.0
16,354,11.0
16,562,10.0
16,589,410.0
16,720,11.0
16,836,14.0
16,858,22.0
16,967,8089.25
16,1039,224.0
16,1101,10.0
16,1141,156.0
16,1338,16.0
16,1344,599.2
16,1357,203.0
17,20,18.0
17,40,12.0
17,172,10.0
17,201,33.0
17,209,43.0
17,211,10.0
17,232,20.0
17,244,10.0
17,385,18.0
17,506,10.0
17,507,67.0
17,558,65.0
17,604,18.0
17,642,10.0
17,654,10.0
17,711,13.0
17,808,10.0
17,897,10457.7
17,898,1288.0
17,947,265.65
17,953,4.0
17,997,3228.4
17,1032,4.0
17,1127,28.0
17,1140,28.0
17,1153,10.0
17,1156,10.0
17,1205,10.0
17,1208,21.0
17,1281,70.0
17,1286,5932.950000000001
17,1289,15.0
17,1302,19.0
18,22,13.0
18,37,3666.9
18,59,797.0
18,112,10.0
18,120,10.0
18,142,58.0
18,167,287.0
18,168,15.0
18,322,7.0
18,354,12.0
18,359,10.0
18,423,15.0
18,429,221.0
18,493,28.0
18,580,20.0
18,617,108.0
18,627,27.0
18,673,10.0
18,677,14.0
18,685,159.0
18,691,12.0
18,746,19.0
18,763,4890.95
18,772,227.0
18,813,20.0
18,836,738.95
18,967,12.0
18,981,12.0
18,984,10.0
18,1104,34.0
18,1135,3749.4
18,1178,10607.45
18,1184,6.0
18,1217,24.0
18,1229,16.0
18,1246,10.0
18,1338,13.0
18,1339,15.0
18,1346,10.0
19,27,75.0
19,76,33.0
19,121,58.0
19,195,10.0
19,222,39.0
19,280,27.0
19,306,5392.35
19,325,34.0
19,336,17.0
19,341,201.0
19,352,26.0
19,394,20.0
19,406,51.0
19,430,281.0
19,443,2041.8
19,483,10.0
19,486,10.0
19,497,1508.0
19,554,1813.0
19,592,6847.0
19,618,2529.0
19,634,12.0
19,641,601.0
19,656,271.0
19,668,70.0
19,701,10.0
19,771,1932.0
19,796,84.0
19,803,666.0
19,856,10.0
19,949,15.0
19,964,22.0
19,976,23.0
19,1053,1901.0
19,1058,6.0
19,1077,181.0
19,1270,218.0
19,1284,21.0
20,9,54.0
20,17,18.0
20,29,37.0
20,46,25.0
20,51,10.0
20,107,8508.4
20,127,10.0
20,151,249.0
20,244,10.0
20,260,12.0
20,272,449.0
20,275,10.0
20,315,10.0
20,345,10.0
20,375,12.0
20,425,16.0
20,464,10.0
20,503,20.0
20,529,29.0
20,557,1045.0
20,559,115.0
20,569,10.0
20,574,265.0
20,575,11.0
20,577,10.0
20,605,64.0
20,631,7697.8
20,666,7449.450000000001
20,690,75.0
20,770,521.0
20,771,15.0
20,803,3.0
20,806,5348.1
20,808,15.0
20,830,40.0
20,886,88.0
20,897,36.0
20,941,10.0
20,953,10.0
20,960,10.0
20,1106,10.0
20,1109,66.0
20,1133,21.0
20,1140,13.0
20,1161,58.0
20,1205,125.0
20,1270,87.0
20,1281,10.0
20,1290,10.0
20,1302,70.0
20,1305,32.0
22,18,13.0
22,25,10.0
22,69,972.0
22,91,11.0
22,96,25.0
22,158,356.0
22,165,34.0
22,168,234.0
22,177,335.0
22,192,692.0
22,218,2531.5
22,228,30.0
22,242,43.5
22,270,10.0
22,293,10.0
22,322,8104.95
22,393,11.0
22,414,21.0
22,546,35.0
22,573,276.5
22,579,10.0
22,592,40.0
22,596,14.0
22,688,10.0
22,730,10.0
22,836,17.0
22,920,10.0
22,922,10.0
22,956,7334.35
22,967,15.0
22,1003,13.2
22,1074,75.0
22,1128,10.0
22,1173,16.0
22,1223,10.0
22,1288,29.0
22,1325,10.0
23,41,10.0
23,60,10.0
23,73,13.0
23,117,10.0
23,121,10.0
23,131,14.0
23,178,4839.3
23,196,15.0
23,219,125.0
23,320,93.0
23,333,10.0
23,337,5477.8
23,343,10.0
23,349,10.0
23,353,61.0
23,362,14.0
23,397,54.0
23,456,10.0
23,460,3891.0
23,496,28.0
23,534,8450.35
23,550,10.0
23,610,10.0
23,614,17.0
23,621,1513.0
23,646,10.0
23,665,15.0
23,676,10.0
23,693,44.0
23,694,10.0
23,751,26.0
23,760,10.0
23,778,10.0
23,818,15.0
23,842,2166.0
23,845,11.0
23,903,27.0
23,908,10.0
23,926,10.0
23,931,527.0
23,948,10.0
23,979,10.0
23,989,14.0
23,993,15.0
23,1026,10.0
23,1032,24.0
23,1098,13.0
23,1154,10.0
23,1185,2476.65
23,1190,12.0
23,1199,74.0
23,1270,10.0
23,1287,10.0
23,1294,9.0
23,1311,10.0
23,1315,158.0
25,22,10.0
25,158,5.0
25,168,121.0
25,192,13.0
25,300,3696.0
25,399,1322.0
25,530,2536.0
25,555,30.0
25,639,31.0
25,747,49.0
25,805,40.0
25,854,17.0
25,874,2130.0
25,1030,26.5
25,1128,7103.35
25,1246,30.0
25,1358,17.0
26,14,10.0
26,36,4238.5
26,68,1413.5
26,80,13.0
26,108,10.0
26,127,15.0
26,191,10.0
26,211,6029.35
26,249,10.0
26,259,26.0
26,292,10.0
26,299,36.0
26,325,10.0
26,341,10.0
26,380,30.0
26,405,138.0
26,464,721.0
26,469,1126.0
26,471,25.0
26,485,1583.9
26,575,31.0
26,616,10.0
26,618,10.0
26,652,10.0
26,666,10.0
26,669,10.0
26,671,10.0
26,735,67.0
26,755,10.0
26,881,10.0
26,947,10.0
26,953,23.0
26,1054,13.0
26,1057,13.0
26,1084,41.0
26,1087,6.0
26,1115,3522.55
26,1197,1187.0
26,1221,20.0
26,1255,11.0
26,1257,10.0
26,1272,10.0
26,1320,6.0
27,19,75.0
27,32,10.0
27,56,10.0
27,75,1536.0
27,127,7066.1
27,164,10.0
27,172,10.0
27,222,27.0
27,295,10.0
27,406,67.0
27,407,10.0
27,409,68.0
27,482,122.0
27,512,10.0
27,636,10.0
27,730,10.0
27,852,10.0
27,872,10.0
27,882,14.0
27,945,3744.25
27,964,12.0
27,969,8.0
27,1058,79.0
27,1226,12.0
27,1240,1569.0
27,1265,3351.9500000000003
27,1273,30.0
27,1328,1372.2
28,1,7744.75
28,3,125.0
28,45,506.0
28,108,10.0
28,111,10.0
28,136,10.0
28,195,137.0
28,259,40.0
28,363,10.0
28,387,20.5
28,479,10.0
28,503,28.0
28,606,16.0
28,626,5.0
28,631,180.0
28,647,4061.9
28,682,1901.0
28,796,110.0
28,824,3.0
28,853,8685.8
28,940,9.0
28,945,36.0
28,953,5146.1
28,959,120.0
28,960,4001.45
28,970,61.0
28,1062,16.0
28,1094,10.0
28,1106,20.5
28,1112,8749.1
28,1168,10.0
29,9,15.0
29,14,14.0
29,20,37.0
29,61,149.0
29,121,10.0
29,123,10.0
29,131,48.0
29,179,20.0
29,186,10.0
29,241,10.0
29,265,41.0
29,314,10.0
29,323,19.0
29,368,10.0
29,371,30.0
29,550,3.0
29,567,5019.8
29,575,12.0
29,590,10.0
29,672,59.0
29,679,93.0
29,749,11.0
29,809,10.0
29,811,213.0
29,824,74.0
29,860,19.0
29,908,69.0
29,930,20.5
29,963,10.0
29,1001,58.0
29,1008,16.0
29,1049,6.0
29,1096,11.0
29,1142,10.0
29,1159,16.0
29,1161,9.0
29,1226,30.0
29,1270,10.0
29,1302,38.0
29,1304,10.0
29,1318,10.0
29,1326,128.0
29,1359,10.0
30,1,3121.6
30,45,27.0
30,86,958.75
30,136,4.0
30,243,210.0
30,319,10.0
30,504,43.05
30,545,2186.35
30,647,2869.0
30,780,10.0
30,868,377.0
30,869,38.0
30,957,10.0
30,1028,1965.2
30,1045,10.0
30,1235,73.0
30,1265,10.0
31,7,1048.55
31,118,12.0
31,126,10.0
31,136,10.0
31,189,6599.35
31,216,10.0
31,239,10.0
31,245,10.0
31,285,998.0
31,288,290.0
31,291,79.0
31,319,13.0
31,324,79.0
31,336,462.0
31,349,70.0
31,367,13.0
31,384,15.0
31,395,81.0
31,407,193.0
31,428,2617.15
31,435,44.0
31,451,29.0
31,484,10.0
31,573,263.0
31,577,1373.0
31,642,27.0
31,653,10.0
31,693,10.0
31,757,10.0
31,819,23.0
31,861,955.0
31,881,10.0
31,968,69.0
31,987,10.0
31,1019,10.0
31,1052,10688.05
31,1131,28.0
31,1257,33.0
31,1275,10.0
31,1316,10.0
32,1,11.0
32,27,10.0
32,39,24.0
32,56,10.0
32,74,10.0
32,143,323.0
32,207,11.0
32,219,16.0
32,222,286.0
32,299,2501.8
32,306,10.0
32,325,3953.55
32,370,10.0
32,382,6.0
32,411,10.0
32,434,10.0
32,452,175.0
32,477,13.0
32,513,15.0
32,586,10.0
32,588,10.0
32,616,83.0
32,665,12.0
32,710,6.0
32,711,15.0
32,728,10.0
32,798,6007.0
32,812,155.0
32,851,30.5
32,873,8884.5
32,882,240.0
32,886,376.0
32,950,250.0
32,976,10.0
32,994,10.0
32,1041,10.0
32,1043,26.5
32,1044,8284.0
32,1059,169.0
32,1064,14.0
32,1115,26.0
32,1154,76.0
32,1164,10.0
32,1209,10.0
32,1265,12.0
32,1312,206.0
32,1326,10.0
33,54,20.5
33,141,11.0
33,175,3954.1499999999996
33,205,2099.95
33,351,11.0
33,427,2150.45
33,454,7988.7
33,691,12.0
33,765,11.0
33,815,10797.5
33,851,169.0
33,856,11.0
33,892,18.0
33,1019,41.0
33,1101,252.0
33,1126,10.0
33,1168,26.0
33,1172,10.0
33,1251,10.0
33,1300,3316.0
34,14,47.0
34,45,60.0
34,80,211.0
34,110,10.0
34,118,44.0
34,123,193.5
34,136,6.0
34,143,10.0
34,201,10.0
34,207,119.0
34,234,10.0
34,299,24.0
34,325,53.0
34,352,240.15
34,397,15.0
34,405,10.0
34,470,26.5
34,471,1509.0
34,476,10.0
34,486,133.7
34,488,4914.7
34,532,2469.0
34,540,2529.15
34,714,2390.3
34,849,17.0
34,889,12.0
34,895,33.0
34,919,1371.0
34,921,10.0
34,948,59.0
34,961,214.0
34,965,10.0
34,1035,1889.0
34,1041,10.0
34,1058,10.0
34,1077,11.0
34,1127,10.0
34,1252,10.0
34,1256,23.0
34,1258,18.0
34,1298,101.0
34,1304,12.0
34,1323,10.0
36,26,4238.5
36,49,15.0
36,117,10.0
36,176,10.0
36,180,10.0
36,188,48.5
36,201,14.0
36,211,1036.6
36,363,14.0
36,369,10.0
36,375,624.0
36,382,3.0
36,385,290.0
36,405,8355.0
36,413,10.0
36,455,7562.35
36,538,218.0
36,558,10.0
36,590,42.0
36,598,10.0
36,634,10.0
36,642,19.0
36,652,10962.45
36,669,10.0
36,693,41.0
36,751,10.0
36,791,10.0
36,803,10.0
36,834,20.5
36,860,19.0
36,924,244.0
36,977,10.0
36,982,10.0
36,1001,10.0
36,1011,10.0
36,1042,20.5
36,1045,39.0
36,1087,22.0
36,1113,10.0
36,1115,28.0
36,1127,10.0
36,1139,10.0
36,1323,10.0
36,1335,48.0
36,1349,27.0
37,18,3666.9
37,69,10.0
37,120,3763.75
37,130,10.0
37,157,10.0
37,187,35.0
37,318,10.0
37,403,11.0
37,417,10.0
37,430,120.0
37,494,38.0
37,617,19.0
37,687,51.0
37,746,10.0
37,765,11.0
37,816,10.0
37,836,11008.15
37,868,10.0
37,920,10.0
37,956,23.0
37,967,10.0
37,1066,1103.0
37,1135,10.0
37,1145,78.0
37,1151,10.0
37,1178,3042.95
37,1223,63.0
37,1253,1398.0
37,1325,21.0
38,3,35.0
38,75,26.0
38,97,1326.3
38,103,11158.65
38,136,10.0
38,155,8.0
38,190,10.0
38,207,10.0
38,222,10.0
38,227,10.0
38,236,27.0
38,248,13.0
38,268,10.0
38,271,20.5
38,280,20.0
38,315,10.0
38,319,10.0
38,331,10.0
38,363,251.0
38,381,8293.5
38,387,286.0
38,389,510.2
38,406,53.0
38,464,10.0
38,466,14.0
38,479,73.0
38,497,10.0
38,498,14.0
38,500,337.0
38,512,36.0
38,526,24.0
38,529,284.0
38,537,48.0
38,585,149.4
38,649,12.0
38,699,61.0
38,709,38.0
38,748,15.0
38,756,10.0
38,757,206.0
38,785,660.0
38,810,10.0
38,834,10.0
38,861,27.0
38,882,12.0
38,893,10.0
38,901,20.5
38,905,35.0
38,965,15.0
38,987,10.0
38,1021,10.0
38,1027,10.0
38,1045,10.0
38,1051,19.0
38,1059,21.0
38,1143,10.0
38,1200,13.0
38,1225,13.0
38,1237,10.0
38,1265,12.0
38,1302,10.0
39,32,24.0
39,79,18.0
39,111,10.0
39,132,10.0
39,178,10.0
39,280,92.0
39,377,18.0
39,382,10.0
39,399,6.0
39,428,10.0
39,455,10.0
39,479,10.0
39,504,6.0
39,525,16.0
39,882,66.0
39,933,6803.25
39,943,843.0
39,965,1837.9
39,1009,6.0
39,1115,10.0
39,1215,12.0
39,1315,16.0
39,1335,10.0
39,1342,10.0
39,1349,10.0
40,17,12.0
40,78,10.0
40,215,10.0
40,271,28.0
40,303,8613.95
40,328,10.0
40,368,10.0
40,374,14.0
40,381,283.65
40,389,11017.35
40,440,8881.6
40,499,1422.0
40,521,15.0
40,524,10.0
40,623,671.0
40,699,49.0
40,735,450.0
40,739,3.0
40,751,43.0
40,809,3.0
40,859,10.0
40,906,3.0
40,916,26.0
40,939,10.0
40,998,8.0
40,1007,10.0
40,1045,26.0
40,1139,10.0
40,1150,10.0
40,1168,19.0
40,1180,10.0
40,1186,10.0
40,1290,16.0
40,1315,8.0
41,23,10.0
41,70,20.0
41,151,12.0
41,255,10.0
41,309,107.0
41,334,35.0
41,397,38.0
41,559,201.0
41,563,10.0
41,571,83.0
41,574,132.0
41,622,55.0
41,629,10.0
41,654,10.0
41,778,19.0
41,809,542.0
41,845,164.0
41,877,10.0
41,896,4316.35
41,903,7076.299999999999
41,906,61.0
41,993,94.0
41,1015,11.0
41,1026,10.0
41,1091,13.0
41,1113,7899.6
41,1143,635.0
41,1144,68.0
41,1146,115.0
41,1154,10.0
41,1155,161.0
41,1165,10.0
41,1166,124.0
41,1193,3453.0
41,1194,21.0
41,1203,15.0
41,1262,10.0
41,1265,71.0
41,1270,180.0
41,1287,10.0
41,1305,57.0
41,1312,10.0
44,114,724.0
44,131,11.0
44,258,1478.0
44,291,427.3
44,507,10.0
44,508,58.0
44,522,17.0
44,534,12.0
44,590,3086.35
44,607,1089.0
44,636,10.0
44,646,6026.2
44,679,10.0
44,791,10.0
44,817,29.0
44,842,10.0
44,907,4257.4
44,1053,10.0
44,1086,10.0
44,1294,22.0
45,14,29.0
45,28,506.0
45,30,27.0
45,34,60.0
45,87,10.0
45,101,49.0
45,107,10.0
45,124,1707.5
45,220,3796.45
45,306,18.0
45,482,3604.65
45,484,10.0
45,532,46.0
45,581,10.0
45,669,22.0
45,692,40.0
45,699,10.0
45,711,139.0
45,715,254.0
45,725,13.0
45,775,3.0
45,796,73.0
45,798,139.0
45,811,23.0
45,819,10.0
45,853,541.0
45,868,275.0
45,901,11.0
45,907,10.0
45,912,38.0
45,948,161.0
45,951,10.0
45,961,20.5
45,987,10.0
45,1041,10.0
45,1042,10.0
45,1062,42.0
45,1145,12.0
45,1164,10.0
45,1168,14.0
45,1180,26.0
45,1196,15.0
45,1209,10.0
45,1254,19.0
45,1273,11.0
45,1320,56.0
46,9,8319.0
46,20,25.0
46,73,20.5
46,86,10.0
46,107,10.0
46,122,22.0
46,125,1252.0
46,128,7.0
46,188,10.0
46,248,10.0
46,249,10.0
46,349,13.0
46,377,358.0
46,545,10.0
46,605,71.0
46,625,1648.0
46,692,10.0
46,782,10.0
46,838,5720.75
46,890,32.8
46,902,6204.75
46,913,209.7
46,942,2429.7
46,944,10.0
46,958,27.0
46,965,15.0
46,973,10.0
46,976,49.0
46,989,10.0
46,1013,18.0
46,1058,10.0
46,1109,78.0
46,1133,10.0
46,1154,10.0
46,1274,22.0
46,1290,34.0
46,1359,44.0
47,57,10.0
47,66,3503.95
47,128,10.0
47,153,150.0
47,167,10.0
47,173,10.0
47,210,20.0
47,296,74.0
47,317,68.0
47,354,10.0
47,458,10.0
47,463,11.0
47,493,96.0
47,523,10.0
47,578,3064.15
47,580,10.0
47,600,308.4
47,617,12.0
47,627,10.0
47,666,10.0
47,753,10.0
47,779,14.0
47,789,17.0
47,822,13.0
47,844,192.0
47,856,10782.35
47,862,73.0
47,891,50.0
47,992,5246.2
47,1075,150.0
47,1108,10.0
47,1172,45.0
47,1177,10.0
47,1187,10.0
47,1212,23.0
47,1348,184.0
48,96,1554.35
48,133,29.0
48,205,10.0
48,206,10.0
48,414,3630.6
48,617,10.0
48,667,18.0
48,922,10.0
48,1204,10.0
48,1218,6911.35
49,12,10.0
49,36,15.0
49,68,10.0
49,73,10.0
49,136,12.0
49,143,32.0
49,225,10.0
49,231,10.0
49,248,11.0
49,264,13.0
49,271,43.0
49,302,12.0
49,339,11.0
49,340,10.0
49,363,1970.2
49,365,24.0
49,397,10.0
49,440,11.0
49,512,40.0
49,541,23.0
49,568,11162.3
49,649,31.0
49,699,10.0
49,727,10.0
49,744,1692.05
49,756,12.0
49,795,10.0
49,819,10.0
49,851,36.0
49,859,3224.05
49,882,21.0
49,939,115.0
49,947,10.0
49,959,10.0
49,977,90.0
49,979,42.0
49,999,38.0
49,1062,12.0
49,1094,6.0
49,1099,21.0
49,1130,202.0
49,1139,10.0
49,1140,10.0
49,1146,20.0
49,1193,10.0
49,1221,13.0
49,1234,42.0
49,1241,104.0
49,1290,125.0
49,1301,6641.55
49,1322,434.0
49,1336,4145.4
50,131,10.0
50,176,20.0
50,239,174.0
50,241,3601.4
50,242,1662.0
50,246,10.0
50,264,32.8
50,278,339.0
50,304,10.0
50,311,20.5
50,316,3.0
50,353,26.0
50,386,10.0
50,391,938.0
50,405,21.0
50,443,24.0
50,496,56.9
50,508,42.0
50,542,19.0
50,567,90.0
50,579,1018.0
50,590,10.0
50,594,13.0
50,607,10.0
50,655,12.0
50,674,10.0
50,704,10.0
50,760,16.0
50,817,10.0
50,870,12.0
50,877,10.0
50,935,10.0
50,937,10.0
50,949,35.0
50,989,2966.8
50,1008,10.0
50,1018,10.0
50,1019,7.0
50,1049,7.0
50,1089,10.0
50,1191,17.0
50,1193,27.0
50,1194,36.0
50,1226,32.0
50,1259,11041.3
51,20,10.0
51,108,6331.0
51,124,7.0
51,146,13.0
51,175,35.0
51,190,65.0
51,195,5464.85
51,213,60.0
51,307,14.0
51,331,26.0
51,369,5176.2
51,386,83.0
51,404,10.0
51,409,12.0
51,416,87.0
51,435,57.0
51,464,6990.9
51,557,314.0
51,595,10.0
51,643,11.0
51,749,615.0
51,780,532.0
51,795,10.0
51,810,9736.9
51,867,1487.0
51,889,14.0
51,935,10.0
51,976,121.0
51,1053,296.0
51,1061,13.0
51,1208,50.0
51,1292,10.0
51,1359,10.0
52,1,18.0
52,184,99.0
52,227,10.0
52,260,30.0
52,275,90.0
52,295,5.0
52,340,63.0
52,370,11.0
52,409,14.0
52,425,24.0
52,426,27.0
52,455,8.0
52,618,551.0
52,620,160.0
52,690,20.0
52,701,442.0
52,710,231.0
52,744,485.0
52,754,10.0
52,838,22.0
52,859,467.0
52,867,24.0
52,869,658.0
52,878,10.0
52,882,10.0
52,893,11.0
52,905,27.0
52,913,16.0
52,944,19.0
52,959,61.0
52,994,10.0
52,1001,9.0
52,1032,6634.35
52,1053,13.0
52,1058,36.0
52,1156,10.0
52,1167,56.0
52,1225,40.0
52,1237,12.0
52,1264,14.0
52,1274,13.0
52,1290,10.0
52,1299,80.0
52,1311,10.0
52,1312,10.0
53,69,369.0
53,106,72.0
53,144,136.0
53,157,112.0
53,182,15.0
53,187,65.0
53,197,581.0
53,262,3892.7
53,357,10.0
53,415,10.0
53,421,24.0
53,427,204.0
53,445,506.0
53,493,51.0
53,514,10.0
53,548,6835.4
53,562,11.0
53,601,5467.45
53,664,30.0
53,688,94.0
53,717,9.0
53,811,10.0
53,823,11.0
53,825,10.0
53,955,10.0
53,1010,12.0
53,1024,36.0
53,1038,92.0
53,1113,10.0
53,1123,33.0
53,1126,12.0
53,1165,10.0
53,1198,10.0
53,1232,45.0
53,1253,22.0
54,33,20.5
54,69,10.0
54,77,20.5
54,115,10.0
54,121,133.0
54,126,13.0
54,144,70.0
54,175,4461.25
54,187,237.0
54,197,3.0
54,239,48.0
54,262,59.0
54,266,94.0
54,292,1720.1
54,322,22.0
54,366,10.0
54,372,18.0
54,373,6120.05
54,427,11156.3
54,430,10.0
54,492,10.0
54,514,11.0
54,555,2335.1
54,591,27.0
54,605,10.0
54,706,107.0
54,717,14.0
54,723,13.0
54,737,2890.95
54,985,10.0
54,1010,10.0
54,1067,137.0
54,1102,10.0
54,1175,15.0
54,1184,189.0
54,1282,9.0
54,1283,10.0
54,1300,4114.8
54,1339,86.0
55,64,4.0
55,91,10.0
55,130,3803.95
55,133,8482.1
55,177,88.0
55,223,40.0
55,228,10.0
55,238,7765.75
55,276,4211.4
55,394,53.0
55,403,10.0
55,433,3956.8
55,453,10.0
55,566,2120.45
55,624,10.0
55,644,10317.8
55,687,58.0
55,720,20.0
55,726,10.0
55,801,10.0
55,841,26.0
55,971,55.0
55,1214,12.0
55,1220,225.0
55,1231,3.0
56,27,10.0
56,32,10.0
56,123,10.0
56,176,6336.549999999999
56,180,10.0
56,181,71.0
56,183,3.0
56,184,10.0
56,186,2681.3
56,224,10.0
56,272,10.0
56,299,10.0
56,323,10.0
56,325,20.5
56,351,87.0
56,476,16.0
56,479,1429.4
56,503,10.0
56,524,10.0
56,544,10.0
56,564,10.0
56,598,12.0
56,605,16.0
56,606,10.0
56,711,867.7
56,715,20.5
56,729,10.0
56,755,2737.05
56,773,10.0
56,794,10.0
56,799,6743.6
56,812,39.0
56,824,20.0
56,849,10.0
56,851,10.0
56,882,17.0
56,915,10.0
56,947,52.0
56,951,21.0
56,1009,10.0
56,1136,10.0
56,1179,8.0
56,1190,13.0
56,1191,16.0
56,1239,10.0
56,1301,15.0
56,1358,10.0
57,47,10.0
57,98,6.15
57,142,330.0
57,197,10.0
57,202,15.0
57,228,3.0
57,262,14.0
57,266,5764.15
57,436,10.0
57,445,10.0
57,446,3818.7
57,448,9434.5
57,456,6832.0
57,523,26.0
57,552,10.0
57,578,14.0
57,589,20.0
57,650,10.0
57,674,10.0
57,685,10.0
57,702,3133.7
57,717,10.0
57,772,10.0
57,836,11.0
57,874,70.0
57,992,43.0
57,1000,20.0
57,1050,10.0
57,1069,29.0
57,1076,55.0
57,1122,24.0
57,1162,72.0
57,1288,26.5
57,1310,5884.8
57,1313,10.0
58,178,10798.1
58,179,29.0
58,257,10.0
58,288,20.0
58,311,1693.0
58,334,5368.85
58,395,4905.9
58,434,17.0
58,445,721.0
58,459,2862.4
58,486,10.0
58,496,10.0
58,522,10.0
58,564,26.0
58,585,13.0
58,616,10.0
58,620,10.0
58,621,2483.0
58,638,2562.7
58,643,13.0
58,663,13.0
58,744,13.0
58,779,287.0
58,844,466.0
58,860,157.0
58,924,10.0
58,1015,39.0
58,1027,32.0
58,1075,627.0
58,1115,10.0
58,1136,10.0
58,1143,149.0
58,1153,10.0
58,1179,325.0
58,1262,10.0
58,1287,72.0
58,1315,10.0
59,18,797.0
59,177,13.0
59,289,43.75
59,362,10.0
59,423,434.7
59,436,17.0
59,442,14.0
59,624,10.0
59,644,16.0
59,650,236.0
59,732,583.45
59,746,10.0
59,747,10.0
59,813,3542.4
59,822,10.0
59,828,1272.5
59,836,978.0
59,841,18.0
59,885,16.0
59,1010,134.0
59,1048,197.0
59,1055,235.0
59,1070,16.0
59,1108,134.95
59,1126,18.0
59,1192,10.0
59,1204,10.0
59,1220,10.0
59,1244,10872.6
59,1245,10.0
59,1279,257.0
60,23,10.0
60,79,2694.05
60,81,42.0
60,104,2052.1
60,151,1083.95
60,241,21.0
60,246,11.0
60,304,20.5
60,311,4577.2
60,367,429.0
60,374,10.0
60,411,10.0
60,503,143.0
60,513,72.0
60,522,7752.65
60,547,10.0
60,594,10.0
60,595,10.0
60,607,10.0
60,665,6.0
60,680,50.0
60,728,40.0
60,793,14.0
60,871,12.0
60,912,7.0
60,930,43.05
60,968,2863.95
60,976,211.0
60,989,26.5
60,1002,18.0
60,1088,21.0
60,1132,16.0
60,1263,534.0
60,1294,10.0
61,29,149.0
61,68,10.0
61,99,10.0
61,106,10.0
61,123,170.0
61,225,369.0
61,323,10.0
61,348,10.0
61,370,10.0
61,384,6.0
61,385,10.0
61,426,10.0
61,455,12.0
61,461,10.0
61,471,44.0
61,558,10.0
61,731,12.0
61,773,143.0
61,798,12.0
61,808,1982.35
61,811,10.0
61,812,103.0
61,847,69.0
61,918,72.0
61,972,10.0
61,978,19.0
61,987,10.0
61,1001,10598.7
61,1064,617.0
61,1117,208.0
61,1127,4912.3
61,1180,1582.05
61,1222,26.0
61,1258,12.0
61,1266,11.0
61,1293,779.0
61,1312,664.0
61,1349,14.0
63,5,12.0
63,66,14.0
63,89,4.0
63,128,49.0
63,298,34.0
63,301,5177.8
63,352,22.0
63,394,38.0
63,399,10.0
63,421,10.0
63,446,10.0
63,448,15.0
63,449,10.0
63,609,10.0
63,661,10.0
63,672,10.0
63,676,25.0
63,688,191.0
63,706,10.0
63,720,41.0
63,726,36.0
63,740,56.0
63,763,10.0
63,769,64.0
63,794,10.0
63,862,3.0
63,891,10.0
63,962,10.0
63,971,10955.4
63,995,11.0
63,1000,263.0
63,1003,10.0
63,1029,10.0
63,1037,10.0
63,1074,11.0
63,1086,10.0
63,1119,4262.9
63,1145,19.0
63,1158,10.0
63,1207,10.0
63,1238,10.0
63,1250,16.0
63,1314,2194.85
63,1355,10.0
64,55,4.0
64,65,107.5
64,128,10.0
64,182,10.0
64,188,21.0
64,226,16.0
64,228,14.0
64,262,10.0
64,470,10.0
64,493,73.0
64,519,9085.85
64,520,3321.55
64,548,31.0
64,565,7.0
64,573,100.0
64,681,38.0
64,687,8687.6
64,689,7139.55
64,702,16.0
64,955,10.0
64,1010,52.0
64,1012,7353.75
64,1031,10.0
64,1075,35.0
64,1085,10.0
64,1126,96.0
64,1177,6.0
64,1232,36.0
64,1248,11.0
64,1310,62.0
64,1313,19.0
64,1338,20.0
64,1360,21.0
65,64,107.5
65,100,12.0
65,106,3.0
65,128,18.0
65,144,10.0
65,152,9120.5
65,169,36.5
65,388,10.0
65,519,4204.35
65,548,25.0
65,556,29.0
65,595,14.0
65,601,111.0
65,678,34.0
65,689,10879.05
65,874,10.0
65,956,10.0
65,996,12.0
65,1017,4584.35
65,1075,25.0
65,1085,8131.25
65,1275,10.0
66,47,3503.95
66,63,14.0
66,96,25.0
66,98,48.0
66,161,10.0
66,177,60.0
66,206,6782.5
66,296,38.0
66,356,10.0
66,386,10.0
66,407,22.0
66,429,20.0
66,473,910.0
66,516,10.0
66,547,12.0
66,578,6314.4
66,580,1311.0
66,609,10691.3
66,664,10.0
66,677,37.0
66,688,187.0
66,772,24.0
66,788,10.0
66,813,140.0
66,956,10.0
66,992,6299.9
66,1069,10.0
66,1122,49.0
66,1148,10.0
66,1202,107.0
66,1212,10.0
66,1242,10.0
66,1276,4611.3
68,1,61.0
68,3,10.0
68,7,10.0
68,14,6879.5
68,26,1413.5
68,49,10.0
68,61,10.0
68,129,10.0
68,211,10544.75
68,338,21.0
68,383,29.0
68,405,11.0
68,413,147.0
68,450,10.0
68,476,10.0
68,485,310.0
68,486,10.0
68,616,10.0
68,626,924.0
68,632,11.0
68,652,6.0
68,721,10.0
68,788,10.0
68,811,7598.6
68,869,10.0
68,886,100.0
68,904,26.5
68,923,10.0
68,947,15.0
68,978,10.0
68,982,302.0
68,994,182.2
68,1042,4919.95
68,1109,10.0
68,1129,160.0
68,1161,11.0
68,1197,10.0
69,22,972.0
69,37,10.0
69,53,369.0
69,54,10.0
69,83,120.0
69,89,13.0
69,106,10.0
69,136,10.0
69,144,22.0
69,197,1432.0
69,242,10.0
69,253,10.0
69,322,49.5
69,373,2719.0
69,390,94.0
69,407,4049.85
69,427,14.0
69,445,300.0
69,494,36.0
69,514,14.0
69,558,10.0
69,573,4271.45
69,579,12.0
69,600,23.0
69,646,7.0
69,688,46.0
69,723,80.0
69,737,45.0
69,738,12.0
69,823,37.0
69,932,127.7
69,934,10.0
69,956,13.0
69,992,13.0
69,1003,636.1
69,1024,17.0
69,1025,1840.0
69,1074,21.0
69,1215,10.0
69,1231,1422.1
69,1245,10.0
69,1356,10.0
70,41,20.0
70,99,17.0
70,126,60.0
70,154,228.0
70,157,20.0
70,179,17.0
70,321,31.0
70,323,17.0
70,333,196.0
70,334,11030.8
70,386,25.0
70,395,2752.0499999999997
70,400,8713.4
70,419,10.0
70,467,10.0
70,505,11.0
70,534,42.0
70,603,10.0
70,695,10.0
70,735,81.0
70,739,10.0
70,752,377.0
70,761,10.0
70,790,294.0
70,826,27.0
70,894,28.0
70,906,10.0
70,924,10.0
70,952,10.0
70,968,14.0
70,971,11.0
70,1026,10.0
70,1083,17.0
70,1088,10.0
70,1110,375.0
70,1140,53.0
70,1142,328.0
70,1208,87.0
70,1235,34.0
70,1263,22.0
70,1287,10.0
70,1291,62.0
70,1311,11.0
71,160,10.0
71,213,15.0
71,221,82.0
71,329,57.0
71,331,10.0
71,482,45.0
71,575,9208.25
71,588,6.0
71,635,47.0
71,637,10.0
71,646,10.0
71,661,10.0
71,711,10.0
71,712,10.0
71,756,84.0
71,757,1809.85
71,824,19.0
71,833,10275.15
71,891,36.0
71,898,10.0
71,963,19.0
71,982,18.0
71,1009,7.0
71,1023,10.0
71,1047,3582.4
71,1061,48.0
71,1124,49.0
71,1147,52.0
71,1216,11.0
73,13,10.0
73,23,13.0
73,46,20.5
73,49,10.0
73,84,1272.85
73,149,7.0
73,247,12.0
73,250,1777.0
73,285,10.0
73,387,16.0
73,444,12.0
73,461,20.5
73,509,10.0
73,513,26.0
73,533,2731.2
73,632,7505.95
73,638,10.0
73,684,17.0
73,775,10.0
73,779,37.0
73,849,3.0
73,895,51.0
73,901,32.5
73,998,26.5
73,1006,1244.0
73,1028,13.0
73,1032,10.0
73,1109,7208.5
73,1139,10.0
73,1298,15.0
74,12,55.0
74,32,10.0
74,85,276.0
74,149,7.0
74,180,2113.95
74,183,277.0
74,207,15.0
74,227,13.0
74,295,93.0
74,314,49.0
74,325,30.5
74,375,14.0
74,385,7133.15
74,404,51.0
74,434,6.0
74,538,3.0
74,581,58.0
74,659,11.0
74,873,10899.4
74,881,10.0
74,944,11.0
74,1008,10.0
74,1043,8306.05
74,1044,3974.9
74,1106,4.0
74,1147,68.0
74,1160,35.0
74,1180,84.0
74,1258,10.0
74,1281,14.0
74,1356,14.0
75,9,10.0
75,12,495.0
75,27,1536.0
75,38,26.0
75,103,110.0
75,127,10.0
75,139,10.0
75,157,10.0
75,176,10.0
75,212,85.0
75,220,10.0
75,232,10.0
75,236,8437.35
75,340,783.0
75,372,12.0
75,375,175.0
75,379,25.0
75,413,10.0
75,455,10.0
75,459,10.0
75,466,11.0
75,479,11.0
75,484,75.0
75,498,10.0
75,512,24.0
75,526,10.0
75,529,269.0
75,532,8.0
75,536,17.0
75,557,233.0
75,584,10.0
75,602,10.0
75,626,92.0
75,699,925.85
75,709,26.0
75,714,10.0
75,733,20.5
75,736,11.0
75,755,17.0
75,775,10.0
75,796,12.0
75,812,10.0
75,854,41.0
75,861,6.0
75,871,10.0
75,872,10.0
75,905,12.0
75,913,97.0
75,1006,165.0
75,1011,10.0
75,1155,10.0
75,1185,11.0
75,1215,10.0
75,1221,10.0
75,1265,7037.05
75,1298,10.0
75,1328,121.0
75,1351,10.0
76,19,33.0
76,85,23.5
76,94,12.0
76,124,10.0
76,185,10.0
76,222,15.0
76,229,24.0
76,234,11.0
76,306,228.0
76,352,75.0
76,382,204.0
76,428,10.0
76,451,5188.3
76,465,46.0
76,476,26.0
76,483,123.0
76,635,28.0
76,696,257.0
76,701,30.0
76,721,8519.8
76,733,10.0
76,796,10.0
76,802,10.0
76,803,10.0
76,804,24.0
76,824,110.0
76,831,259.0
76,941,590.0
76,942,10.0
76,970,10.0
76,986,14.0
76,994,12.0
76,1004,4297.35
76,1021,10.0
76,1027,157.0
76,1080,10.0
76,1233,10.0
76,1286,2617.55
76,1328,22.0
77,54,20.5
77,292,7513.3
77,330,10.0
77,373,26.5
77,427,1991.45
77,530,10.0
77,649,20.5
77,700,43.0
77,874,10.0
77,894,3365.95
77,1030,10.0
77,1050,30.0
77,1107,1151.0
77,1192,10.0
77,1251,10663.3
77,1300,9694.35
77,1327,10.0
78,4,22.0
78,40,10.0
78,101,99.0
78,108,10.0
78,127,10.0
78,191,357.0
78,195,39.0
78,268,10.0
78,271,11.0
78,275,13.0
78,299,10.0
78,302,10.0
78,348,10.0
78,381,7.0
78,471,11.0
78,476,10.0
78,486,10.0
78,513,3611.95
78,568,10.0
78,604,10.0
78,626,50.0
78,631,11.0
78,692,30.5
78,790,3.0
78,804,10.0
78,806,286.0
78,867,318.0
78,886,42.0
78,913,103.0
78,915,10.0
78,921,10.0
78,947,10.0
78,959,10.0
78,977,11161.3
78,986,7054.15
78,1032,139.0
78,1082,13.0
78,1083,10.0
78,1153,600.0
78,1161,18.0
78,1181,6172.45
78,1196,5827.6
78,1206,2137.9
78,1225,86.0
78,1237,123.0
78,1274,6485.95
78,1277,158.0
78,1299,20.0
78,1312,24.0
79,39,18.0
79,60,2694.05
79,160,10.0
79,257,5957.0
79,263,10.0
79,311,10.0
79,316,13.0
79,343,10.0
79,395,599.5
79,437,14.0
79,444,8.0
79,502,17.0
79,511,10.0
79,522,3480.6
79,591,21.0
79,676,10.0
79,716,11.0
79,727,15.0
79,791,10.0
79,1210,26.0
79,1235,20.5
80,7,10.0
80,12,28.7
80,14,25.0
80,26,13.0
80,34,211.0
80,84,10.0
80,86,10.0
80,87,10825.35
80,94,17.0
80,139,10.0
80,183,10.0
80,186,7389.6
80,299,2786.0
80,325,40.0
80,387,10.0
80,413,61.0
80,469,25.0
80,471,10.0
80,499,12.0
80,512,10.0
80,531,10.0
80,532,25.0
80,604,10.0
80,613,10.0
80,623,10.0
80,656,12.0
80,666,10.0
80,669,10.0
80,676,88.0
80,711,3321.3
80,715,10796.65
80,733,10.0
80,804,38.0
80,848,26.5
80,942,10.0
80,965,3513.95
80,986,18.0
80,1041,103.0
80,1059,10.0
80,1083,20.5
80,1112,15.0
80,1115,1835.0
80,1156,10.0
80,1197,10.0
80,1292,8207.4
81,60,42.0
81,104,51.0
81,111,10.0
81,151,10.0
81,154,61.0
81,160,10.0
81,164,10.0
81,202,10.0
81,216,177.0
81,226,40.0
81,239,2106.5
81,243,98.0
81,246,30.0
81,252,10.0
81,264,27.0
81,265,60.0
81,291,10.0
81,303,22.0
81,304,30.0
81,311,305.0
81,320,188.0
81,328,19.0
81,362,22.0
81,388,11.0
81,412,130.0
81,438,15.0
81,476,95.0
81,542,8983.8
81,563,14.0
81,567,1773.0
81,572,10.0
81,574,10.0
81,594,13.0
81,603,26.5
81,638,26.0
81,643,95.0
81,651,10.0
81,694,10.0
81,725,81.0
81,738,110.0
81,757,96.0
81,760,10.0
81,761,8133.4
81,784,10.0
81,818,3064.5
81,907,15.0
81,937,10.0
81,947,56.0
81,952,10.0
81,972,25.0
81,985,14.0
81,988,4382.75
81,993,10.0
81,1002,17.0
81,1022,10.0
81,1065,10.0
81,1083,19.0
81,1089,22.0
81,1120,47.0
81,1132,10.0
81,1166,16.0
81,1182,3.0
81,1235,192.0
81,1275,10.0
81,1277,10.0
81,1291,27.0
81,1313,149.0
81,1335,10.0
83,69,120.0
83,88,1145.0
83,115,13.0
83,242,11.0
83,244,10.0
83,265,10.0
83,324,899.0
83,366,12.0
83,386,6.0
83,390,10.0
83,433,10.0
83,514,48.0
83,573,1365.0
83,657,10.0
83,664,80.0
83,681,12.0
83,717,18.0
83,738,160.0
83,829,12.0
83,990,38.0
83,1000,2616.15
83,1025,160.0
83,1033,77.0
83,1076,2057.55
83,1089,42.0
83,1119,28.0
83,1120,164.0
83,1126,43.0
83,1169,130.0
83,1174,11.0
83,1242,22.0
83,1271,10.0
83,1277,11.0
84,73,1272.85
84,80,10.0
84,232,10.0
84,280,18.0
84,379,10.0
84,381,194.0
84,409,10.0
84,486,20.0
84,499,193.0
84,533,10632.25
84,604,29.0
84,621,10.0
84,632,10.0
84,668,10.0
84,698,46.0
84,779,10.0
84,793,14.0
84,860,49.0
84,869,4881.6
84,878,68.0
84,882,32.0
84,913,34.0
84,924,10.0
84,953,17.0
84,998,26.5
84,999,10.0
84,1006,121.0
84,1035,15.0
84,1051,10.0
84,1111,532.0
84,1211,10.0
84,1245,17.0
85,74,276.0
85,76,23.5
85,94,6585.45
85,109,7574.0
85,183,11143.9
85,281,9333.3
85,331,82.0
85,413,10.0
85,443,10.0
85,451,13.0
85,486,26.5
85,544,215.0
85,616,12.0
85,632,10.0
85,715,40.0
85,796,319.0
85,804,10.0
85,824,13.0
85,831,4.0
85,873,488.0
85,923,133.0
85,928,42.4
85,941,4150.35
85,948,12.0
85,987,105.0
85,1027,20.5
85,1106,10.0
87,4,10.0
87,14,16.0
87,45,10.0
87,80,10825.35
87,127,10.0
87,249,11.0
87,262,10.0
87,299,10815.0
87,381,10.0
87,408,11.0
87,413,54.0
87,452,10.0
87,469,39.0
87,499,37.0
87,532,11.0
87,613,10.0
87,711,1311.4
87,715,2842.0
87,733,10.0
87,749,10.0
87,798,4453.55
87,812,10.0
87,827,10.0
87,882,10.0
87,994,10.0
87,1004,10.0
87,1051,10.0
87,1059,10.0
87,1065,3.0
87,1083,10.0
87,1094,10.0
87,1112,12.0
87,1115,2058.0
87,1181,10.0
87,1216,10.0
87,1225,10.0
87,1273,10.0
87,1292,7861.7
87,1298,11.0
87,1303,12.0
87,1320,10.0
87,1328,10.0
88,83,1145.0
88,187,982.0
88,197,10.0
88,202,32.0
88,228,10.0
88,238,10.0
88,274,10.0
88,285,10.0
88,334,10.0
88,339,70.0
88,383,10.0
88,392,4368.0
88,435,5797.15
88,441,11.0
88,511,1350.4
88,523,10.0
88,573,1850.0
88,579,136.0
88,648,17.0
88,730,3617.0
88,761,11.0
88,819,153.0
88,844,10.0
88,910,10.0
88,914,10.0
88,967,28.0
88,976,10.0
88,1018,166.0
88,1029,1148.4
88,1066,10.0
88,1098,10.0
88,1142,10.0
88,1224,203.0
88,1228,10.0
88,1240,10.0
88,1288,20.5
88,1294,10.0
88,1310,25.0
88,1314,11.0
88,1321,101.0
88,1323,10.0
88,1339,26.5
88,1345,12.0
89,63,4.0
89,69,13.0
89,114,587.0
89,121,28.0
89,126,6670.2
89,169,10978.75
89,187,6284.05
89,202,444.0
89,245,14.0
89,305,3783.1
89,312,10.0
89,315,157.0
89,316,10.0
89,448,71.0
89,520,10.0
89,523,64.0
89,553,10.0
89,565,10.0
89,582,15.0
89,616,13.0
89,678,11.0
89,704,55.0
89,719,13.0
89,730,10.0
89,823,51.0
89,976,10.0
89,1085,1915.15
89,1102,15.0
89,1154,10.0
89,1208,10.0
89,1216,15.0
89,1278,5659.85
91,5,3.0
91,22,11.0
91,55,10.0
91,96,10594.2
91,98,10.0
91,115,14.0
91,120,10.0
91,137,35.0
91,138,10.0
91,173,16.0
91,200,3806.7999999999997
91,228,9129.25
91,253,10.0
91,332,16.0
91,356,10.0
91,357,116.0
91,386,10.0
91,394,12.0
91,414,10061.1
91,441,10.0
91,456,12.0
91,553,25.0
91,600,10.0
91,617,141.0
91,660,10.0
91,678,178.0
91,685,18.0
91,689,10.0
91,726,10.0
91,765,10.0
91,956,10.0
91,974,18.0
91,981,55.0
91,984,256.0
91,1069,52.0
91,1126,10.0
91,1204,10.0
91,1220,14.0
94,76,12.0
94,80,17.0
94,85,6585.45
94,110,45.0
94,181,694.95
94,183,7344.950000000001
94,186,10.0
94,196,586.0
94,281,10746.55
94,312,3.0
94,375,209.0
94,440,21.0
94,451,217.0
94,469,28.0
94,471,10.0
94,476,18.0
94,484,10.0
94,532,10.0
94,588,15.0
94,698,13.0
94,721,116.0
94,758,10.0
94,775,823.6
94,831,10.0
94,893,10.0
94,925,28.0
94,947,42.0
94,951,17.0
94,1004,20.5
94,1057,141.0
94,1060,2205.5
94,1084,10.0
94,1109,24.0
94,1156,29.0
94,1161,10.0
94,1252,10.0
94,1255,10.0
94,1270,10.0
94,1273,11.0
94,1303,10.0
95,5,593.0
95,167,10.0
95,173,4101.15
95,202,20.0
95,210,10.0
95,236,10.0
95,254,10.0
95,266,10.0
95,270,119.0
95,324,93.0
95,335,16.0
95,356,10.0
95,420,68.0
95,487,10.0
95,491,10.0
95,514,5.0
95,519,14.0
95,520,10.0
95,573,20.0
95,578,10.0
95,580,36.0
95,596,10.0
95,600,4169.1
95,660,10.0
95,661,2485.7
95,662,10.0
95,681,10.0
95,745,10.0
95,789,10.0
95,820,10.0
95,822,12.0
95,835,42.0
95,844,16.0
95,864,743.15
95,946,1081.0
95,975,10.0
95,1012,11.0
95,1069,195.0
95,1075,12.0
95,1090,10.0
95,1091,10.0
95,1102,80.0
95,1108,50.0
95,1116,7.0
95,1162,13.0
95,1188,121.0
95,1198,10.0
95,1212,10720.1
95,1223,224.45
95,1275,10.0
95,1307,72.0
95,1310,71.0
95,1313,34.0
95,1314,14.0
95,1321,1486.0
95,1346,30.0
95,1360,10.0
95,1363,10.0
96,22,25.0
96,48,1554.35
96,66,25.0
96,91,10594.2
96,130,26.0
96,137,305.0
96,200,11.0
96,226,10.0
96,228,1350.0
96,266,10.0
96,305,278.0
96,332,10.0
96,335,2660.45
96,339,11.0
96,410,22.55
96,414,9021.95
96,424,37.0
96,430,14.0
96,439,10.0
96,448,64.0
96,449,10.0
96,473,10.0
96,492,10.0
96,494,13.0
96,566,32.0
96,614,10.0
96,624,26.0
96,678,52.0
96,706,70.0
96,719,13.0
96,730,19.0
96,746,10.0
96,789,9.0
96,794,10.0
96,820,272.65
96,823,17.0
96,864,10.0
96,885,11.0
96,894,10.0
96,981,205.0
96,983,10.0
96,984,109.0
96,995,10.0
96,1069,10.0
96,1145,10.0
96,1184,14.0
96,1214,10.0
96,1220,10.0
96,1229,10.0
96,1339,10.0
97,38,1326.3
97,103,49.0
97,143,10.0
97,187,10.0
97,196,11.0
97,212,10.0
97,286,10.0
97,315,36.0
97,345,56.0
97,425,42.0
97,451,13.0
97,469,85.0
97,513,66.0
97,531,6.0
97,540,10.0
97,568,19.0
97,602,26.0
97,605,17.0
97,606,19.0
97,653,13.0
97,668,13.0
97,749,13.0
97,758,10.0
97,771,52.0
97,785,58.0
97,804,10.0
97,818,10.0
97,851,62.0
97,860,18.0
97,871,16.0
97,902,12.0
97,941,386.0
97,942,10.0
97,970,10.0
97,976,12.0
97,997,12.0
97,1022,72.0
97,1027,201.0
97,1049,15.0
97,1080,1829.0
97,1099,10.0
97,1109,13.0
97,1111,23.0
97,1133,28.0
97,1155,10.0
97,1159,48.0
97,1179,229.0
97,1197,41.0
97,1233,18.0
97,1252,10.0
97,1290,13.0
97,1349,12.0
98,57,6.15
98,66,48.0
98,91,10.0
98,177,29.0
98,206,15.0
98,228,10.0
98,296,2770.5
98,317,10.0
98,356,11161.3
98,362,31.0
98,435,20.0
98,446,843.0
98,448,2999.35
98,478,10.0
98,492,6.0
98,493,10.0
98,515,11.0
98,553,2749.4
98,556,10.0
98,566,16.0
98,589,10.0
98,609,274.0
98,612,11.0
98,627,10.0
98,678,9793.5
98,740,51.15
98,854,10.0
98,1012,7.95
98,1044,10.0
98,1104,10.0
98,1116,21.0
98,1122,75.0
98,1202,100.5
98,1228,20.5
98,1244,10.0
98,1253,10.0
98,1283,56.0
98,1307,16.0
98,1317,10.0
98,1331,10.0
98,1345,42.5
99,10,26.0
99,61,10.0
99,70,17.0
99,125,17.0
99,154,139.0
99,157,11.0
99,199,2040.0
99,233,32.8
99,239,26.5
99,262,17.0
99,291,14.0
99,294,10.0
99,306,49.0
99,315,12.0
99,321,6591.3
99,336,97.0
99,353,8849.15
99,384,10.0
99,388,36.0
99,411,7745.4
99,419,146.0
99,461,12.0
99,467,280.0
99,477,844.15
99,540,10.0
99,541,10.0
99,558,16.0
99,584,10.0
99,595,8485.5
99,603,12.0
99,611,40.0
99,616,10.0
99,639,6.0
99,651,48.0
99,653,10.0
99,717,91.0
99,735,44.0
99,738,48.0
99,761,54.0
99,968,278.55
99,989,11.0
99,1080,10.0
99,1145,10.0
99,1154,10.0
99,1186,17.0
99,1193,10.0
99,1194,71.0
99,1259,10.0
99,1265,12.0
99,1287,37.0
100,65,12.0
100,120,71.0
100,130,35.0
100,134,24.0
100,158,10.0
100,177,9368.45
100,226,7.0
100,266,289.0
100,270,806.0
100,282,14.0
100,290,15.0
100,300,318.0
100,332,21.0
100,423,42.0
100,442,6700.95
100,457,30.0
100,551,24.6
100,562,10.0
100,745,21.0
100,801,3371.6
100,813,10.0
100,820,10.0
100,885,30.0
100,899,26.0
100,990,10.0
100,1006,20.5
100,1031,10.0
100,1055,17.0
100,1108,17.0
100,1116,961.0
100,1162,218.0
100,1231,56.0
100,1242,10.0
100,1245,28.0
100,1250,10.0
100,1338,8208.7
100,1343,7910.75
100,1353,41.0
100,1360,10.0
101,4,49.0
101,45,49.0
101,78,99.0
101,122,3054.5
101,123,38.0
101,227,2459.0
101,268,10.0
101,274,12.0
101,351,10.0
101,392,14.0
101,406,10.0
101,409,20.5
101,618,7960.65
101,626,40.0
101,669,10.0
101,711,45.0
101,778,61.0
101,798,10.0
101,867,125.0
101,886,5073.15
101,912,72.0
101,948,10.0
101,959,39.0
101,994,46.0
101,1011,4118.35
101,1032,157.0
101,1053,8573.4
101,1115,10.0
101,1131,26.5
101,1151,10.0
101,1167,18.0
101,1225,127.0
101,1237,129.0
101,1299,251.0
102,126,10.0
102,184,552.0
102,189,10701.5
102,219,10.0
102,273,53.0
102,280,10.0
102,380,3.0
102,443,2079.0
102,460,10.0
102,465,592.05
102,469,24.0
102,559,86.0
102,574,95.0
102,577,683.0
102,622,215.0
102,651,71.0
102,725,97.0
102,860,266.0
102,865,1742.1000000000001
102,872,15.0
102,906,224.0
102,966,15.0
102,1166,12.0
102,1197,10.0
102,1234,10.0
102,1257,9874.55
102,1286,15.0
102,1342,78.0
103,38,11158.65
103,75,110.0
103,97,49.0
103,126,10.0
103,190,10.0
103,195,10.0
103,227,23.0
103,236,10.0
103,248,10.0
103,271,27.0
103,295,12.0
103,352,13.0
103,374,36.0
103,387,305.0
103,441,10.0
103,466,10.0
103,479,93.0
103,498,39.0
103,500,324.0
103,512,21.0
103,526,13.0
103,537,11.0
103,585,7377.9
103,668,16.0
103,699,12.0
103,709,10.0
103,748,25.0
103,757,10.0
103,785,692.0
103,809,10.0
103,810,10.0
103,861,19.0
103,898,10.0
103,901,94.3
103,905,11.0
103,965,354.0
103,969,12.0
103,978,10.0
103,1058,10.0
103,1179,10.0
103,1208,10.0
103,1265,10.0
103,1291,10.0
103,1292,37.0
103,1349,728.0
104,60,2052.1
104,81,51.0
104,111,72.0
104,140,10.0
104,164,10.0
104,216,174.0
104,229,10.0
104,255,10.0
104,258,10.0
104,265,11.0
104,311,1410.9
104,315,26.0
104,321,7946.0
104,467,8051.0
104,505,44.0
104,522,379.25
104,559,59.0
104,560,10.0
104,567,65.0
104,586,15.0
104,594,120.0
104,595,10.0
104,602,10.0
104,610,15.0
104,643,84.0
104,646,10.0
104,716,31.0
104,757,119.0
104,791,10.0
104,817,10.0
104,845,45.0
104,907,10.0
104,930,99.0
104,968,6652.95
104,1002,10.0
104,1022,191.0
104,1065,62.0
104,1118,10.0
104,1132,10.0
104,1190,70.0
104,1259,26.5
106,53,72.0
106,61,10.0
106,65,3.0
106,69,10.0
106,110,10.0
106,197,13.0
106,245,6139.35
106,384,45.0
106,514,5606.8
106,528,10.0
106,548,10.0
106,601,10021.7
106,729,10.0
106,772,52.0
106,991,270.0
106,1025,1959.5
106,1165,19.0
106,1221,14.0
106,1316,184.0
106,1326,10.0
107,1,22.0
107,20,8508.4
107,45,10.0
107,46,10.0
107,227,7510.7
107,340,15.0
107,425,34.0
107,483,10.0
107,497,10.0
107,503,49.0
107,605,10.0
107,631,11.0
107,663,10.0
107,666,9990.9
107,690,6.0
107,715,12.0
107,754,3429.6
107,770,13.0
107,771,17.0
107,806,10.0
107,852,10.0
107,933,20.5
107,958,10.0
107,960,18.0
107,976,11.0
107,1082,31.0
107,1084,10.0
107,1111,443.0
107,1131,14.0
107,1167,3.0
107,1225,7843.049999999999
107,1274,34.0
107,1299,28.0
107,1355,890.4
108,12,11.0
108,26,10.0
108,28,10.0
108,51,6331.0
108,78,10.0
108,155,59.0
108,190,504.3
108,268,46.0
108,294,12.0
108,340,10.0
108,387,44.0
108,464,10520.3
108,529,10.0
108,531,903.65
108,537,69.0
108,682,51.0
108,727,19.0
108,751,29.0
108,853,10.0
108,959,74.0
108,1205,17.0
108,1264,14.0
109,85,7574.0
109,113,10.0
109,172,20.0
109,385,16.0
109,404,10.0
109,451,10.0
109,485,10.0
109,502,10.0
109,538,35.0
109,698,182.0
109,714,18.0
109,796,10.0
109,812,26.0
109,824,26.5
109,866,10.0
109,928,1626.0
109,941,2916.25
109,993,10.0
109,1001,10.0
109,1004,10676.65
109,1027,2286.95
109,1060,10.0
109,1115,169.0
109,1215,156.0
109,1309,369.0
109,1312,23.0
110,34,10.0
110,94,45.0
110,106,10.0
110,114,23.0
110,181,432.1
110,278,10.0
110,281,389.0
110,306,20.5
110,348,43.0
110,408,10.0
110,429,12.0
110,486,2012.45
110,506,15.0
110,581,1860.0
110,588,20.0
110,634,10.0
110,671,3945.55
110,714,6982.65
110,867,107.0
110,881,21.0
110,898,15.0
110,925,10.0
110,1060,9965.45
110,1082,1015.05
110,1188,10.0
110,1225,12.0
110,1301,10.0
111,28,10.0
111,39,10.0
111,81,10.0
111,104,72.0
111,132,1207.0
111,151,70.0
111,246,41.0
111,251,195.0
111,312,10.0
111,338,2338.85
111,382,10.0
111,412,10.0
111,443,64.0
111,451,14.0
111,505,10.0
111,508,1306.0
111,572,9692.75
111,577,10.0
111,587,174.0
111,642,102.0
111,671,40.0
111,713,10.0
111,824,19.0
111,848,20.5
111,919,13.0
111,925,10.0
111,930,10.0
111,937,28.0
111,999,10.0
111,1022,55.0
111,1065,101.0
111,1091,1193.0
111,1098,98.0
111,1105,12.0
111,1190,23.0
112,18,10.0
112,130,49.0
112,167,10.0
112,173,10.0
112,177,15.0
112,224,20.5
112,256,14.0
112,276,10.0
112,360,33.0
112,394,5730.1
112,410,10.0
112,433,10.0
112,463,10.0
112,491,20.5
112,520,23.0
112,630,1890.0
112,673,10.0
112,683,291.0
112,705,3404.1
112,720,50.0
112,726,169.15
112,836,2899.1
112,868,31.0
112,885,21.0
112,1050,13.0
112,1067,10.0
112,1074,10.0
112,1189,13.0
112,1220,1528.0
112,1223,10.0
112,1250,50.0
112,1321,10.0
112,1363,7316.55
113,109,10.0
113,172,13.0
113,184,10.0
113,224,10.0
113,273,649.85
113,275,10.0
113,325,10.0
113,329,10.0
113,334,12.0
113,375,79.0
113,380,26.5
113,434,26.0
113,466,10.0
113,482,12.0
113,507,157.0
113,588,3177.05
113,598,4524.55
113,637,51.0
113,658,10.0
113,775,10.0
113,799,18.0
113,847,10.0
113,851,10.0
113,871,2633.45
113,943,2803.85
113,961,10.0
113,1022,14.0
113,1065,3.0
113,1072,81.0
113,1084,2888.35
113,1117,56.5
113,1121,10.0
113,1168,10.0
113,1179,10.0
113,1197,10.0
113,1236,20.0
113,1298,10.0
113,1326,6873.1
113,1349,3.0
114,44,724.0
114,89,587.0
114,110,23.0
114,117,38.0
114,121,54.0
114,169,495.0
114,179,18.0
114,199,34.0
114,241,10.0
114,267,10.0
114,291,6491.4
114,315,21.0
114,388,18.0
114,390,23.0
114,567,17.0
114,591,3.0
114,603,128.0
114,607,7245.400000000001
114,616,344.0
114,657,21.0
114,665,2683.0
114,672,10.0
114,704,222.0
114,716,13.0
114,870,10.0
114,898,423.0
114,903,176.0
114,907,991.0
114,910,10.0
114,937,15.0
114,954,10.0
114,1114,42.0
114,1154,411.0
114,1158,10.0
114,1275,92.0
114,1323,10.0
115,54,10.0
115,83,13.0
115,91,14.0
115,123,10.0
115,206,10.0
115,213,96.0
115,262,20.0
115,301,10.0
115,347,10.0
115,386,10489.5
115,392,1245.0
115,407,14.0
115,414,10.0
115,416,192.0
115,494,10.0
115,511,12.0
115,514,1254.0
115,539,13.0
115,578,10.0
115,595,10.0
115,596,8222.1
115,686,13.0
115,724,15.0
115,730,10.0
115,761,22.0
115,769,10.0
115,790,16.0
115,962,243.8
115,1011,10.0
115,1025,650.0
115,1050,10.0
115,1064,10.0
115,1116,18.0
115,1119,43.0
115,1126,11.0
115,1158,10.0
115,1188,10.0
115,1202,10.0
115,1208,191.0
115,1275,33.0
116,138,23.0
116,245,10.0
116,300,10.0
116,383,167.85
116,418,26.5
116,432,10.0
116,454,10.0
116,523,6135.0
116,573,21.0
116,579,10.0
116,593,10848.3
116,629,10.0
116,670,10.0
116,674,15.0
116,686,10.0
116,700,10.0
116,805,12.0
116,836,10.0
116,854,10.0
116,1046,11.0
116,1093,94.0
116,1148,11.0
116,1204,18.0
116,1220,7721.0
116,1229,13.0
116,1232,10.0
116,1246,25.0
116,1357,10.0
117,10,2490.1
117,23,10.0
117,36,10.0
117,114,38.0
117,199,13.0
117,337,10.0
117,345,10.0
117,388,29.0
117,563,5641.95
117,613,145.0
117,679,107.0
117,729,27.0
117,872,412.0
117,1051,10.0
118,7,193.0
118,31,12.0
118,34,44.0
118,201,1019.85
118,236,10.0
118,302,10.0
118,331,10.0
118,348,4983.35
118,365,3.0
118,428,255.0
118,488,10878.2
118,613,21.0
118,653,183.5
118,663,15.0
118,696,20.0
118,773,18.0
118,802,244.0
118,808,11.0
118,823,3.0
118,827,93.5
118,831,42.0
118,875,14.0
118,881,188.1
118,919,10.0
118,923,111.0
118,994,137.0
118,1019,10.0
118,1035,2697.3
118,1052,10.0
118,1077,6.0
118,1079,10.0
118,1136,10.0
118,1154,12.0
118,1199,7225.1
118,1233,10.0
119,9,10.0
119,154,1323.0
119,157,6214.15
119,162,10.0
119,249,57.4
119,251,706.0
119,288,13.0
119,309,10.0
119,314,806.0
119,316,13.0
119,319,7.0
119,339,10.0
119,343,10.0
119,374,20.5
119,411,10.0
119,419,54.0
119,503,119.0
119,508,538.6
119,584,11162.3
119,626,6.0
119,655,34.0
119,735,6.0
119,795,26.5
119,826,10.0
119,836,23.0
119,891,335.0
119,914,20.0
119,976,235.0
119,1018,2532.25
119,1193,141.0
119,1194,103.0
119,1225,10.0
119,1273,743.0
119,1275,7.0
119,1291,11.0
119,1319,10.0
120,18,10.0
120,37,3763.75
120,91,10.0
120,100,71.0
120,133,116.0
120,144,10.0
120,205,3.0
120,218,8.0
120,277,13.0
120,282,39.0
120,289,15.0
120,293,16.0
120,360,23.0
120,573,19.0
120,576,14.0
120,617,10677.55
120,630,10.0
120,660,15.0
120,684,6.0
120,702,10.0
120,705,10.0
120,726,10.0
120,813,1542.0
120,822,12.0
120,836,1287.65
120,856,14.0
120,880,10.0
120,922,19.0
120,1031,37.0
120,1066,1579.1
120,1068,26.5
120,1104,4034.55
120,1116,6.0
120,1162,10.0
120,1178,35.0
120,1229,10.0
120,1246,10.0
120,1250,16.0
120,1344,10.0
120,1353,47.0
121,19,58.0
121,23,10.0
121,29,10.0
121,54,133.0
121,89,28.0
121,114,54.0
121,144,276.0
121,169,38.0
121,246,12.0
121,312,42.0
121,325,31.0
121,395,10.0
121,400,14.0
121,413,11.0
121,427,141.0
121,438,12.0
121,496,10.0
121,522,18.0
121,567,9337.5
121,594,26.5
121,694,83.0
121,817,15.0
121,826,10.0
121,833,10.0
121,870,205.0
121,888,185.0
121,930,5854.9
121,976,4.0
121,1002,2460.4
121,1086,39.0
121,1088,10.0
121,1098,14.0
121,1113,39.0
121,1114,362.0
121,1132,5113.599999999999
121,1140,10.0
121,1144,10.0
121,1154,49.0
121,1185,25.0
121,1191,10.0
121,1273,42.0
121,1281,10.0
121,1308,7.0
122,46,22.0
122,101,3054.5
122,128,10.0
122,186,262.0
122,236,72.0
122,294,10.0
122,340,3616.2
122,405,10.0
122,406,48.0
122,428,17.0
122,482,31.0
122,529,24.0
122,531,33.0
122,550,10.0
122,625,190.0
122,649,10.0
122,775,10.0
122,852,72.0
122,882,24.0
122,886,8003.0
122,905,154.0
122,928,10.0
122,947,8.0
122,958,8703.4
122,982,226.0
122,986,54.0
122,1013,73.0
122,1027,18.0
122,1044,10.0
122,1047,10.0
122,1053,1764.45
122,1058,96.0
122,1121,1206.0
122,1124,32.0
122,1256,3669.3
122,1265,192.0
122,1274,24.0
122,1335,10.0
123,29,10.0
123,34,193.5
123,56,10.0
123,61,170.0
123,101,38.0
123,115,10.0
123,139,19.0
123,248,27.0
123,265,16.0
123,416,185.0
123,476,10.0
123,488,54.8
123,524,10.0
123,532,21.0
123,569,10.0
123,613,10.0
123,654,10.0
123,661,10.0
123,672,54.0
123,692,115.0
123,751,13.0
123,775,19.0
123,798,10.0
123,804,10.0
123,851,10.0
123,868,10.0
123,897,10.0
123,910,10.0
123,914,17.0
123,919,7158.85
123,947,5219.75
123,1001,139.0
123,1009,15.0
123,1079,45.0
123,1156,11.0
123,1196,36.0
123,1199,9163.65
123,1208,206.0
123,1304,10.0
124,45,1707.5
124,51,7.0
124,76,10.0
124,172,13.0
124,204,17.0
124,216,16.0
124,220,39.0
124,352,7715.05
124,371,10.0
124,384,10.0
124,389,13.0
124,404,195.0
124,450,27.0
124,451,10.0
124,476,44.0
124,482,8104.7
124,483,20.5
124,486,3.0
124,502,408.0
124,540,3589.9
124,544,10.0
124,573,69.0
124,625,10.0
124,698,10.0
124,712,18.0
124,755,10.0
124,775,6.0
124,804,18.0
124,805,10.0
124,827,54.0
124,834,64.0
124,889,11162.3
124,922,11.0
124,924,10.0
124,928,10.0
124,947,142.0
124,951,11.0
124,978,12.0
124,1043,84.0
124,1044,10.0
124,1139,17.0
124,1168,10.0
124,1180,10.0
124,1190,9.0
124,1225,10.0
124,1234,46.0
124,1250,44.0
124,1254,23.0
124,1312,22.0
124,1326,70.0
124,1342,12.0
125,9,10.0
125,46,1252.0
125,99,17.0
125,248,10.0
125,272,10.0
125,294,12.0
125,315,10.0
125,374,10.0
125,425,6114.45
125,440,47.0
125,450,39.0
125,520,10.0
125,538,10.0
125,557,124.0
125,625,4798.65
125,654,10.0
125,780,36.0
125,790,10.0
125,834,10.0
125,838,10.0
125,851,10.0
125,869,3.0
125,923,10.0
125,942,1796.8
125,949,130.0
125,1011,128.0
125,1041,10.0
125,1043,10.0
125,1054,13.0
125,1099,5144.849999999999
125,1132,10.0
125,1168,24.0
125,1186,10615.4
125,1284,10.0
126,31,10.0
126,54,13.0
126,70,60.0
126,89,6670.2
126,102,10.0
126,103,10.0
126,169,10.0
126,187,59.7
126,197,13.0
126,253,7.0
126,254,12.0
126,264,10.0
126,305,7278.9
126,334,17.0
126,366,10.0
126,414,5.0
126,427,10.0
126,448,10.0
126,510,11.0
126,522,472.0
126,532,20.5
126,547,13.0
126,553,10.0
126,571,10.0
126,573,13.0
126,614,2330.95
126,651,81.0
126,660,11.0
126,670,10.0
126,678,10.0
126,700,6.0
126,734,10.0
126,763,10.0
126,823,5298.4
126,847,6.0
126,894,4.0
126,935,81.0
126,948,390.0
126,968,17.0
126,1024,81.0
126,1085,20.5
126,1091,10.0
126,1142,8.0
126,1174,10.0
126,1178,10.0
126,1198,10.0
126,1207,7708.2
126,1250,10.0
126,1278,3852.8999999999996
126,1316,14.0
126,1320,10.0
126,1338,10.0
127,20,10.0
127,26,15.0
127,27,7066.1
127,75,10.0
127,78,10.0
127,87,10.0
127,139,6413.25
127,196,23.0
127,274,40.0
127,297,18.0
127,315,12.0
127,336,93.0
127,341,171.0
127,444,17.0
127,452,10.0
127,485,10.0
127,488,14.0
127,531,17.0
127,536,10.0
127,540,22.0
127,557,42.0
127,733,28.0
127,804,10.0
127,827,10.0
127,852,6249.85
127,854,10.0
127,869,11.0
127,871,10.0
127,882,10.0
127,884,11.0
127,904,40.0
127,928,42.0
127,945,6754.75
127,969,10.0
127,1006,10.0
127,1010,10.0
127,1011,13.0
127,1027,40.0
127,1049,10.0
127,1058,10.0
127,1077,16.0
127,1112,22.0
127,1153,10.0
127,1179,10.0
127,1197,10.0
127,1328,1247.0
127,1342,12.0
128,46,7.0
128,47,10.0
128,63,49.0
128,64,10.0
128,65,18.0
128,122,10.0
128,152,26.0
128,153,138.0
128,211,10.0
128,218,10.0
128,239,10.0
128,305,63.0
128,318,10.0
128,360,4419.85
128,448,10.0
128,457,43.0
128,519,10.0
128,553,11.0
128,565,3691.7
128,671,10.0
128,681,6881.0
128,687,4607.35
128,689,6586.25
128,726,12.0
128,816,4.0
128,839,163.0
128,894,3.0
128,971,25.0
128,983,10.0
128,995,10.0
128,996,71.0
128,1046,164.0
128,1055,26.0
128,1085,14.0
128,1102,7493.799999999999
128,1126,14.0
128,1182,26.5
128,1188,28.45
128,1207,12.0
128,1278,52.0
128,1348,108.0
129,9,15.0
129,68,10.0
129,139,14.0
129,182,10.0
129,202,10.0
129,209,10.0
129,258,6.0
129,368,13.0
129,387,7291.45
129,428,9.0
129,605,10.0
129,657,18.0
129,682,2201.0
129,796,10.0
129,799,11.0
129,800,17.0
129,830,375.0
129,863,11.0
129,945,602.0
129,953,20.0
129,960,10.0
129,970,645.0
129,1011,10.0
129,1019,10.0
129,1206,10.0
129,1236,61.0
129,1252,417.0
129,1281,3.0
129,1302,316.0
130,15,11.0
130,37,10.0
130,55,3803.95
130,96,26.0
130,100,35.0
130,112,49.0
130,134,9405.65
130,137,10.0
130,177,177.0
130,218,10.0
130,226,10.0
130,238,5878.85
130,270,10.0
130,276,4446.35
130,282,6540.8
130,330,10.0
130,435,11.0
130,457,14.0
130,463,74.0
130,478,41.0
130,519,60.0
130,543,10.0
130,629,10.0
130,630,23.0
130,644,10.0
130,746,11.0
130,813,10.0
130,816,13.0
130,835,19.0
130,858,113.0
130,864,10.0
130,885,49.0
130,892,10.0
130,902,10.0
130,984,10.0
130,1067,10.0
130,1074,11.0
130,1102,10.0
130,1123,12.0
130,1151,10.0
130,1184,16.0
130,1214,10.0
130,1228,46.0
130,1231,96.0
130,1245,10.0
130,1250,18.0
130,1343,10.0
130,1360,6.0
130,1363,17.0
131,23,14.0
131,29,48.0
131,44,11.0
131,50,10.0
131,160,10.0
131,264,10.0
131,265,117.0
131,315,5.0
131,333,10.0
131,334,8.0
131,371,17.0
131,496,64.0
131,508,259.0
131,511,20.0
131,522,10.0
131,563,2149.5
131,672,149.0
131,679,11162.3
131,739,194.0
131,817,46.0
131,824,78.0
131,842,10.0
131,877,23.0
131,889,9.0
131,908,17.0
131,917,200.9
131,931,30.5
131,939,10.0
131,988,10.0
131,993,9427.35
131,1089,9353.6
131,1091,246.0
131,1140,36.0
131,1169,8158.9
131,1191,168.0
131,1207,10.0
132,4,486.0
132,12,8464.3
132,39,10.0
132,111,1207.0
132,186,10.0
132,190,23.0
132,207,10.0
132,229,29.0
132,239,10.0
132,257,721.0
132,298,505.0
132,387,168.0
132,416,26.0
132,432,475.0
132,484,10.0
132,498,14.0
132,502,5454.45
132,512,10.0
132,513,11.0
132,531,12.0
132,534,10.0
132,575,73.0
132,591,67.0
132,635,6.0
132,656,7.0
132,700,19.0
132,731,495.0
132,782,30.0
132,785,17.0
132,790,26.5
132,794,10.0
132,819,10.0
132,845,528.0
132,1008,15.0
132,1065,6.15
132,1083,5530.9
132,1091,837.0
132,1159,37.0
132,1190,3032.3
132,1203,10.0
132,1205,15.0
132,1215,10.0
132,1221,22.0
132,1234,11.0
132,1241,10.0
132,1270,23.0
132,1289,13.0
132,1359,39.0
133,48,29.0
133,55,8482.1
133,120,116.0
133,134,10.0
133,142,15.0
133,158,103.0
133,165,10.0
133,168,76.0
133,192,68.0
133,238,11162.3
133,298,10.0
133,318,39.0
133,386,23.0
133,417,158.0
133,423,16.0
133,432,10.0
133,436,26.0
133,478,7539.799999999999
133,535,1513.85
133,627,86.0
133,632,26.5
133,644,1668.9
133,702,29.0
133,720,10.0
133,768,56.0
133,814,50.0
133,854,10.0
133,868,10.0
133,920,55.0
133,984,13.0
133,990,167.0
133,1031,10.0
133,1037,9529.4
133,1066,63.0
133,1101,10.0
133,1162,13.0
133,1189,10.0
133,1204,10.0
133,1207,4.0
133,1217,10.0
133,1220,10.0
133,1288,10.0
133,1296,20.0
133,1325,18.0
133,1338,10.0
133,1346,10.0
134,100,24.0
134,130,9405.65
134,133,10.0
134,226,15.0
134,238,10.0
134,282,6273.1
134,330,5328.85
134,364,49.0
134,446,10.0
134,453,10.0
134,491,2411.7
134,615,35.0
134,630,29.0
134,670,10.0
134,681,10.0
134,705,22.0
134,706,10.0
134,813,13.0
134,825,6.0
134,841,77.0
134,885,8.0
134,996,309.0
134,1074,21.0
134,1107,309.0
134,1228,10.0
134,1245,17.0
134,1279,10.0
134,1282,10.0
134,1338,52.0
134,1360,5955.05
135,153,10.0
135,171,33.5
135,238,15.0
135,318,98.0
135,396,10.0
135,442,10.0
135,458,10.0
135,468,14.0
135,551,6253.3
135,599,10.0
135,745,9401.85
135,858,41.0
135,990,3512.0499999999997
135,992,14.0
135,1068,11.0
135,1107,17.0
135,1238,10.0
135,1247,22.0
135,1279,14.0
135,1307,10.0
135,1324,10.0
135,1355,1185.25
135,1357,2261.8
136,10,19.0
136,28,10.0
136,30,4.0
136,31,10.0
136,34,6.0
136,38,10.0
136,49,12.0
136,69,10.0
136,160,1050.0
136,260,39.0
136,265,145.0
136,281,11.0
136,302,25.0
136,321,10.0
136,348,580.15
136,363,116.0
136,365,99.0
136,380,368.0
136,428,3004.7
136,444,10.0
136,505,19.0
136,512,20.0
136,514,162.0
136,572,70.0
136,583,10.0
136,588,82.0
136,649,12.0
136,696,11.0
136,731,2708.85
136,738,84.0
136,780,22.0
136,782,13.0
136,809,32.0
136,831,49.2
136,881,2269.9
136,898,10.0
136,986,15.0
136,1018,96.0
136,1022,3.0
136,1025,123.0
136,1052,659.7
136,1137,10.0
136,1252,8016.65
136,1254,32.0
136,1286,64.0
136,1356,10.0
137,91,35.0
137,96,305.0
137,130,10.0
137,256,10.0
137,430,10.0
137,470,12.0
137,516,103.0
137,573,24.0
137,612,4030.3
137,629,21.0
137,648,10.0
137,673,279.0
137,683,7851.85
137,686,9005.75
137,705,225.0
137,825,22.0
137,839,30.0
137,887,10.0
137,892,3.0
137,995,328.0
137,1085,10.0
137,1135,10.0
137,1212,10.0
137,1278,10.0
137,1327,10.0
137,1363,321.0
138,15,10.0
138,91,10.0
138,116,23.0
138,153,10.0
138,165,5198.85
138,296,10.0
138,322,16.0
138,339,13.0
138,360,119.0
138,417,20.5
138,436,5494.95
138,449,2993.95
138,536,12.0
138,565,883.0
138,700,77.0
138,797,10.0
138,814,1355.5
138,816,167.85
138,832,3873.5
138,835,5.0
138,841,140.0
138,850,187.3
138,851,10.0
138,855,2523.85
138,874,3.0
138,885,10.0
138,1030,11.0
138,1074,5308.6
138,1093,29.0
138,1192,68.0
138,1198,14.0
138,1246,47.0
138,1345,10.0
138,1353,12.0
139,75,10.0
139,80,10.0
139,123,19.0
139,127,6413.25
139,129,14.0
139,212,13.0
139,220,10.0
139,236,12.0
139,299,10.0
139,311,10.0
139,476,10.0
139,498,87.0
139,512,130.0
139,588,10.0
139,604,10.0
139,710,10.0
139,861,14.0
139,914,10.0
139,945,8880.5
139,969,16.0
139,970,767.55
139,1124,11.0
139,1127,22.0
139,1168,32.0
139,1213,10.0
139,1305,10.0
139,1328,20.5
139,1356,20.0
140,104,10.0
140,164,300.0
140,216,25.0
140,239,10.0
140,241,10132.95
140,304,7179.75
140,333,6255.35
140,367,10.0
140,496,58.5
140,505,10.0
140,559,133.0
140,563,10.0
140,564,8.0
140,569,31.0
140,574,251.0
140,610,20.0
140,611,10.0
140,645,11.0
140,704,29.0
140,725,20.5
140,760,304.0
140,798,10.0
140,817,87.0
140,888,14.0
140,895,10.0
140,903,29.0
140,931,284.0
140,989,4674.7
140,1018,300.0
140,1026,10.0
140,1088,11024.3
140,1190,611.0
140,1191,291.0
140,1311,1162.0
140,1323,31.0
142,18,58.0
142,57,330.0
142,133,15.0
142,166,18.0
142,177,36.0
142,218,3725.1
142,238,23.0
142,282,4157.2
142,298,9551.05
142,308,6.0
142,322,10.0
142,330,9236.35
142,396,32.0
142,432,5544.3
142,516,10.0
142,555,12.0
142,617,10.0
142,670,2686.0
142,706,307.0
142,720,1448.0
142,747,9.0
142,876,10.0
142,885,10.0
142,956,10.0
142,1012,10.0
142,1046,4392.35
142,1055,20.0
142,1116,10.0
142,1162,12.0
142,1178,76.0
142,1184,187.0
142,1198,10.0
142,1232,17.0
142,1250,32.8
142,1355,17.0
143,32,323.0
143,34,10.0
143,49,32.0
143,97,10.0
143,176,161.0
143,275,158.0
143,285,64.0
143,288,11.0
143,329,26.0
143,340,41.0
143,352,12.0
143,405,20.0
143,452,6747.45
143,482,10.0
143,544,10.0
143,634,10.0
143,699,30.0
143,744,10.0
143,779,135.0
143,819,10.0
143,834,10.0
143,861,10.0
143,886,3900.1
143,959,2707.95
143,961,105.0
143,982,115.0
143,1021,1739.0
143,1042,10.0
143,1107,10.0
143,1130,10.0
143,1150,53.0
143,1161,5110.3
143,1174,27.0
143,1206,29.0
143,1234,10.0
143,1237,10.0
143,1241,71.0
143,1256,11162.3
143,1284,24.0
143,1290,26.0
144,53,136.0
144,54,70.0
144,65,10.0
144,69,22.0
144,120,10.0
144,121,276.0
144,152,34.0
144,153,5616.8
144,156,10.0
144,169,5700.549999999999
144,187,8577.25
144,197,38.0
144,205,32.0
144,212,63.0
144,300,40.0
144,305,10.0
144,312,25.0
144,322,9.0
144,392,455.0
144,427,167.0
144,494,8.0
144,548,249.95
144,571,42.0
144,591,10.0
144,691,10.0
144,694,59.0
144,717,10.0
144,730,396.0
144,747,10.0
144,805,1335.05
144,836,22.0
144,844,1672.55
144,849,10.0
144,854,10.0
144,870,69.0
144,888,10.0
144,899,10.0
144,992,17.0
144,1025,943.0
144,1035,10.0
144,1075,7665.35
144,1114,44.0
144,1188,10.0
144,1207,11.0
144,1250,10.0
144,1259,12.0
144,1273,16.0
144,1282,6.0
151,20,249.0
151,41,12.0
151,60,1083.95
151,81,10.0
151,111,70.0
151,215,26.0
151,216,75.0
151,246,11100.3
151,251,148.0
151,255,14.0
151,285,36.0
151,294,16.0
151,304,213.0
151,305,108.0
151,311,10.0
151,315,474.0
151,337,53.0
151,353,28.0
151,559,66.0
151,567,10.0
151,572,57.0
151,574,164.0
151,587,27.0
151,594,4901.35
151,636,10.0
151,651,14.0
151,654,194.0
151,683,23.0
151,750,10.0
151,751,15.0
151,760,12.0
151,823,54.0
151,826,41.0
151,832,10.0
151,861,68.0
151,883,10.0
151,907,10.0
151,930,138.0
151,953,155.0
151,968,2593.35
151,1017,10.0
151,1089,139.0
151,1106,210.0
151,1132,10.0
151,1144,25.0
151,1169,128.0
151,1197,42.0
151,1201,26.0
151,1270,193.0
151,1291,10.0
151,1305,74.0
152,65,9120.5
152,128,26.0
152,144,34.0
152,169,4144.9
152,187,14.0
152,202,10.0
152,205,10.0
152,218,29.0
152,360,3975.75
152,494,48.0
152,565,137.0
152,677,10.0
152,688,10.0
152,689,4734.2
152,732,10.0
152,747,580.15
152,788,10.0
152,805,3775.4
152,854,10.0
152,864,31.0
152,874,52.0
152,1076,10.0
152,1085,9149.0
152,1107,10.0
152,1119,10.0
152,1122,53.0
152,1202,77.0
152,1271,10.0
152,1345,42.0
153,47,150.0
153,128,138.0
153,135,10.0
153,138,10.0
153,144,5616.8
153,173,10.0
153,175,27.0
153,197,10.0
153,202,10.0
153,214,127.0
153,289,150.0
153,301,10.0
153,324,90.0
153,360,10.0
153,384,15.0
153,386,10.0
153,433,10.0
153,435,48.0
153,491,10.0
153,494,118.0
153,546,32.0
153,548,28.7
153,555,10.0
153,566,28.0
153,581,27.0
153,615,64.0
153,643,106.0
153,667,170.0
153,689,335.0
153,702,10.0
153,708,46.0
153,714,184.0
153,744,10.0
153,747,2735.3
153,753,8222.75
153,805,5532.25
153,844,7238.25
153,856,166.0
153,929,88.0
153,975,33.0
153,1000,617.0
153,1010,10.0
153,1055,123.0
153,1060,129.0
153,1065,18.0
153,1075,3076.15
153,1090,10.0
153,1101,10.0
153,1119,632.0
153,1126,669.0
153,1162,5.0
153,1221,1004.0
153,1248,15.0
153,1278,80.0
153,1307,10.0
154,70,228.0
154,81,61.0
154,99,139.0
154,119,1323.0
154,157,234.0
154,212,4575.25
154,288,7480.799999999999
154,303,6.0
154,306,13.0
154,309,18.0
154,311,243.0
154,319,12.0
154,320,89.0
154,321,129.0
154,323,49.0
154,331,14.0
154,334,211.0
154,336,68.0
154,419,43.0
154,460,21.0
154,514,11.0
154,559,142.0
154,572,10.0
154,574,155.0
154,584,5229.5
154,623,528.0
154,634,156.0
154,635,39.0
154,662,53.0
154,784,17.0
154,845,912.25
154,849,23.0
154,883,10.0
154,916,1028.0
154,941,10.0
154,961,11.0
154,987,10.0
154,1002,118.0
154,1018,5489.5
154,1026,318.0
154,1120,10.0
154,1132,96.0
154,1140,7.0
154,1186,16.0
154,1224,13.0
154,1265,37.0
154,1281,14.0
154,1284,71.0
154,1287,73.0
154,1291,23.0
156,144,10.0
156,158,253.0
156,168,7.0
156,192,162.0
156,244,7432.5
156,296,10.0
156,322,22.0
156,453,13.0
156,487,20.0
156,536,10.0
156,644,10.0
156,753,335.0
156,1031,1540.5
156,1271,26.5
156,1282,4298.65
156,1327,1345.1
156,1350,172.1
157,9,54.0
157,37,10.0
157,53,112.0
157,70,20.0
157,75,10.0
157,99,11.0
157,119,6214.15
157,154,234.0
157,185,636.8
157,225,40.0
157,242,20.0
157,249,521.4
157,314,171.0
157,419,10.0
157,508,2506.65
157,564,14.0
157,579,10.0
157,584,3203.0
157,610,108.0
157,626,10.0
157,655,66.0
157,715,11.0
157,735,10.0
157,795,10.0
157,931,10.0
157,976,11.0
157,991,10.0
157,1018,4699.05
157,1035,10.0
157,1091,525.0
157,1224,3077.85
157,1291,15.0
157,1318,11.0
158,22,356.0
158,25,5.0
158,100,10.0
158,133,103.0
158,156,253.0
158,167,19.0
158,168,1880.0
158,192,10691.6
158,223,16.0
158,238,135.0
158,270,5677.95
158,318,30.0
158,322,356.0
158,339,21.0
158,396,11.0
158,423,39.0
158,441,23.0
158,551,13.0
158,553,49.0
158,589,10.0
158,627,14.0
158,660,2415.3
158,673,9986.3
158,763,967.0
158,789,10.0
158,839,10.0
158,874,15.0
158,990,20.0
158,995,7870.5
158,1217,18.0
158,1296,10.0
158,1325,14.0
158,1338,65.0
160,71,10.0
160,79,10.0
160,81,10.0
160,131,10.0
160,136,1050.0
160,207,8.0
160,212,10.0
160,213,4326.85
160,242,10.0
160,302,35.0
160,329,17.0
160,339,10.0
160,416,984.0
160,438,8046.599999999999
160,488,10.0
160,522,10.0
160,532,10.0
160,538,18.0
160,557,11.0
160,569,30.0
160,598,130.0
160,634,10.0
160,635,10.0
160,699,5025.0
160,735,196.0
160,738,10.0
160,782,27.0
160,790,91.0
160,796,1318.45
160,863,11.0
160,871,36.0
160,877,18.0
160,896,10.0
160,915,519.0
160,945,10.0
160,983,10.0
160,1023,11.0
160,1053,13.0
160,1088,10.0
160,1091,220.0
160,1127,6.0
160,1131,36.0
160,1145,13.0
160,1156,10.0
160,1166,13.0
160,1208,25.0
160,1222,62.0
160,1224,10.0
160,1257,14.0
160,1277,16.0
160,1289,511.0
160,1319,124.0
160,1323,16.0
160,1352,54.0
161,66,10.0
161,171,16.0
161,322,20.5
161,330,32.0
161,356,10.0
161,430,129.0
161,442,10.0
161,523,161.0
161,535,82.0
161,546,14.0
161,593,10.0
161,609,31.0
161,675,13.0
161,683,654.0
161,686,10.0
161,697,14.0
161,743,3318.95
161,797,10.0
161,835,10.0
161,887,10.0
161,962,10.0
161,1003,20.5
161,1046,10.0
161,1074,10.0
161,1116,10.0
161,1162,12.0
164,10,10.0
164,27,10.0
164,81,10.0
164,104,10.0
164,140,300.0
164,241,85.0
164,243,10.0
164,265,20.5
164,315,8477.3
164,353,42.0
164,400,17.0
164,494,19.0
164,508,15.0
164,528,10.0
164,539,207.0
164,550,10.0
164,610,7544.5
164,638,10.0
164,646,10.0
164,651,6624.3
164,679,64.0
164,704,13.0
164,738,10.0
164,739,56.0
164,760,1714.0
164,776,15.0
164,791,27.0
164,824,10.0
164,877,1489.0
164,903,10.0
164,931,6609.2
164,939,14.0
164,1088,219.0
164,1190,10.0
164,1226,6.0
164,1291,9150.4
164,1311,137.0
164,1358,31.0
165,22,34.0
165,133,10.0
165,138,5198.85
165,322,39.0
165,335,10.0
165,360,125.0
165,492,10.0
165,565,888.0
165,580,10.0
165,648,225.2
165,700,10.0
165,816,15.0
165,829,6994.0
165,841,10.0
165,850,1785.75
165,855,170.0
165,887,20.5
165,1090,12.0
165,1093,10.0
165,1192,17.0
165,1246,10.0
165,1317,20.0
165,1361,8517.2
166,142,18.0
166,168,21.0
166,177,72.0
166,318,152.0
166,396,10427.9
166,519,13.0
166,556,3679.1
166,813,313.0
166,822,71.0
166,946,25.0
166,984,4793.1
166,1066,19.0
166,1080,10.0
166,1107,10.0
166,1108,10.0
166,1125,10.0
166,1217,1430.0
166,1231,10.0
166,1278,10.0
166,1307,2258.0
167,18,287.0
167,47,10.0
167,95,10.0
167,112,10.0
167,158,19.0
167,173,61.0
167,182,15.0
167,210,48.0
167,238,10.0
167,276,20.5
167,394,7964.75
167,420,5188.25
167,430,10.0
167,491,3937.95
167,493,120.0
167,548,40.0
167,612,10.0
167,627,2556.0
167,630,2133.4
167,673,30.0
167,706,10.0
167,726,22.55
167,822,10.0
167,844,117.0
167,856,10.0
167,862,10.0
167,880,10.0
167,981,37.0
167,984,57.0
167,995,15.0
167,1037,10.0
167,1075,183.0
167,1090,17.0
167,1101,10.0
167,1108,10.0
167,1151,5.0
167,1178,272.0
167,1187,10.0
167,1189,72.0
167,1339,191.0
167,1363,4474.25
168,18,15.0
168,22,234.0
168,25,121.0
168,133,76.0
168,156,7.0
168,158,1880.0
168,166,21.0
168,192,7240.6
168,238,10.0
168,256,8338.2
168,318,51.0
168,322,244.0
168,339,12.0
168,396,94.0
168,417,10.0
168,423,16.0
168,553,29.0
168,627,18.0
168,687,8.0
168,955,4775.8
168,956,267.0
168,1037,10.0
168,1128,102.0
168,1172,11.0
168,1242,10.0
168,1245,432.9
168,1253,10.0
168,1280,8892.95
168,1338,26.0
169,65,36.5
169,89,10978.75
169,114,495.0
169,121,38.0
169,126,10.0
169,144,5700.549999999999
169,152,4144.9
169,187,7925.7
169,212,10.0
169,239,10.0
169,245,63.0
169,305,62.0
169,312,49.0
169,315,255.0
169,360,3.0
169,414,10.0
169,416,10.0
169,427,10.0
169,505,10.0
169,520,206.0
169,565,26.5
169,580,10.0
169,616,10.0
169,694,597.0
169,704,185.0
169,719,12.0
169,747,20.5
169,753,20.5
169,805,5837.0
169,823,10.0
169,903,28.0
169,971,10.0
169,983,121.0
169,1008,10.0
169,1012,10.0
169,1085,2977.7
169,1154,11.0
169,1158,10.0
169,1198,197.0
169,1208,10.0
169,1216,10.0
169,1327,27.0
171,5,10.0
171,135,33.5
171,161,16.0
171,202,10.0
171,245,188.0
171,269,10.0
171,293,10.0
171,318,10.0
171,362,1425.0
171,442,40.15
171,523,10.0
171,551,39.0
171,552,4191.85
171,576,10.0
171,617,20.0
171,628,24.0
171,688,10.0
171,723,37.0
171,745,3101.95
171,816,16.0
171,850,39.0
171,981,1205.0
171,985,12.0
171,997,14.0
171,1012,10.0
171,1033,195.0
171,1039,1293.95
171,1085,10.0
171,1090,13.0
171,1104,9.0
171,1189,10.0
171,1202,10.0
171,1214,81.0
171,1227,7.0
171,1247,10.0
171,1317,19.0
171,1343,3107.1
171,1344,3395.2
171,1357,289.05
171,1361,10.0
172,3,14.0
172,17,10.0
172,27,10.0
172,109,20.0
172,113,13.0
172,124,13.0
172,180,10.0
172,188,86.0
172,272,57.0
172,299,40.5
172,345,10.0
172,375,10.0
172,385,5.0
172,404,280.0
172,479,13.0
172,507,10895.15
172,520,4.0
172,598,72.0
172,634,91.0
172,637,115.0
172,647,10.0
172,699,10.0
172,729,10.0
172,735,6991.95
172,771,10.0
172,808,10.0
172,809,10.0
172,851,8112.65
172,860,15.0
172,863,10.0
172,866,10.0
172,867,10.0
172,871,90.0
172,943,10.0
172,1004,21.0
172,1043,39.75
172,1044,15.0
172,1084,2574.45
172,1094,10.0
172,1127,19.0
172,1133,10.0
172,1215,32.8
172,1256,10.0
172,1284,10.0
173,47,10.0
173,91,16.0
173,95,4101.15
173,112,10.0
173,153,10.0
173,167,61.0
173,210,10785.75
173,270,17.0
173,396,79.0
173,410,329.0
173,414,5.0
173,429,10.0
173,433,120.0
173,556,10.0
173,576,35.0
173,627,15.0
173,639,10.0
173,681,14.0
173,685,17.0
173,720,10.0
173,740,33.0
173,765,10.0
173,769,51.0
173,820,87.0
173,855,10.0
173,856,10.0
173,864,29.0
173,876,26.0
173,885,17.0
173,1024,10.0
173,1070,28.0
173,1090,13.0
173,1101,10.0
173,1104,704.0
173,1172,11.0
173,1189,72.0
173,1212,6294.5
173,1217,770.0
173,1220,25.0
173,1223,3370.95
173,1228,11.0
173,1250,12.0
173,1288,10.0
173,1324,3108.0
173,1361,13.0
175,33,3954.1499999999996
175,51,35.0
175,54,4461.25
175,153,27.0
175,245,58.0
175,262,345.0
175,291,10.0
175,334,10.0
175,348,139.0
175,366,6217.049999999999
175,384,94.0
175,416,10.0
175,417,18.0
175,427,2277.55
175,433,10.0
175,435,10726.0
175,473,10.0
175,478,33.0
175,484,18.0
175,494,37.0
175,573,70.0
175,595,71.0
175,608,12.0
175,642,291.0
175,664,20.0
175,673,26.0
175,674,15.0
175,700,11.0
175,717,10.0
175,737,2498.75
175,761,85.0
175,769,10.0
175,810,15.0
175,812,29.0
175,814,11.0
175,851,124.0
175,984,10.0
175,995,31.0
175,996,33.0
175,1029,10.0
175,1035,18.0
175,1066,12.0
175,1107,12.0
175,1116,193.0
175,1142,19.0
175,1165,374.0
175,1202,10.0
175,1208,13.0
175,1250,6.0
175,1271,11.0
175,1288,14.0
175,1294,10.0
175,1300,10.0
175,1344,16.0
176,36,10.0
176,50,20.0
176,56,6336.549999999999
176,75,10.0
176,143,161.0
176,186,3415.6
176,236,10.0
176,272,10.0
176,275,10.0
176,325,12.0
176,375,180.0
176,405,2530.0
176,434,58.0
176,452,148.0
176,459,18.0
176,471,138.0
176,486,10.0
176,626,13.0
176,647,191.0
176,652,18.0
176,755,5790.35
176,792,23.0
176,799,20.5
176,808,10.0
176,860,10.0
176,863,27.0
176,878,10.0
176,913,10.0
176,924,23.0
176,943,10.0
176,1021,536.0
176,1035,156.0
176,1040,339.0
176,1080,55.0
176,1153,10.0
176,1269,10.0
176,1285,67.0
176,1303,10.0
176,1335,10.0
177,22,335.0
177,55,88.0
177,59,13.0
177,66,60.0
177,98,29.0
177,100,9368.45
177,112,15.0
177,130,177.0
177,142,36.0
177,166,72.0
177,293,6478.55
177,322,339.0
177,356,31.0
177,421,4937.45
177,463,343.0
177,478,65.0
177,519,10.0
177,609,75.0
177,624,20.0
177,644,72.0
177,683,10.0
177,720,23.0
177,726,10.0
177,764,10.0
177,801,947.15
177,822,32.0
177,841,44.0
177,864,10.0
177,956,14.0
177,971,16.0
177,1108,22.0
177,1122,176.0
177,1126,15.0
177,1172,10.0
177,1184,10.0
177,1214,22.0
177,1223,63.0
177,1244,34.0
177,1245,11.0
177,1250,19.0
177,1313,16.0
177,1321,7.0
177,1338,11.0
177,1343,3073.3
177,1360,10.0
178,23,4839.3
178,39,10.0
178,58,10798.1
178,149,10.0
178,281,10.0
178,288,15.0
178,311,2554.4
178,343,10.0
178,395,11.0
178,445,17.0
178,459,2476.2
178,460,1905.0
178,477,2894.0
178,479,20.5
178,602,10.0
178,621,2013.0
178,638,2876.95
178,643,64.0
178,663,11.0
178,779,354.0
178,799,20.5
178,809,10.0
178,844,469.0
178,860,240.0
178,940,1915.2
178,972,19.0
178,1006,141.0
178,1015,10.0
178,1061,10.0
178,1075,574.0
178,1136,11.0
178,1179,204.0
178,1190,10.0
178,1255,10.0
178,1262,79.0
178,1287,11.0
179,29,20.0
179,58,29.0
179,70,17.0
179,114,18.0
179,182,26.0
179,223,29.0
179,259,10.0
179,319,7.0
179,343,10.0
179,373,13.0
179,496,11.0
179,508,21.0
179,514,82.0
179,541,21.0
179,550,7112.15
179,564,7.0
179,591,16.0
179,594,10.0
179,603,1521.0
179,611,10.0
179,676,35.0
179,690,8.0
179,695,3.0
179,778,118.0
179,831,19.0
179,885,10.0
179,896,104.0
179,902,10.0
179,940,31.0
179,943,27.0
179,1072,12.0
179,1084,10.0
179,1091,21.0
179,1142,8261.65
179,1212,10.0
179,1275,877.0
179,1326,10.0
182,53,15.0
182,64,10.0
182,129,10.0
182,167,15.0
182,179,26.0
182,213,10.0
182,226,10.0
182,284,29.0
182,296,58.0
182,317,16.0
182,458,71.0
182,536,34.0
182,580,4675.85
182,589,10.0
182,615,27.0
182,624,7253.2
182,627,322.0
182,661,13.0
182,687,75.0
182,695,65.0
182,723,15.0
182,789,52.0
182,967,17.0
182,981,14.0
182,984,10.0
182,990,10.0
182,995,23.0
182,1037,10.0
182,1038,53.0
182,1070,36.0
182,1093,10.0
182,1122,29.0
182,1135,10.0
182,1165,10.0
182,1189,41.0
182,1217,12.0
182,1242,8.0
182,1313,10.0
182,1350,13.0
182,1356,12.0
183,56,3.0
183,74,277.0
183,80,10.0
183,85,11143.9
183,94,7344.950000000001
183,281,10.0
183,331,41.0
183,361,10.0
183,466,17.0
183,479,16.0
183,483,3776.2
183,486,14.35
183,544,143.0
183,692,11.0
183,773,4507.3
183,796,63.0
183,865,10.0
183,873,420.0
183,884,10.0
183,897,10.0
183,941,9035.05
183,950,10.0
183,987,60.0
183,1004,30.5
183,1009,12.0
183,1079,73.0
183,1106,10.0
183,1118,10.0
183,1136,20.0
183,1222,10.0
184,52,99.0
184,56,10.0
184,102,552.0
184,113,10.0
184,221,51.0
184,222,14.0
184,225,969.9
184,251,2058.95
184,285,10.0
184,288,52.0
184,304,10.0
184,333,275.0
184,336,10.0
184,370,8422.3
184,373,43.0
184,375,87.0
184,385,14.0
184,397,14.0
184,426,6784.9
184,452,10.0
184,499,10.0
184,513,246.0
184,555,44.0
184,574,872.0
184,577,873.0
184,668,37.0
184,710,10.0
184,712,10.0
184,737,49.0
184,756,25.0
184,860,10.0
184,861,30.0
184,878,10.0
184,891,10.0
184,893,10.0
184,915,10.0
184,921,20.5
184,963,10.0
184,982,10.0
184,1059,10.0
184,1065,331.0
184,1130,10.0
184,1168,10.0
184,1174,10.0
184,1180,24.0
184,1222,10.0
184,1234,15.0
184,1257,592.0
184,1269,15.0
184,1273,13.0
184,1285,47.0
184,1342,24.0
185,14,14.0
185,76,10.0
185,157,636.8
185,220,22.0
185,249,11048.65
185,255,10.0
185,263,10.0
185,299,10.0
185,315,33.0
185,325,27.0
185,528,10.0
185,532,10.0
185,622,10.0
185,672,10.0
185,679,17.0
185,715,39.0
185,716,10.0
185,736,10.0
185,810,10.0
185,811,28.0
185,863,10.0
185,889,11.0
185,924,10.0
185,939,10.0
185,986,28.0
185,989,28.0
185,1042,10.0
185,1075,10.0
185,1146,19.0
185,1154,13.0
185,1159,10.0
185,1225,10.0
185,1258,554.0
185,1320,10.0
185,1335,10.0
185,1341,11.0
186,14,44.0
186,29,10.0
186,56,2681.3
186,80,7389.6
186,94,10.0
186,122,262.0
186,132,10.0
186,176,3415.6
186,299,26.5
186,325,10.0
186,375,10.0
186,412,15.0
186,413,10.0
186,415,17.0
186,416,10.0
186,532,10.0
186,606,26.5
186,694,39.0
186,711,8107.05
186,712,587.0
186,715,8530.15
186,775,39.0
186,845,34.0
186,913,3.0
186,921,55.0
186,947,22.0
186,980,44.0
186,1001,41.0
186,1009,12.0
186,1094,10.0
186,1121,11.0
186,1241,167.0
186,1269,51.0
186,1274,52.0
186,1308,10.0
186,1311,39.5
187,37,35.0
187,53,65.0
187,54,237.0
187,88,982.0
187,89,6284.05
187,97,10.0
187,126,59.7
187,144,8577.25
187,152,14.0
187,169,7925.7
187,197,10.0
187,239,10.0
187,245,67.0
187,300,11.0
187,305,8145.5
187,322,10.0
187,366,659.0
187,427,273.0
187,505,10.0
187,511,656.0
187,514,3278.4
187,542,82.0
187,548,5508.0
187,571,32.0
187,573,1072.0
187,582,10.0
187,608,19.0
187,615,10.0
187,688,137.0
187,694,40.0
187,696,10.0
187,730,1030.0
187,753,16.0
187,772,15.0
187,836,10.0
187,870,125.0
187,1025,10.0
187,1035,10.0
187,1085,68.0
187,1114,229.0
187,1145,144.0
187,1187,10.0
187,1207,10.0
187,1282,10.0
187,1285,40.0
188,36,48.5
188,46,10.0
188,64,21.0
188,155,7.0
188,172,86.0
188,211,16.0
188,260,92.0
188,375,7.0
188,405,6.0
188,455,6.0
188,538,471.8
188,598,11.0
188,606,690.0
188,634,10.0
188,637,30.0
188,652,8569.85
188,712,10.0
188,736,10.0
188,808,164.0
188,834,2410.3
188,849,57.0
188,866,142.0
188,871,138.0
188,899,10.0
188,916,29.0
188,943,92.0
188,969,513.0
188,1042,2822.3
188,1057,371.0
188,1127,9298.35
188,1143,10.0
188,1233,10.0
188,1236,10.0
188,1255,10.0
188,1258,10.0
189,7,5759.55
189,31,6599.35
189,102,10701.5
189,213,1357.0
189,219,17.0
189,243,16.0
189,273,79.0
189,398,487.0
189,443,2004.0
189,452,10.0
189,465,3687.05
189,532,23.0
189,559,1331.0
189,564,12.0
189,622,241.0
189,651,33.0
189,653,10.0
189,654,10.0
189,662,10.0
189,725,60.0
189,860,298.0
189,906,229.0
189,943,12.0
189,966,10.0
189,998,15.0
189,1083,1317.0
189,1197,14.0
189,1236,62.0
189,1257,473.0
189,1304,23.0
189,1326,10.0
190,38,10.0
190,51,65.0
190,103,10.0
190,108,504.3
190,132,23.0
190,229,44.0
190,268,11.0
190,297,16.0
190,307,950.0
190,340,21.0
190,381,16.0
190,497,10.0
190,499,10.0
190,521,10.0
190,529,5813.95
190,531,3388.75
190,537,446.0
190,538,10.0
190,557,5472.95
190,575,17.0
190,613,12.0
190,626,17.0
190,649,12.0
190,729,10.0
190,771,968.0
190,780,17.0
190,810,30.0
190,819,28.0
190,830,4.0
190,871,14.0
190,884,57.0
190,902,70.0
190,963,10.0
190,978,10.0
190,1023,38.0
190,1083,79.0
190,1167,10.0
190,1289,125.0
190,1290,210.0
190,1292,70.0
191,26,10.0
191,43,11.0
191,78,357.0
191,280,11.0
191,281,10.0
191,404,10.0
191,426,10.0
191,466,11.0
191,692,12.0
191,712,3602.35
191,736,2829.2
191,796,10.0
191,834,181.0
191,851,59.0
191,951,13.0
191,977,535.0
191,1043,135.0
191,1094,15.0
191,1153,11162.3
191,1196,10.0
191,1205,4180.25
192,22,692.0
192,25,13.0
192,133,68.0
192,156,162.0
192,158,10691.6
192,168,7240.6
192,256,8445.35
192,318,32.0
192,322,583.0
192,356,10.0
192,392,10.0
192,393,10.0
192,394,11.0
192,396,64.0
192,423,45.0
192,424,13.0
192,436,12.0
192,644,26.5
192,660,6495.9
192,689,10.0
192,763,10.0
192,868,14.0
192,955,3787.1
192,956,674.0
192,995,5228.1
192,1037,10.0
192,1066,10.0
192,1076,94.0
192,1177,10.0
192,1317,10.0
194,208,8569.65
194,253,3.0
194,292,10.0
194,394,6.0
194,420,86.0
194,491,10.0
194,612,45.0
194,615,18.0
194,719,46.0
194,726,3.0
194,768,34.0
194,887,10.0
194,1037,12.0
194,1093,2247.1
194,1189,16.0
195,3,36.0
195,19,10.0
195,28,137.0
195,51,5464.85
195,78,39.0
195,103,10.0
195,340,17.0
195,380,10.0
195,413,6.0
195,434,18.0
195,440,17.0
195,531,4534.0
195,540,69.0
195,554,44.0
195,583,10.0
195,631,9998.25
195,682,141.0
195,782,10.0
195,796,228.0
195,853,100.0
195,863,10.0
195,867,1930.4
195,890,10.0
195,959,95.0
195,976,18.0
195,977,10.0
195,999,10.0
195,1011,10.0
195,1051,10.0
195,1167,11.0
195,1225,2596.3
195,1241,10.0
195,1299,107.0
195,1309,207.0
196,10,10.0
196,23,15.0
196,43,14.0
196,94,586.0
196,97,11.0
196,127,23.0
196,227,40.0
196,241,10.0
196,271,615.0
196,281,216.0
196,295,19.0
196,303,432.0
196,379,20.5
196,389,7927.549999999999
196,404,10.0
196,416,11.0
196,440,10505.4
196,550,35.0
196,568,10.0
196,585,4047.85
196,605,16.0
196,610,34.0
196,621,2339.15
196,704,46.0
196,865,12.0
196,903,48.0
196,931,27.0
196,947,10.0
196,998,10.0
196,1072,10.0
196,1193,10.0
196,1257,3.0
197,53,581.0
197,54,3.0
197,57,10.0
197,69,1432.0
197,88,10.0
197,106,13.0
197,126,13.0
197,144,38.0
197,153,10.0
197,187,10.0
197,198,10.0
197,202,9030.7
197,289,71.0
197,291,104.0
197,407,53.0
197,427,12.0
197,470,17.0
197,484,181.0
197,519,16.0
197,601,42.0
197,608,991.0
197,642,90.0
197,650,10.0
197,667,10.0
197,689,11.0
197,717,31.5
197,747,68.0
197,753,914.25
197,805,87.0
197,812,53.0
197,818,10.0
197,819,107.0
197,844,3614.25
197,914,40.0
197,941,11.0
197,1055,215.0
197,1064,41.0
197,1075,30.0
197,1126,1420.9
197,1174,23.0
197,1177,10.0
197,1188,204.0
197,1232,41.65
197,1253,10.0
197,1294,223.0
198,197,10.0
198,202,129.0
198,219,11.0
198,240,4177.25
198,333,7.0
198,419,10.0
198,431,1179.0
198,437,14.35
198,509,10.0
198,528,45.0
198,534,10.0
198,646,10.0
198,680,2914.3
198,713,307.0
198,752,26.5
198,812,10.0
198,819,1916.0
198,883,6.0
198,910,6708.35
198,911,1993.4
198,935,439.0
198,948,10.0
198,1008,4363.4
198,1174,196.0
198,1235,4209.15
198,1294,174.0
199,99,2040.0
199,114,34.0
199,117,13.0
199,141,24.0
199,155,10.0
199,219,6700.95
199,262,10.0
199,288,10.0
199,353,4315.85
199,388,8045.95
199,411,4963.25
199,510,10.0
199,558,15.0
199,607,6318.1
199,646,10.0
199,683,10.0
199,716,14.0
199,717,68.0
199,931,10.0
199,1019,16.0
199,1118,32.0
199,1144,10.0
199,1169,65.0
199,1235,14.0
199,1275,10.0
199,1313,10.0
199,1335,10.0
200,5,10.0
200,91,3806.7999999999997
200,96,11.0
200,206,123.0
200,228,2341.0
200,347,10.0
200,414,10.0
200,473,21.0
200,578,159.0
200,753,10.0
200,995,10.0
200,1175,10.0
200,1353,756.0
201,17,33.0
201,34,10.0
201,36,14.0
201,118,1019.85
201,208,57.0
201,259,13.0
201,300,61.0
201,374,10.0
201,386,12.0
201,451,7385.8
201,471,11.0
201,488,17.0
201,499,3.0
201,520,10.0
201,532,30.0
201,592,10.0
201,652,18.0
201,653,39.65
201,694,10.0
201,696,10.0
201,699,27.0
201,714,12.0
201,755,10.0
201,776,10.0
201,796,10.0
201,799,10.0
201,897,26.5
201,919,10.0
201,944,21.0
201,947,46.5
201,979,10.0
201,988,10.0
201,1042,10.0
201,1053,20.0
201,1077,10.0
201,1179,10.0
201,1199,7498.35
201,1212,4.0
201,1304,10.0
202,57,15.0
202,81,10.0
202,88,32.0
202,89,444.0
202,95,20.0
202,129,10.0
202,152,10.0
202,153,10.0
202,171,10.0
202,197,9030.7
202,198,129.0
202,213,13.0
202,226,6.0
202,262,26.5
202,306,241.0
202,324,2960.2
202,356,10.0
202,360,25.0
202,362,145.0
202,392,286.0
202,431,177.0
202,519,15.0
202,520,26.0
202,565,18.0
202,578,6.0
202,579,10.0
202,615,62.0
202,650,10.0
202,713,10.0
202,717,10.0
202,726,10.0
202,730,304.0
202,801,136.0
202,828,10.0
202,844,10.0
202,868,34.0
202,883,10.0
202,907,50.0
202,910,140.0
202,1003,15.0
202,1008,6.0
202,1010,1276.85
202,1018,36.0
202,1076,15.0
202,1105,10.0
202,1126,923.0
202,1172,218.0
202,1174,48.0
202,1224,52.0
202,1229,10.0
202,1232,4742.8
202,1245,27.0
202,1253,784.0
202,1262,10.0
202,1283,10.0
202,1287,236.0
202,1313,28.0
202,1356,10.0
204,9,10.0
204,12,10.0
204,14,61.0
204,124,17.0
204,231,20.0
204,274,8214.95
204,285,17.0
204,309,10.0
204,325,10.0
204,370,10.0
204,450,148.0
204,532,36.0
204,568,11.0
204,632,10.0
204,637,19.0
204,672,10.0
204,748,31.0
204,779,346.0
204,811,44.0
204,824,14.0
204,861,2559.95
204,889,24.0
204,893,2953.35
204,921,4413.35
204,944,10.0
204,950,37.0
204,951,5067.9
204,978,1616.5
204,1008,20.0
204,1057,10.0
204,1072,36.0
204,1089,10.0
204,1121,12.0
204,1129,15.0
204,1156,10796.5
204,1185,10.0
204,1234,739.45
204,1302,12.0
204,1303,11.0
204,1309,2656.3
204,1323,10.0
205,33,2099.95
205,48,10.0
205,120,3.0
205,144,32.0
205,152,10.0
205,292,35.0
205,347,13.0
205,420,10.0
205,453,30.5
205,454,10998.6
205,494,14.0
205,523,280.0
205,691,9566.95
205,723,10.0
205,825,31.0
205,854,10.0
205,894,6633.45
205,934,10.0
205,1136,22.55
205,1282,4083.95
205,1296,21.0
205,1300,400.5
205,1355,10.0
206,48,10.0
206,66,6782.5
206,98,15.0
206,115,10.0
206,200,123.0
206,253,10.0
206,270,11.0
206,317,10.0
206,322,10.0
206,356,9.0
206,392,84.0
206,407,15.0
206,414,20.0
206,473,11048.45
206,520,10.0
206,536,10.0
206,609,6583.1
206,627,11.0
206,685,10.0
206,736,175.0
206,814,11.0
206,1066,107.0
206,1070,10.0
206,1141,10.0
206,1204,3.0
206,1253,10.0
206,1271,12.0
206,1276,3069.8
207,12,3951.55
207,32,11.0
207,34,119.0
207,38,10.0
207,74,15.0
207,132,10.0
207,160,8.0
207,213,11.0
207,259,708.0
207,268,10.0
207,285,80.0
207,306,10.0
207,314,10.0
207,319,10.0
207,331,10.0
207,363,41.0
207,398,10.0
207,412,23.0
207,450,38.0
207,532,14.0
207,588,10.0
207,625,10.0
207,635,7808.4
207,657,10.0
207,659,13.0
207,699,71.0
207,715,17.0
207,754,16.0
207,775,11.0
207,790,5621.55
207,851,12.0
207,861,81.0
207,895,36.0
207,941,10.0
207,957,10.0
207,961,96.0
207,1022,40.0
207,1041,10.0
207,1059,10.0
207,1089,215.0
207,1169,193.0
207,1180,73.0
207,1277,187.0
207,1293,82.0
207,1298,175.0
207,1303,17.0
207,1311,116.0
207,1322,10.0
207,1336,6.0
207,1356,91.0
208,194,8569.65
208,201,57.0
208,209,10.0
208,290,26.0
208,300,10251.9
208,372,16.0
208,373,10.0
208,457,32.0
208,634,10.0
208,639,16.0
208,674,10.0
208,678,34.0
208,685,10.0
208,700,8770.0
208,702,10.0
208,789,20.0
208,794,39.0
208,828,10.0
208,829,20.0
208,894,45.0
208,899,48.0
208,985,71.0
208,1093,6927.75
208,1135,16.0
208,1151,10.0
208,1165,23.0
209,12,8.0
209,17,43.0
209,129,10.0
209,208,10.0
209,213,12.0
209,215,729.45
209,220,104.0
209,232,16.0
209,260,11.0
209,271,70.0
209,285,11.0
209,294,7811.95
209,297,14.0
209,302,15.0
209,374,416.0
209,381,61.0
209,384,32.0
209,419,10.0
209,450,10.0
209,466,10.0
209,469,24.0
209,483,10.0
209,484,19.0
209,488,10.0
209,499,10.0
209,517,10.0
209,529,50.0
209,531,10.0
209,537,16.0
209,540,52.0
209,584,10.0
209,603,10.0
209,621,45.0
209,625,4827.05
209,647,10.0
209,654,54.0
209,680,10.0
209,727,10.0
209,744,71.0
209,751,45.05
209,756,10.0
209,771,10.0
209,819,10.0
209,830,45.0
209,844,19.0
209,849,3.0
209,859,54.0
209,860,10.0
209,863,10.0
209,867,63.0
209,881,10.0
209,886,28.0
209,893,345.0
209,897,13.0
209,918,10.0
209,947,16.0
209,951,10.0
209,993,19.0
209,1006,10.0
209,1032,31.0
209,1047,49.0
209,1049,14.0
209,1099,7620.0
209,1111,8924.35
209,1113,10.0
209,1140,57.0
209,1159,6.0
209,1161,10.0
209,1168,122.0
209,1197,30.0
209,1205,50.0
209,1237,113.0
209,1265,10.0
209,1270,10.0
209,1281,56.0
209,1302,50.0
209,1305,64.0
209,1312,123.0
210,47,20.0
210,95,10.0
210,167,48.0
210,173,10785.75
210,253,75.0
210,266,10.0
210,396,99.0
210,424,10.0
210,433,12.0
210,448,10.0
210,463,10.0
210,566,416.0
210,576,82.0
210,627,105.0
210,673,10.0
210,685,47.0
210,719,14.0
210,740,15.0
210,746,10.0
210,769,6075.35
210,822,14.0
210,876,2933.45
210,885,202.0
210,981,10.0
210,984,10.0
210,996,10.0
210,1090,21.0
210,1101,10.0
210,1104,201.0
210,1122,10.0
210,1172,10.0
210,1189,48.0
210,1212,52.75
210,1217,455.0
210,1220,12.0
210,1250,14.0
210,1288,61.0
210,1324,5736.75
210,1346,10.0
210,1348,10.0
210,1361,10.0
212,12,132.0
212,75,85.0
212,97,10.0
212,139,13.0
212,144,63.0
212,154,4575.25
212,160,10.0
212,169,10.0
212,236,156.0
212,252,31.0
212,257,11.0
212,280,10.0
212,288,10.0
212,309,5086.6
212,315,546.0
212,370,28.0
212,374,31.0
212,404,10.0
212,416,15.0
212,426,17.0
212,427,12.0
212,444,187.0
212,482,10.0
212,498,74.0
212,507,50.0
212,508,1037.0
212,512,163.0
212,571,802.0
212,591,579.0
212,642,28.0
212,694,485.0
212,727,10.0
212,728,17.0
212,863,10.0
212,905,34.0
212,918,10.0
212,957,10.0
212,1018,2966.65
212,1052,1176.0
212,1091,1144.0
212,1139,10.0
212,1143,10.0
212,1181,13.0
212,1272,10.0
212,1274,30.0
212,1305,4917.7
212,1311,15.0
213,7,10.0
213,12,1050.0
213,51,60.0
213,71,15.0
213,115,96.0
213,160,4326.85
213,182,10.0
213,189,1357.0
213,202,13.0
213,207,11.0
213,209,12.0
213,221,11.0
213,243,82.0
213,274,14.0
213,288,46.0
213,329,5314.5
213,334,10.0
213,349,10.0
213,386,267.0
213,438,399.0
213,505,7.0
213,540,77.0
213,583,48.0
213,588,92.0
213,620,37.0
213,622,10.0
213,635,259.0
213,696,3.0
213,701,79.0
213,710,127.0
213,744,88.0
213,756,256.0
213,812,17.0
213,833,15.0
213,859,115.0
213,891,61.0
213,941,16.0
213,943,19.0
213,957,10.0
213,1021,10.0
213,1049,79.0
213,1083,1293.0
213,1084,131.0
213,1088,10.0
213,1111,6.0
213,1130,17.0
213,1139,54.0
213,1206,10.0
213,1208,1681.0
213,1234,10.0
213,1252,10.0
213,1258,10.0
213,1290,59.0
213,1303,26.0
215,40,10.0
215,141,10.0
215,151,26.0
215,209,729.45
215,229,24.0
215,230,14.0
215,249,10.0
215,255,203.0
215,315,65.0
215,323,814.0
215,353,64.0
215,370,764.0
215,426,625.0
215,459,13.0
215,539,33.0
215,559,35.0
215,574,18.0
215,602,18.0
215,623,5131.4
215,651,111.0
215,679,10.0
215,693,10638.15
215,727,10455.5
215,751,6125.3
215,849,10.0
215,859,10.0
215,861,6.0
215,865,10.0
215,875,10.0
215,937,10.0
215,993,10.0
215,1026,300.0
215,1140,10.0
215,1174,19.0
215,1201,10.0
215,1203,57.0
215,1235,10.0
215,1270,10.0
215,1273,10.0
215,1281,10.0
215,1294,10.0
215,1305,280.0
215,1315,10.0
215,1341,23.0
215,1351,4.0
216,31,10.0
216,81,177.0
216,104,174.0
216,124,16.0
216,140,25.0
216,151,75.0
216,155,11.0
216,241,52.0
216,246,281.0
216,285,10.0
216,303,10.0
216,315,10.0
216,320,10.0
216,395,85.0
216,412,35.0
216,426,12.0
216,537,15.0
216,547,43.0
216,567,26.0
216,591,7980.85
216,594,64.0
216,610,91.0
216,614,44.0
216,638,10.0
216,657,7746.75
216,757,99.0
216,793,19.0
216,798,372.0
216,817,47.0
216,842,10.0
216,889,39.0
216,907,10.0
216,924,10.0
216,930,80.0
216,937,11.0
216,964,55.0
216,1022,36.0
216,1026,10.0
216,1034,10.0
216,1052,150.0
216,1054,10.0
216,1065,61.0
216,1105,83.0
216,1180,105.0
216,1194,12.0
216,1203,16.0
216,1221,10.0
216,1235,10.0
216,1254,437.0
216,1287,10.0
216,1291,10.0
218,22,2531.5
218,120,8.0
218,128,10.0
218,130,10.0
218,142,3725.1
218,152,29.0
218,223,10.0
218,296,11.0
218,322,20.5
218,330,10.0
218,360,12.0
218,383,10.0
218,432,1714.2
218,470,71.0
218,493,10.0
218,515,53.0
218,516,1880.6
218,530,13.0
218,553,10.0
218,565,12.0
218,578,15.0
218,600,10.0
218,609,10.0
218,617,8.0
218,630,1546.0
218,684,13.0
218,688,83.0
218,689,49.0
218,720,2049.1
218,769,10.0
218,862,10.0
218,885,10.0
218,1046,9525.1
218,1108,12.0
218,1116,1320.0
218,1172,64.0
218,1182,235.0
218,1345,17.0
218,1363,668.0
219,23,125.0
219,32,16.0
219,102,10.0
219,189,17.0
219,198,11.0
219,199,6700.95
219,232,11.0
219,243,10.0
219,264,247.0
219,316,10.0
219,333,43.0
219,353,20.5
219,372,10.0
219,411,7185.4
219,460,9691.15
219,522,22.0
219,534,2710.2
219,586,9.0
219,607,9177.1
219,622,73.0
219,634,26.0
219,665,17.0
219,680,10.0
219,725,417.0
219,791,31.0
219,793,28.0
219,818,28.0
219,842,3266.25
219,860,67.0
219,873,10.0
219,906,15.0
219,935,10.0
219,972,10.0
219,1012,10.0
219,1077,10.0
219,1088,10.0
219,1089,10.0
219,1118,10.0
219,1166,359.0
219,1207,9.0
219,1211,25.0
219,1284,27.0
219,1286,65.0
219,1287,10.0
219,1289,10.0
219,1291,15.0
219,1320,15.0
220,45,3796.45
220,75,10.0
220,124,39.0
220,139,10.0
220,180,10.0
220,181,12.0
220,185,22.0
220,209,104.0
220,303,10.0
220,416,21.0
220,438,10.0
220,440,45.0
220,482,8978.8
220,484,49.0
220,502,10.0
220,513,16.0
220,532,10.0
220,544,512.0
220,577,10.0
220,598,13.0
220,605,84.0
220,616,10.0
220,621,37.0
220,637,10.0
220,680,10.0
220,803,10.0
220,819,49.0
220,830,12.0
220,842,10.0
220,860,10.0
220,872,551.0
220,886,10.0
220,889,10.0
220,925,8778.2
220,949,22.0
220,953,196.0
220,961,2545.3
220,964,13.0
220,1022,6.0
220,1040,11.0
220,1047,117.0
220,1064,15.0
220,1106,346.0
220,1124,10.0
220,1127,100.0
220,1155,11.0
220,1159,17.0
220,1179,26.5
220,1208,189.0
220,1221,100.0
220,1289,3292.45
220,1302,53.0
220,1342,10.0
220,1356,13.0
221,10,28.0
221,71,82.0
221,184,51.0
221,213,11.0
221,229,7.0
221,250,10.0
221,264,163.0
221,288,10.0
221,294,25.0
221,363,10.0
221,450,7654.6
221,466,6933.95
221,482,47.0
221,483,74.0
221,579,10.0
221,605,9330.7
221,635,80.0
221,690,10.0
221,698,29.0
221,749,13.0
221,756,76.0
221,833,82.0
221,883,41.0
221,905,10.0
221,945,26.0
221,954,45.0
221,957,10.0
221,973,20.0
221,1018,146.0
221,1026,80.0
221,1047,10.0
221,1062,10.0
221,1064,20.0
221,1124,10.0
221,1130,81.0
221,1168,9511.6
221,1241,10.0
221,1258,36.0
221,1266,20.0
221,1284,28.0
221,1318,12.0
221,1319,10.0
221,1352,8827.15
222,12,67.0
222,19,39.0
222,27,27.0
222,32,286.0
222,38,10.0
222,76,15.0
222,184,14.0
222,271,14.0
222,280,10.0
222,294,42.0
222,374,15.0
222,409,14.0
222,482,26.0
222,512,16.0
222,544,10.0
222,613,18.0
222,647,10.0
222,668,11074.0
222,709,4401.25
222,754,35.0
222,809,10.0
222,838,13.0
222,878,10.0
222,882,17.0
222,886,10.0
222,913,33.0
222,953,444.0
222,969,35.0
222,986,10.0
222,1009,8.0
222,1044,30.0
222,1051,12.0
222,1061,10.0
222,1106,352.0
222,1121,11.0
222,1124,67.0
222,1205,24.0
222,1209,7.0
222,1299,18.0
223,55,40.0
223,158,16.0
223,179,29.0
223,218,10.0
223,330,11.0
223,383,20.0
223,394,68.0
223,417,10.0
223,421,22.0
223,435,12.0
223,436,2919.8
223,491,10.0
223,493,56.0
223,514,5.0
223,530,10.0
223,541,58.0
223,567,57.0
223,599,5551.55
223,661,17.0
223,673,10.0
223,724,10585.3
223,726,88.0
223,814,2326.5
223,820,18.0
223,829,10.0
223,835,9027.1
223,929,15.0
223,1029,10.0
223,1030,3112.2
223,1037,10.0
223,1038,10.0
223,1116,10.0
223,1123,18.0
223,1189,14.0
223,1192,1059.0
223,1214,72.0
223,1220,24.0
223,1246,10.0
223,1283,314.0
223,1296,17.0
223,1314,485.55
223,1325,10.0
223,1354,6.0
224,56,10.0
224,112,20.5
224,113,10.0
224,325,540.0
224,337,19.0
224,642,10.0
224,663,1545.85
224,680,10.0
224,692,10.0
224,736,10.0
224,775,113.0
224,785,57.0
224,817,59.0
224,869,10.0
224,886,10.0
224,904,10.0
224,945,20.0
224,953,10.0
224,958,551.0
224,1035,10.0
224,1041,4960.45
224,1053,6.0
224,1105,85.0
224,1136,13.0
224,1159,10.0
224,1167,10.0
224,1169,10.0
224,1179,26.0
224,1197,10.0
224,1205,38.0
224,1272,10699.75
224,1359,10.0
225,49,10.0
225,61,369.0
225,155,11.0
225,157,40.0
225,184,969.9
225,264,23.0
225,288,24.6
225,314,739.0
225,323,10997.3
225,336,911.85
225,343,11.0
225,370,876.9
225,412,11.0
225,539,10.0
225,541,20.0
225,564,11.0
225,567,11.0
225,568,10.0
225,584,862.0
225,622,30.0
225,623,20.0
225,638,10.0
225,645,66.0
225,654,28.0
225,672,10.0
225,751,10.0
225,817,10.0
225,849,385.0
225,868,11.0
225,906,123.0
225,954,10.0
225,968,10.0
225,1001,359.0
225,1007,11.0
225,1018,15.0
225,1026,10.0
225,1166,63.0
225,1224,821.0
225,1304,10.0
225,1305,14.0
225,1322,43.0
225,1351,10.0
226,5,10.0
226,64,16.0
226,81,40.0
226,96,10.0
226,100,7.0
226,130,10.0
226,134,15.0
226,182,10.0
226,202,6.0
226,293,2546.55
226,362,6.0
226,421,15.0
226,433,10.0
226,476,3.0
226,478,10.0
226,514,41.0
226,552,739.0
226,573,10.0
226,576,12.0
226,650,14.0
226,706,47.0
226,732,14.0
226,746,7903.2
226,801,265.0
226,823,10.0
226,946,10.0
226,947,3.0
226,1012,10.0
226,1070,16.0
226,1123,1243.0
226,1125,29.0
226,1133,3.0
226,1172,192.0
226,1182,79.0
226,1184,10.0
226,1229,45.0
226,1231,10.0
226,1232,10.0
226,1245,10.0
226,1280,10.0
226,1313,10.0
226,1344,1638.0
226,1354,10.0
226,1363,11.0
227,38,10.0
227,52,10.0
227,74,13.0
227,101,2459.0
227,103,23.0
227,107,7510.7
227,196,40.0
227,280,11.0
227,295,2070.0
227,352,10.0
227,440,24.0
227,526,12.0
227,533,20.0
227,605,77.0
227,618,8839.15
227,666,3846.1
227,671,10.0
227,754,8348.45
227,800,4.0
227,863,30.0
227,867,18.0
227,882,7.0
227,950,10.0
227,953,252.0
227,958,135.0
227,1009,10.0
227,1011,1078.3
227,1106,63.0
227,1112,13.0
227,1160,10.0
227,1181,10.0
227,1225,79.0
227,1237,16.0
227,1277,10.0
227,1336,12.0
227,1342,10.0
228,22,30.0
228,55,10.0
228,57,3.0
228,64,14.0
228,88,10.0
228,91,9129.25
228,96,1350.0
228,98,10.0
228,200,2341.0
228,284,16.0
228,305,10.0
228,322,10.0
228,362,175.0
228,414,10607.3
228,430,69.0
228,433,18.0
228,538,10.0
228,541,36.0
228,617,54.0
228,650,29.15
228,660,10.0
228,687,10.0
228,726,10.0
228,730,58.0
228,832,4.0
228,854,10.0
228,885,12.0
228,1187,10.0
228,1263,37.0
228,1313,452.0
229,9,6.0
229,76,24.0
229,104,10.0
229,132,29.0
229,190,44.0
229,215,24.0
229,221,7.0
229,265,29.0
229,312,3205.8
229,352,27.0
229,379,4620.4
229,382,10.0
229,451,6.0
229,465,24.0
229,483,19.0
229,488,10.0
229,497,13.0
229,529,43.0
229,557,29.0
229,563,10.0
229,575,83.0
229,602,10633.6
229,613,10.0
229,635,10.0
229,653,12.0
229,671,12.0
229,701,47.0
229,709,10.0
229,710,32.0
229,714,10.0
229,733,34.0
229,751,28.0
229,756,10.0
229,771,13.0
229,796,10.0
229,803,19.0
229,811,12.0
229,845,17.0
229,886,10.0
229,898,16.0
229,901,4965.7
229,963,10.0
229,966,10.0
229,991,10.0
229,1032,25.0
229,1054,10.0
229,1083,16.0
229,1208,3035.95
229,1225,10.0
229,1273,89.95
229,1315,34.0
229,1359,11.0
230,141,13.0
230,215,14.0
230,233,7733.7
230,348,5.0
230,377,109.0
230,560,20.5
230,952,18.0
230,1089,3.0
230,1113,14.0
230,1118,10.0
230,1183,11.0
230,1341,1692.0
230,1351,15.0
230,1358,739.0
232,17,20.0
232,75,10.0
232,84,10.0
232,209,16.0
232,219,11.0
232,268,11.0
232,328,24.0
232,413,6746.1
232,466,30.0
232,472,7.0
232,533,15.0
232,604,10980.1
232,633,609.0
232,732,41.0
232,827,10.0
232,845,10.0
232,897,37.0
232,918,50.0
232,923,10.0
232,979,5294.7
232,999,6062.4
232,1205,45.0
232,1213,4.0
232,1215,10.0
232,1295,30.0
232,1358,25.0
233,99,32.8
233,230,7733.7
233,316,8.0
233,371,10.0
233,496,11.0
233,522,20.5
233,541,4742.35
233,739,15.0
233,761,13.0
233,824,20.5
233,935,10.0
233,952,8.0
233,1096,2029.7
233,1183,10.0
233,1341,4607.8
236,12,10.0
236,38,27.0
236,75,8437.35
236,95,10.0
236,103,10.0
236,118,10.0
236,122,72.0
236,139,12.0
236,176,10.0
236,212,156.0
236,363,14.0
236,374,10.0
236,395,10.0
236,406,30.0
236,444,10.0
236,512,65.0
236,591,4.0
236,642,63.0
236,733,5104.25
236,756,18.0
236,778,10.0
236,796,10.0
236,893,24.0
236,905,40.0
236,951,14.0
236,964,10.0
236,986,23.0
236,1049,52.0
236,1111,19.0
236,1130,52.0
236,1137,10489.85
236,1254,13.0
236,1290,30.0
236,1328,2550.4
236,1335,598.0
236,1349,13.0
237,260,608.0
237,369,77.45
237,464,11.0
237,500,3414.2000000000003
237,544,10.0
237,577,12.0
237,598,31.0
237,729,20.5
237,884,400.0
237,953,10.0
237,998,11.0
237,1011,10.0
237,1143,10.0
237,1159,59.0
237,1164,5996.05
237,1236,31.8
237,1240,11.0
237,1265,10.0
238,55,7765.75
238,88,10.0
238,130,5878.85
238,133,11162.3
238,134,10.0
238,135,15.0
238,142,23.0
238,158,135.0
238,167,10.0
238,168,10.0
238,276,10.0
238,282,2144.6
238,293,10.0
238,298,10.0
238,318,36.0
238,383,38.0
238,417,119.0
238,432,6074.7
238,436,33.0
238,439,6.0
238,478,3611.4500000000003
238,566,10.0
238,612,10.0
238,617,4.0
238,644,13.0
238,667,20.0
238,720,10.0
238,765,10.0
238,814,70.0
238,984,10.0
238,990,17.0
238,1031,10.0
238,1037,20.5
238,1135,77.0
238,1217,25.0
238,1218,10.0
238,1296,43.0
238,1307,17.0
238,1325,10.0
238,1346,10.0
238,1353,3.0
238,1357,10.0
238,1360,10.0
239,10,4.0
239,31,10.0
239,50,174.0
239,54,48.0
239,81,2106.5
239,99,26.5
239,128,10.0
239,132,10.0
239,140,10.0
239,162,15.0
239,169,10.0
239,187,10.0
239,241,10.25
239,257,21.0
239,262,10.0
239,304,21.0
239,333,7702.950000000001
239,353,19.0
239,419,33.0
239,534,162.0
239,539,58.0
239,542,10848.75
239,563,10.0
239,591,13.0
239,595,3496.35
239,676,10.0
239,731,12.0
239,761,8761.85
239,831,10.0
239,903,10.0
239,907,34.0
239,935,241.0
239,968,24.0
239,989,140.0
239,1015,15.0
239,1088,3420.7
239,1105,10.0
239,1131,6.0
239,1180,12.0
239,1259,25.0
239,1285,216.0
240,198,4177.25
240,291,1976.75
240,305,15.0
240,431,447.0
240,488,10.0
240,528,10.0
240,563,10.0
240,607,11.0
240,680,2956.65
240,691,10.0
240,713,330.0
240,730,10.0
240,739,2483.05
240,883,8.2
240,910,3478.75
240,988,116.0
240,1008,2423.3
240,1015,10.0
240,1064,49.0
240,1091,10.0
240,1174,184.0
240,1235,850.45
240,1294,181.0
241,29,10.0
241,50,3601.4
241,60,21.0
241,114,10.0
241,140,10132.95
241,164,85.0
241,196,10.0
241,216,52.0
241,239,10.25
241,304,8909.75
241,315,27.0
241,388,10.0
241,541,10.0
241,542,11.0
241,557,27.0
241,559,205.0
241,571,10.0
241,574,121.0
241,594,20.5
241,610,77.0
241,616,10.0
241,694,225.0
241,704,53.0
241,795,10.0
241,796,32.0
241,817,129.0
241,826,10.0
241,865,16.0
241,870,17.0
241,888,10.0
241,903,16.0
241,976,134.0
241,989,8613.0
241,1088,1977.05
241,1089,10.0
241,1091,117.0
241,1182,10.0
241,1185,11.0
241,1190,702.0
241,1191,40.0
241,1216,16.0
241,1259,4585.75
241,1275,10.0
241,1290,4.0
241,1311,1154.0
242,22,43.5
242,50,1662.0
242,69,10.0
242,83,11.0
242,157,20.0
242,160,10.0
242,278,351.0
242,292,12.0
242,322,13.0
242,339,32.0
242,387,6.0
242,391,1002.0
242,441,1831.15
242,457,2843.15
242,512,15.0
242,534,10.0
242,564,15.0
242,573,10.0
242,579,11006.0
242,593,111.0
242,610,18.0
242,629,12.0
242,702,10.0
242,752,10.0
242,822,10.0
242,883,19.0
242,899,2842.6
242,945,10.0
242,956,22.0
242,989,1609.0
242,1018,83.0
242,1019,16.0
242,1046,2902.95
242,1064,10.0
242,1074,11.0
242,1259,1690.0
242,1287,41.0
242,1311,10.0
242,1319,18.0
243,30,210.0
243,81,98.0
243,164,10.0
243,189,16.0
243,213,82.0
243,219,10.0
243,234,10.0
243,267,22.0
243,386,48.0
243,416,142.0
243,437,7945.7
243,496,10.0
243,603,178.0
243,622,14.0
243,646,10.0
243,651,10.0
243,653,80.0
243,656,10.0
243,725,10.0
243,761,10.0
243,791,24.0
243,797,10.0
243,818,63.0
243,860,134.0
243,868,105.0
243,906,83.0
243,911,33.0
243,912,68.0
243,931,105.0
243,943,229.0
243,1084,240.0
243,1086,28.0
243,1118,23.0
243,1120,10.0
243,1203,3.0
243,1235,7886.099999999999
243,1275,12.0
243,1351,10.0
243,1358,229.0
244,17,10.0
244,20,10.0
244,83,10.0
244,156,7432.5
244,254,10.0
244,262,10.0
244,266,10.0
244,270,10.0
244,293,26.0
244,364,10.0
244,392,10.0
244,393,202.0
244,468,1687.0
244,470,10.0
244,511,16.0
244,544,10.0
244,553,10.0
244,565,142.0
244,599,45.0
244,629,2541.2
244,649,10.0
244,700,8.0
244,702,16.0
244,747,10.0
244,769,14.0
244,801,22.0
244,825,12.0
244,856,10.0
244,874,10.0
244,942,10.0
244,985,96.0
244,1033,303.0
244,1076,15.0
244,1102,108.0
244,1119,14.0
244,1202,71.0
244,1229,7.0
244,1232,10.0
244,1238,11.0
244,1271,2753.6
244,1278,10.0
244,1288,10.0
244,1307,259.0
244,1314,38.0
244,1327,750.5
244,1344,11.0
244,1345,85.0
244,1350,1045.0
244,1353,85.0
245,31,10.0
245,89,14.0
245,106,6139.35
245,116,10.0
245,169,63.0
245,171,188.0
245,175,58.0
245,187,67.0
245,407,361.0
245,435,37.0
245,439,10.0
245,445,315.2
245,510,10.0
245,530,10.0
245,548,1446.0
245,555,10.0
245,573,343.0
245,601,250.0
245,614,6.0
245,660,10.0
245,673,27.0
245,683,24.0
245,687,10.0
245,723,208.0
245,761,21.0
245,789,10.0
245,823,35.0
245,894,119.0
245,920,45.0
245,926,22.0
245,934,86.0
245,988,16.0
245,990,10.0
245,1003,17.0
245,1025,1170.6
245,1110,373.0
245,1142,321.0
245,1145,80.0
245,1204,97.0
245,1214,118.0
245,1223,10.0
245,1228,10.0
246,50,10.0
246,60,11.0
246,81,30.0
246,111,41.0
246,121,12.0
246,151,11100.3
246,216,281.0
246,251,101.0
246,255,740.4
246,285,11.0
246,294,10.0
246,304,133.0
246,305,10.0
246,315,184.0
246,333,56.0
246,353,14.0
246,467,4.0
246,517,10.0
246,547,23.0
246,567,217.0
246,571,11.0
246,572,57.0
246,574,30.0
246,587,21.0
246,594,9847.0
246,595,10.0
246,651,49.0
246,654,10.0
246,676,10.0
246,694,316.0
246,738,66.0
246,750,70.0
246,826,31.0
246,842,10.0
246,861,56.0
246,883,119.0
246,930,4899.15
246,953,128.0
246,968,49.75
246,1002,8197.8
246,1036,10.0
246,1088,10.0
246,1089,13.0
246,1106,10.0
246,1113,10.0
246,1120,127.0
246,1144,70.0
246,1169,14.0
246,1201,25.0
246,1259,20.5
246,1270,17.0
246,1305,55.0
247,13,10680.55
247,73,12.0
247,248,25.0
247,294,323.0
247,302,1328.0
247,398,10.0
247,409,10.0
247,461,12.0
247,479,10.0
247,531,10.0
247,540,67.0
247,583,12.0
247,585,10.0
247,604,146.0
247,613,10.0
247,618,14.0
247,626,42.0
247,642,10.0
247,656,10.0
247,729,11.0
247,754,26.0
247,776,21.0
247,905,10.0
247,912,10.0
247,915,10.0
247,949,991.15
247,1001,14.0
247,1028,10.0
247,1237,40.0
248,38,13.0
248,46,10.0
248,49,11.0
248,103,10.0
248,123,27.0
248,125,10.0
248,247,25.0
248,302,13.0
248,368,10.0
248,369,10.0
248,375,10.0
248,381,2363.4
248,389,20.5
248,404,32.0
248,466,48.0
248,499,131.0
248,512,36.0
248,583,13.0
248,613,12.0
248,621,18.0
248,626,10.0
248,729,10.0
248,838,10.0
248,869,10.0
248,886,70.0
248,890,20.0
248,893,21.0
248,895,10.0
248,905,6.0
248,951,53.0
248,979,52.0
248,999,50.0
248,1080,2473.75
248,1199,10.0
248,1254,44.0
248,1309,11.0
249,14,15.0
249,26,10.0
249,46,10.0
249,87,11.0
249,119,57.4
249,157,521.4
249,185,11048.65
249,215,10.0
249,304,117.0
249,333,53.0
249,467,10.0
249,517,10.0
249,569,54.0
249,694,22.0
249,712,12.0
249,715,139.0
249,1159,107.0
249,1225,14.0
249,1265,10.0
249,1291,10.0
249,1341,44.0
250,73,1777.0
250,221,10.0
250,465,1519.0
250,865,1274.0
250,949,337.55
250,1109,1495.0
250,1180,17.0
250,1205,147.0
250,1299,30.0
250,1352,13.0
251,86,10.0
251,111,195.0
251,119,706.0
251,151,148.0
251,184,2058.95
251,246,101.0
251,275,10.0
251,285,10.0
251,299,10.0
251,305,81.0
251,398,24.0
251,412,1209.5
251,426,704.35
251,508,10.0
251,513,1326.0
251,559,24.0
251,572,167.0
251,587,8467.65
251,669,10.0
251,692,10.0
251,703,10.0
251,750,104.0
251,798,108.0
251,800,2987.5
251,861,10.0
251,891,735.0
251,915,1323.0
251,921,12.3
251,948,13.0
251,1001,10.0
251,1023,10.0
251,1036,57.95
251,1047,7.0
251,1155,1453.05
251,1196,10.0
251,1273,255.0
251,1287,182.0
252,10,1176.0
252,81,10.0
252,212,31.0
252,333,10.0
252,505,9634.85
252,522,11.0
252,542,10.0
252,563,10.0
252,569,108.0
252,594,10.0
252,784,25.0
252,791,214.0
252,952,25.0
252,1008,145.0
252,1096,10.0
252,1191,77.0
252,1252,10.0
252,1341,14.0
252,1342,10.0
252,1358,10.0
253,69,10.0
253,91,10.0
253,126,7.0
253,194,3.0
253,206,10.0
253,210,75.0
253,383,11.0
253,396,12.0
253,420,50.0
253,433,1328.4
253,445,21.0
253,473,48.0
253,491,11.0
253,492,7908.8
253,515,10.0
253,562,6.0
253,566,1211.5
253,576,10436.1
253,578,40.0
253,608,10.0
253,609,43.0
253,615,5357.6
253,617,162.0
253,667,14.0
253,678,10.0
253,685,6.0
253,719,69.0
253,839,4.0
253,862,11.0
253,894,19.0
253,946,10.0
253,1086,4.0
253,1107,10.0
253,1182,2948.8
253,1348,10.0
254,12,573.0
254,95,10.0
254,126,12.0
254,244,10.0
254,288,18.0
254,293,34.0
254,305,933.0
254,319,10.0
254,324,10833.75
254,335,69.0
254,336,11.0
254,347,10.0
254,367,10.0
254,372,34.0
254,386,39.0
254,398,10.0
254,427,56.0
254,445,11.0
254,458,10.0
254,487,25.0
254,493,28.0
254,494,571.0
254,548,10.0
254,553,58.0
254,573,34.0
254,614,20.0
254,615,11.0
254,665,525.0
254,667,10.0
254,687,38.0
254,693,16.0
254,727,25.0
254,751,10.0
254,789,10.0
254,854,19.0
254,971,10.0
254,1010,465.0
254,1024,10.0
254,1049,11.0
254,1067,14.0
254,1068,3.0
254,1070,10.0
254,1072,10.0
254,1102,58.0
254,1162,38.0
254,1177,6.0
254,1188,129.0
254,1193,10.0
254,1203,10.0
254,1207,10.0
254,1212,44.0
254,1232,84.0
254,1253,11.0
254,1290,10.0
254,1307,68.0
254,1350,7.0
254,1360,77.0
255,41,10.0
255,104,10.0
255,151,14.0
255,185,10.0
255,215,203.0
255,246,740.4
255,297,10.0
255,311,15.0
255,397,42.0
255,400,10.0
255,467,14.0
255,559,84.0
255,574,73.0
255,608,10.0
255,622,10.0
255,645,10.0
255,654,21.0
255,676,10.0
255,680,16.0
255,693,10.0
255,727,23.0
255,742,172.0
255,751,29.0
255,778,53.0
255,800,10.0
255,845,10.0
255,847,10.0
255,883,10.0
255,950,305.0
255,968,14.0
255,993,10.0
255,1002,2969.25
255,1089,14.0
255,1096,10.0
255,1143,10.0
255,1169,10.0
255,1351,70.0
256,112,14.0
256,137,10.0
256,168,8338.2
256,192,8445.35
256,322,10.0
256,335,10.0
256,428,263.0
256,446,18.0
256,456,10.0
256,470,10.0
256,523,10.0
256,547,23.0
256,566,10.0
256,576,22.0
256,578,27.0
256,660,7283.65
256,673,37.5
256,763,26.5
256,907,10.0
256,955,22.55
256,970,10.0
256,995,20.5
256,1039,10.0
256,1129,10.0
256,1135,10.0
256,1221,294.0
256,1228,10.0
256,1246,10.0
256,1254,10.0
256,1293,10.0
257,4,447.0
257,58,10.0
257,79,5957.0
257,132,721.0
257,212,11.0
257,239,21.0
257,298,23.0
257,328,10.0
257,387,122.0
257,395,5465.35
257,400,4881.2
257,427,10.0
257,432,23.0
257,591,10.0
257,693,12.0
257,694,6.0
257,731,532.0
257,845,364.0
257,1002,10.0
257,1018,10.0
257,1132,15.0
257,1201,11.0
257,1203,10.0
257,1236,3.0
257,1275,25.0
257,1285,18.0
257,1340,10.0
258,44,1478.0
258,104,10.0
258,129,6.0
258,337,1281.0
258,502,10.0
258,517,10.0
258,559,10.0
258,560,5007.9
258,590,10679.65
258,636,1740.0
258,646,20.5
258,791,14.0
258,937,6402.75
258,954,10.0
258,989,10.0
258,1002,11.0
258,1098,250.0
258,1120,10.0
258,1185,1370.0
258,1351,10.0
259,26,26.0
259,28,40.0
259,179,10.0
259,201,13.0
259,207,708.0
259,260,10.0
259,363,10.0
259,373,10.0
259,411,121.0
259,413,10.0
259,415,10586.25
259,438,17.0
259,469,6966.9
259,477,122.0
259,488,14.35
259,497,10.0
259,498,10.0
259,550,89.0
259,555,10.0
259,583,118.0
259,623,538.0
259,634,13.0
259,713,10.0
259,752,16.0
259,778,44.0
259,826,15.0
259,827,10.0
259,863,10.0
259,896,50.0
259,916,10.0
259,963,10.0
259,1077,11.0
259,1079,20.0
259,1080,10.0
259,1117,117.0
259,1197,2542.9
259,1208,13.0
259,1236,16.0
259,1284,10.0
259,1349,86.6
260,20,12.0
260,52,30.0
260,136,39.0
260,188,92.0
260,209,11.0
260,237,608.0
260,259,10.0
260,268,10.0
260,295,41.0
260,307,10.0
260,325,372.0
260,352,11.0
260,416,10.0
260,525,10.0
260,526,34.0
260,529,11.0
260,554,31.0
260,606,20.0
260,728,10.0
260,748,56.0
260,852,713.4
260,867,16.0
260,869,9.0
260,969,12.0
260,1013,7563.85
260,1028,69.0
260,1045,7114.0
260,1053,15.0
260,1106,10.0
260,1112,17.0
260,1181,38.0
260,1200,7.0
260,1256,10.0
260,1336,10.0
261,543,965.0
261,689,16.0
261,700,10.0
261,786,1480.0
261,934,10.0
261,955,10.0
261,1173,7.0
262,53,3892.7
262,54,59.0
262,57,14.0
262,64,10.0
262,87,10.0
262,99,17.0
262,115,20.0
262,175,345.0
262,199,10.0
262,202,26.5
262,239,10.0
262,244,10.0
262,321,43.0
262,324,11.0
262,330,15.0
262,360,10.0
262,366,11.0
262,435,1415.0
262,468,10.0
262,493,12.0
262,514,1355.0
262,589,10.0
262,650,7.0
262,675,10.0
262,717,10309.4
262,797,26.0
262,825,10.0
262,844,3497.5
262,1000,14.0
262,1010,10.0
262,1025,1308.0
262,1075,1140.55
262,1119,48.0
262,1188,10.0
262,1232,10.0
262,1353,10.0
264,49,13.0
264,50,32.8
264,81,27.0
264,126,10.0
264,131,10.0
264,219,247.0
264,221,163.0
264,225,23.0
264,291,10.0
264,323,41.0
264,334,10.0
264,397,14.0
264,402,10.0
264,443,19.0
264,460,60.0
264,496,6388.7
264,541,10.0
264,571,10.0
264,579,10.0
264,594,20.5
264,654,10.0
264,725,10704.3
264,744,10.0
264,778,20.5
264,859,10.0
264,945,52.0
264,948,385.0
264,954,9057.15
264,970,16.0
264,972,504.85
264,973,53.0
264,1018,10.0
264,1084,10.0
264,1166,1399.5
264,1169,9501.65
264,1257,13.0
264,1258,48.0
264,1320,225.0
264,1352,27.0
265,29,41.0
265,81,60.0
265,83,10.0
265,104,11.0
265,123,16.0
265,131,117.0
265,136,145.0
265,164,20.5
265,229,29.0
265,371,8895.6
265,381,37.0
265,467,14.0
265,514,120.0
265,528,58.0
265,548,7.0
265,563,10.0
265,672,10202.3
265,679,346.0
265,748,20.0
265,751,10.0
265,824,33.0
265,908,7836.8
265,931,2741.65
265,968,10.0
265,1008,6.0
265,1025,121.0
265,1089,10.0
265,1146,10.0
265,1156,10.0
265,1191,105.0
265,1201,7463.4
265,1203,5891.6
265,1215,61.0
265,1291,10.0
266,54,94.0
266,57,5764.15
266,95,10.0
266,96,10.0
266,100,289.0
266,210,10.0
266,244,10.0
266,270,164.0
266,276,13.0
266,317,10.0
266,357,10.0
266,364,10.0
266,403,28.0
266,407,19.0
266,414,11.0
266,418,10.0
266,421,242.0
266,442,3.0
266,446,223.45
266,456,1286.0
266,468,9905.9
266,516,73.0
266,548,10.0
266,562,256.0
266,582,10.0
266,599,15.0
266,644,10.0
266,664,114.0
266,702,3598.45
266,706,10.0
266,717,8.0
266,765,149.0
266,835,104.0
266,839,35.0
266,864,10.0
266,981,10.0
266,1000,10.0
266,1017,49.0
266,1038,10.0
266,1069,130.0
266,1070,7547.6
266,1102,79.0
266,1104,10.0
266,1108,10.0
266,1116,253.0
266,1122,11.0
266,1123,267.0
266,1162,11096.8
266,1188,97.0
266,1189,10.0
266,1212,27.0
266,1223,71.0
266,1242,28.0
266,1310,15.0
266,1313,130.0
266,1314,109.0
266,1339,103.0
268,3,10.0
268,38,10.0
268,72,697.0
268,78,10.0
268,101,10.0
268,108,46.0
268,190,11.0
268,207,10.0
268,232,11.0
268,260,10.0
268,307,1836.0
268,331,10.0
268,387,62.0
268,464,20.0
268,497,1966.0
268,526,12.0
268,531,13.0
268,537,10376.0
268,545,5522.599999999999
268,557,14.0
268,626,45.0
268,682,10.0
268,684,10.0
268,771,1405.0
268,806,48.0
268,933,10.0
268,953,6.0
268,960,14.0
268,970,10.0
268,977,48.0
268,978,109.0
268,1013,11.0
268,1032,15.0
268,1054,20.0
268,1082,6.0
268,1167,22.0
268,1208,10.0
268,1233,10.0
268,1274,10.0
269,171,10.0
269,347,3.0
269,364,117.0
269,383,341.0
269,392,7078.25
269,445,10.0
269,675,1375.0
269,730,3760.85
269,825,10.0
269,864,10.0
269,920,6599.65
269,1016,17.0
269,1116,369.0
269,1165,20.0
269,1212,201.0
269,1321,5826.6
269,1332,10.0
269,1353,119.0
270,22,10.0
270,95,119.0
270,100,806.0
270,130,10.0
270,158,5677.95
270,173,17.0
270,206,11.0
270,244,10.0
270,266,164.0
270,276,36.5
270,277,10.0
270,282,27.0
270,318,133.0
270,364,23.0
270,420,54.0
270,423,13.0
270,424,99.0
270,432,1333.05
270,433,5390.4
270,457,61.0
270,478,1530.3
270,491,74.0
270,516,2095.8
270,644,2045.8
270,673,1537.3
270,736,10.0
270,763,5065.35
270,839,2257.3
270,868,10.0
270,985,10.0
270,1066,18.0
270,1075,22.0
270,1107,30.0
270,1116,4639.95
270,1135,1721.5
270,1145,10.0
270,1158,10.0
270,1162,10.0
270,1198,24.0
270,1212,114.0
270,1253,10.0
270,1345,48.0
271,10,10.0
271,12,155.0
271,38,20.5
271,40,28.0
271,49,43.0
271,78,11.0
271,103,27.0
271,196,615.0
271,209,70.0
271,222,14.0
271,288,11.0
271,294,77.0
271,306,53.0
271,340,18.0
271,365,10.0
271,374,1393.0
271,389,27.0
271,395,15.0
271,444,10.0
271,450,10.0
271,461,27.0
271,498,10.0
271,512,10.0
271,558,45.0
271,568,10.0
271,621,2184.2
271,623,11.0
271,668,44.0
271,699,66.0
271,790,17.0
271,824,10.0
271,830,10.0
271,849,10.0
271,867,6.0
271,878,62.0
271,893,15.0
271,902,2238.0
271,905,50.0
271,913,10.0
271,942,2296.55
271,949,10.0
271,964,12.0
271,979,10.0
271,991,36.0
271,1018,10.0
271,1023,67.0
271,1054,10.0
271,1080,10.0
271,1111,13.0
271,1130,10.0
271,1161,72.0
271,1168,103.0
271,1206,16.0
271,1233,8885.15
271,1234,24.0
271,1237,39.0
271,1241,32.0
271,1265,15.0
271,1312,17.0
271,1326,42.0
272,7,10.0
272,20,449.0
272,56,10.0
272,125,10.0
272,172,57.0
272,176,10.0
272,285,10.0
272,361,10.0
272,398,10.0
272,404,35.0
272,452,58.0
272,637,125.0
272,694,36.0
272,736,10.0
272,770,16.0
272,809,142.0
272,860,16.0
272,881,14.0
272,925,140.0
272,947,10.0
272,998,10.0
272,1004,10.0
272,1027,10.0
272,1049,10.0
272,1057,25.0
272,1237,347.0
272,1255,5302.25
272,1269,11.0
272,1289,32.0
272,1302,38.0
272,1303,3665.15
272,1304,4418.5
272,1335,10.0
272,1358,36.0
273,102,53.0
273,113,649.85
273,189,79.0
273,341,11.0
273,352,10.0
273,379,10.0
273,380,7369.95
273,598,8371.7
273,802,17.0
273,811,5641.9
273,871,6877.8
273,872,10.0
273,904,46.9
273,925,47.0
273,1042,977.5
273,1326,20.5
274,88,10.0
274,101,12.0
274,127,40.0
274,146,16.0
274,204,8214.95
274,213,14.0
274,340,244.0
274,363,16.0
274,370,10.0
274,412,4877.75
274,426,12.0
274,450,11.0
274,455,7.0
274,476,155.0
274,531,115.0
274,557,10.0
274,694,10.0
274,736,84.0
274,756,9.0
274,775,13.0
274,800,3989.95
274,812,10.0
274,845,12.0
274,859,36.0
274,861,1018.5
274,863,10.0
274,893,39.0
274,921,10291.8
274,947,55.0
274,978,24.0
274,982,12.0
274,1011,10.0
274,1041,16.0
274,1064,28.0
274,1080,10.0
274,1101,10.0
274,1129,10.0
274,1155,3908.25
274,1156,7447.6
274,1167,11.0
274,1265,52.0
274,1272,10.0
274,1323,10.0
274,1342,36.0
275,1,23.0
275,20,10.0
275,52,90.0
275,78,13.0
275,113,10.0
275,143,158.0
275,176,10.0
275,251,10.0
275,281,103.0
275,340,2215.05
275,387,458.0
275,405,46.0
275,444,10.0
275,488,22.0
275,506,5872.75
275,526,6226.0
275,647,20.0
275,652,31.0
275,667,10.0
275,675,124.0
275,694,97.0
275,710,34.85
275,776,10.0
275,789,124.0
275,867,98.0
275,869,10.0
275,884,2880.7
275,897,10.0
275,924,10.0
275,926,10.0
275,944,2635.0
275,956,11.0
275,959,11095.85
275,960,36.5
275,1022,13.0
275,1053,10.0
275,1080,102.0
275,1111,12.0
275,1146,10.0
275,1156,10.0
275,1161,16.0
275,1181,103.0
275,1225,49.0
275,1237,27.0
275,1256,1638.55
275,1264,3.0
275,1299,54.0
275,1309,16.0
276,55,4211.4
276,112,10.0
276,130,4446.35
276,167,20.5
276,238,10.0
276,266,13.0
276,270,36.5
276,284,3461.1
276,330,10.0
276,433,4646.35
276,566,2922.1
276,644,10.0
276,726,2024.5
276,1135,10.0
276,1220,29.0
280,3,11.0
280,12,24.0
280,19,27.0
280,38,20.0
280,39,92.0
280,84,18.0
280,102,10.0
280,191,11.0
280,212,10.0
280,222,10.0
280,227,11.0
280,295,15.0
280,352,4.0
280,404,10.0
280,455,16.0
280,561,551.0
280,625,17.0
280,632,11.0
280,703,6.0
280,748,10.0
280,827,10.0
280,882,10402.7
280,893,25.0
280,898,10.0
280,913,13.0
280,951,29.0
280,964,19.0
280,986,10.0
280,998,36.0
280,1051,49.0
280,1124,6.0
280,1200,1024.0
280,1349,10.0
281,85,9333.3
281,94,10746.55
281,110,389.0
281,136,11.0
281,178,10.0
281,183,10.0
281,191,10.0
281,196,216.0
281,275,103.0
281,331,6156.75
281,375,204.0
281,381,23.0
281,440,74.0
281,451,27.0
281,469,66.0
281,483,24.0
281,521,10.0
281,588,13.0
281,649,10.0
281,694,10.0
281,698,10.0
281,714,123.0
281,721,3825.9
281,775,2580.8
281,776,86.0
281,808,124.0
281,851,10.0
281,882,5.0
281,893,15.0
281,905,6.0
281,925,35.0
281,947,551.0
281,982,10.0
281,997,12.0
281,1080,10.0
281,1181,109.0
281,1186,11.0
281,1197,41.0
281,1254,31.0
281,1273,21.0
282,100,14.0
282,120,39.0
282,130,6540.8
282,134,6273.1
282,142,4157.2
282,238,2144.6
282,270,27.0
282,298,2422.85
282,330,7706.8
282,351,10.0
282,432,9307.05
282,439,21.0
282,442,10.0
282,600,10.0
282,697,10.0
282,768,52.0
282,858,11.0
282,868,10.0
282,932,10.0
282,1344,29.0
282,1353,10.0
284,182,29.0
284,228,16.0
284,276,3461.1
284,394,1858.0
284,399,44.0
284,410,17.0
284,414,18.0
284,433,1274.75
284,441,10.0
284,442,54.0
284,478,73.0
284,516,44.0
284,535,23.0
284,566,347.35
284,617,20.0
284,664,10.0
284,677,24.0
284,687,10.0
284,697,74.0
284,705,258.3
284,726,10855.3
284,805,10.0
284,1030,45.0
284,1033,14.0
284,1069,13.0
284,1090,10.0
284,1135,9708.6
284,1178,58.5
284,1192,13.0
284,1247,10.0
284,1307,451.0
284,1314,173.0
284,1343,36.0
284,1363,16.0
285,12,52.0
285,31,998.0
285,73,10.0
285,88,10.0
285,143,64.0
285,151,36.0
285,184,10.0
285,204,17.0
285,207,80.0
285,209,11.0
285,216,10.0
285,246,11.0
285,251,10.0
285,272,10.0
285,314,11.0
285,365,10.0
285,409,10.0
285,412,26.5
285,452,49.0
285,461,47.0
285,484,10.0
285,508,38.0
285,513,50.0
285,559,4670.45
285,572,1723.0
285,574,4164.55
285,587,25.0
285,594,46.0
285,621,10.0
285,635,991.0
285,643,11.0
285,645,36.0
285,659,10.0
285,690,11.0
285,713,20.0
285,749,10.0
285,750,12.0
285,773,10.0
285,779,77.0
285,800,110.0
285,809,10.0
285,812,10.0
285,851,81.0
285,861,6898.65
285,891,18.0
285,897,10.0
285,923,36.0
285,930,68.0
285,961,45.0
285,986,7.0
285,1021,70.0
285,1022,63.0
285,1032,114.0
285,1052,1051.0
285,1064,10.0
285,1082,74.0
285,1091,12.0
285,1105,81.0
285,1129,24.0
285,1143,124.0
285,1156,20.0
285,1180,10.0
285,1234,3821.1
285,1241,7652.4
285,1256,10.0
285,1262,10.0
285,1266,12.0
285,1273,23.0
285,1281,33.0
285,1284,10.0
285,1301,71.0
285,1336,56.0
285,1356,102.0
288,31,290.0
288,58,20.0
288,119,13.0
288,143,11.0
288,154,7480.799999999999
288,178,15.0
288,184,52.0
288,199,10.0
288,212,10.0
288,213,46.0
288,221,10.0
288,225,24.6
288,254,18.0
288,271,11.0
288,309,4336.1
288,314,2026.6499999999999
288,323,1096.65
288,336,2231.45
288,353,10.0
288,367,187.0
288,384,48.0
288,452,61.0
288,467,11.0
288,520,30.0
288,564,17.0
288,579,10.0
288,584,2419.3
288,588,41.0
288,635,84.0
288,676,10.0
288,698,10.0
288,701,20.0
288,710,13.0
288,752,10.0
288,844,1173.0
288,845,977.15
288,917,15.0
288,946,11.0
288,947,6.0
288,968,10.0
288,991,10.0
288,1018,10.0
288,1052,254.0
288,1059,10.0
288,1075,1266.0
288,1117,13.0
288,1130,55.0
288,1144,95.0
288,1193,312.0
288,1263,188.0
288,1265,10.0
288,1316,10.0
288,1318,145.0
289,59,43.75
289,120,15.0
289,153,150.0
289,197,71.0
289,423,4700.15
289,453,10.0
289,615,10.0
289,617,31.0
289,660,11.0
289,667,40.0
289,689,50.0
289,691,18.0
289,695,8722.65
289,706,39.0
289,763,11.0
289,805,10.0
289,813,10.0
289,922,19.0
289,967,14.0
289,1055,11110.65
289,1093,10.0
289,1101,10.0
289,1177,10.0
289,1188,126.0
289,1229,10.0
289,1244,3310.7
289,1247,10.0
289,1280,189.0
289,1325,2588.45
290,5,6351.7
290,100,15.0
290,208,26.0
290,298,21.0
290,356,10.0
290,386,10.0
290,418,2685.75
290,429,2785.55
290,432,10.0
290,439,94.0
290,608,10.0
290,629,10.0
290,670,39.0
290,677,10.0
290,720,10.0
290,723,10.0
290,813,34.0
290,862,13.0
290,932,9307.75
290,946,1453.0
290,956,291.15
290,1033,1446.0
290,1107,19.0
290,1116,15.0
290,1151,362.9
290,1192,10.0
290,1231,19.0
290,1246,26.0
290,1296,10.0
290,1317,1049.0
290,1331,1639.0
291,31,79.0
291,44,427.3
291,81,10.0
291,99,14.0
291,114,6491.4
291,175,10.0
291,197,104.0
291,240,1976.75
291,264,10.0
291,294,89.0
291,311,10.0
291,333,10.0
291,349,10.0
291,365,70.0
291,391,10.0
291,397,171.0
291,407,153.0
291,451,10.0
291,541,132.0
291,550,30.0
291,564,8.0
291,569,10.0
291,571,12.0
291,573,190.0
291,591,48.0
291,603,17.0
291,636,48.0
291,642,174.0
291,646,26.5
291,657,10.0
291,665,2289.85
291,725,89.0
291,735,20.0
291,738,110.0
291,739,2333.0
291,747,24.0
291,784,11.0
291,805,157.0
291,818,47.0
291,889,10.0
291,907,15.0
291,952,16.0
291,954,39.0
291,972,29.0
291,1018,6.0
291,1026,116.0
291,1052,156.0
291,1120,91.0
291,1166,10.0
291,1174,10.0
291,1185,52.0
291,1224,10.0
291,1250,10.0
291,1251,78.0
291,1265,107.0
291,1275,35.0
291,1287,10.0
291,1294,10.0
291,1352,4.0
292,26,10.0
292,54,1720.1
292,77,7513.3
292,194,10.0
292,205,35.0
292,242,12.0
292,301,37.0
292,373,19.0
292,403,41.0
292,427,3295.5
292,429,10.0
292,494,10.0
292,530,32.0
292,555,3055.5
292,596,534.0
292,608,2804.5
292,612,15.0
292,700,10.0
292,772,10.0
292,895,10.0
292,1000,10.0
292,1029,100.0
292,1039,10.0
292,1050,10.0
292,1063,10.0
292,1070,637.0
292,1116,10.0
292,1251,10213.45
292,1300,2644.0
292,1339,10.0
293,22,10.0
293,120,16.0
293,171,10.0
293,177,6478.55
293,226,2546.55
293,238,10.0
293,244,26.0
293,254,34.0
293,308,15.0
293,421,6903.5
293,468,54.0
293,552,10.0
293,599,45.0
293,628,23.0
293,732,639.0
293,801,10525.55
293,822,11.0
293,844,16.0
293,1039,1236.0
293,1051,19.0
293,1069,70.0
293,1101,13.0
293,1177,10.0
293,1198,10.0
293,1307,59.0
293,1310,10.0
293,1314,10.0
293,1339,54.0
293,1345,17.0
293,1350,10.0
293,1357,1262.0
293,1360,20.0
294,12,68.0
294,99,10.0
294,108,12.0
294,122,10.0
294,125,12.0
294,151,16.0
294,209,7811.95
294,221,25.0
294,222,42.0
294,246,10.0
294,247,323.0
294,271,77.0
294,291,89.0
294,363,278.0
294,365,11.0
294,374,15.0
294,416,16.0
294,541,180.0
294,558,46.0
294,571,10.0
294,586,10.0
294,625,31.8
294,668,26.0
294,690,26.5
294,694,16.0
294,725,10.0
294,727,977.6
294,761,11.0
294,878,59.0
294,896,147.0
294,954,49.0
294,964,151.0
294,970,10.0
294,972,11.0
294,982,28.0
294,1017,70.0
294,1018,18.0
294,1023,151.0
294,1026,131.0
294,1099,5595.3
294,1106,25.0
294,1120,41.0
294,1124,10.0
294,1155,13.0
294,1224,28.0
294,1265,12.0
294,1283,10.0
294,1291,12.0
294,1349,16.0
295,3,32.0
295,27,10.0
295,52,5.0
295,74,93.0
295,103,12.0
295,180,10.0
295,196,19.0
295,227,2070.0
295,260,41.0
295,280,15.0
295,440,36.0
295,452,2514.0
295,605,69.0
295,748,23.0
295,767,5360.75
295,867,21.0
295,869,36.0
295,872,10.0
295,950,100.0
295,953,49.0
295,958,37.0
295,1021,317.0
295,1053,28.0
295,1061,3434.6
295,1106,10.0
295,1112,6.0
295,1161,3269.45
295,1167,2054.45
295,1181,10.0
295,1225,87.0
295,1277,21.0
296,47,74.0
296,66,38.0
296,98,2770.5
296,138,10.0
296,156,10.0
296,182,58.0
296,218,11.0
296,305,24.0
296,324,10.0
296,341,11.0
296,356,17.0
296,399,29.0
296,442,18.0
296,456,2742.75
296,458,4972.9
296,470,10.0
296,487,72.0
296,493,11.0
296,553,7482.6
296,609,46.0
296,615,10.0
296,667,10.0
296,675,43.0
296,681,2852.45
296,687,74.0
296,688,10.0
296,697,10.0
296,700,27.0
296,724,21.0
296,769,10.0
296,789,14.0
296,797,13.0
296,823,19.0
296,856,11.0
296,909,14.0
296,934,10.0
296,972,10.0
296,1010,11.0
296,1030,36.0
296,1067,70.0
296,1074,21.0
296,1093,13.0
296,1102,2121.8
296,1126,27.0
296,1175,198.0
296,1188,4575.95
296,1202,1910.9
296,1232,228.0
296,1246,15.0
296,1253,228.0
296,1284,12.0
296,1327,10.0
296,1343,35.0
296,1355,10.0
297,127,18.0
297,190,16.0
297,209,14.0
297,255,10.0
297,381,10.0
297,413,15.0
297,425,11.0
297,451,10.0
297,521,11162.3
297,529,27.0
297,531,10.0
297,594,14.0
297,690,70.0
297,721,9.0
297,793,36.0
297,834,10.0
297,852,10.0
297,902,10.0
297,998,48.0
297,999,3000.7
297,1002,10.0
297,1109,49.0
297,1211,10.0
297,1234,11.0
297,1294,3.0
298,63,34.0
298,132,505.0
298,133,10.0
298,142,9551.05
298,238,10.0
298,257,23.0
298,282,2422.85
298,290,21.0
298,330,7920.799999999999
298,432,5182.95
298,556,1181.0
298,670,6488.2
298,726,10.0
298,839,10.0
298,885,3647.75
298,971,20.0
298,1046,2523.8
298,1055,20.0
298,1107,18.0
298,1122,42.0
298,1238,356.0
298,1250,211.0
298,1296,10.0
299,14,10.0
299,26,36.0
299,32,2501.8
299,34,24.0
299,56,10.0
299,78,10.0
299,80,2786.0
299,87,10815.0
299,139,10.0
299,172,40.5
299,185,10.0
299,186,26.5
299,251,10.0
299,325,10.0
299,361,13.0
299,469,20.0
299,476,10.0
299,482,10.0
299,532,28.0
299,655,10.0
299,666,26.0
299,715,2705.0
299,717,10.0
299,729,21.0
299,735,1239.85
299,798,820.0
299,804,10.0
299,811,10.0
299,821,10.0
299,851,7633.05
299,871,10.0
299,895,10.0
299,943,10.0
299,980,10.0
299,1041,10.0
299,1054,12.0
299,1094,13.0
299,1112,10.0
299,1115,2136.0
299,1146,4.0
299,1181,10.0
299,1303,203.0
300,25,3696.0
300,100,318.0
300,116,10.0
300,144,40.0
300,187,11.0
300,201,61.0
300,208,10251.9
300,373,10.0
300,427,10.0
300,456,99.0
300,457,69.0
300,458,10.0
300,463,487.0
300,494,6.0
300,530,1175.0
300,629,15.0
300,639,33.0
300,649,25.0
300,667,12.0
300,678,46.0
300,688,59.0
300,700,7971.25
300,723,32.8
300,747,48.0
300,768,10.0
300,823,6.0
300,850,10.0
300,894,10.0
300,899,11.0
300,920,50.0
300,934,10.0
300,948,10.0
300,1003,10.0
300,1012,10.0
300,1093,13.0
300,1165,10.0
300,1204,53.0
300,1231,20.0
300,1327,10.0
300,1331,10.0
301,10,6.0
301,63,5177.8
301,115,10.0
301,153,10.0
301,292,37.0
301,308,14.0
301,386,416.0
301,392,16.0
301,407,11.0
301,418,26.0
301,541,10.0
301,892,10.0
301,1000,2389.0
301,1119,6150.45
301,1353,10.0
302,13,194.0
302,49,12.0
302,78,10.0
302,118,10.0
302,136,25.0
302,160,35.0
302,209,15.0
302,247,1328.0
302,248,13.0
302,365,8935.4
302,404,53.0
302,438,13.0
302,466,30.0
302,498,11.0
302,512,15.0
302,524,486.0
302,531,10.0
302,568,140.0
302,598,46.0
302,625,22.0
302,709,639.0
302,756,77.0
302,782,54.0
302,790,43.0
302,806,10.0
302,825,161.0
302,867,10.0
302,871,11.0
302,884,10.0
302,886,16.0
302,890,10.0
302,902,109.0
302,905,23.0
302,939,11.0
302,942,63.0
302,949,3780.95
302,951,31.0
302,979,58.0
302,999,17.0
302,1023,10.0
302,1032,10.0
302,1045,653.0
302,1105,18.0
302,1111,986.0
302,1130,32.0
302,1155,20.0
302,1156,10.0
302,1159,23.0
302,1222,175.0
302,1225,10.0
302,1254,10.0
302,1277,10.0
302,1281,21.0
302,1309,43.0
302,1342,13.0
302,1352,146.0
303,40,8613.95
303,81,22.0
303,154,6.0
303,196,432.0
303,216,10.0
303,220,10.0
303,389,256.0
303,412,10.0
303,416,10.0
303,440,10794.3
303,512,14.0
303,550,13.0
303,574,10.0
303,844,22.0
303,961,67.0
303,1002,44.0
303,1034,31.0
303,1262,29.0
303,1291,27.0
303,1357,14.0
304,9,10.0
304,12,3.0
304,50,10.0
304,60,20.5
304,81,30.0
304,140,7179.75
304,151,213.0
304,184,10.0
304,239,21.0
304,241,8909.75
304,246,133.0
304,249,117.0
304,315,143.0
304,333,10847.4
304,343,11.0
304,397,926.0
304,411,10.0
304,467,21.0
304,469,267.0
304,517,125.0
304,542,19.0
304,571,15.0
304,590,10.0
304,608,15.0
304,654,22.0
304,694,34.0
304,751,10.0
304,792,10.0
304,818,10.0
304,968,22.0
304,989,20.5
304,993,10.0
304,1113,10.0
304,1117,10.0
304,1120,10.0
304,1180,26.0
304,1185,10.0
304,1190,81.0
304,1194,10.0
304,1259,10.0
304,1270,12.0
304,1359,24.0
305,89,3783.1
305,96,278.0
305,126,7278.9
305,128,63.0
305,144,10.0
305,151,108.0
305,169,62.0
305,187,8145.5
305,228,10.0
305,240,15.0
305,246,10.0
305,251,81.0
305,254,933.0
305,296,24.0
305,306,54.0
305,334,19.0
305,395,10.0
305,402,10.0
305,414,10.0
305,431,348.0
305,445,879.0
305,514,368.0
305,539,10.0
305,548,22.55
305,573,10.0
305,587,142.0
305,608,50.0
305,648,184.0
305,673,14.0
305,675,21.0
305,680,141.0
305,730,14.0
305,747,10.0
305,789,114.0
305,823,9473.35
305,861,164.0
305,894,150.0
305,907,34.0
305,937,71.0
305,983,64.0
305,988,10.0
305,1010,915.0
305,1025,3570.6
305,1036,10.0
305,1105,33.0
305,1126,1047.0
305,1148,10.0
305,1155,10.0
305,1158,10.0
305,1184,10.0
305,1198,25.0
305,1207,21.0
305,1231,102.0
305,1246,10.0
305,1287,331.0
306,7,42.0
306,19,5392.35
306,32,10.0
306,45,18.0
306,76,228.0
306,99,49.0
306,110,20.5
306,146,10.0
306,154,13.0
306,202,241.0
306,207,10.0
306,271,53.0
306,305,54.0
306,312,15.0
306,319,26.0
306,363,119.0
306,365,10.0
306,374,63.0
306,382,199.0
306,392,6.0
306,395,10.0
306,428,64.0
306,443,4096.75
306,450,60.0
306,512,25.0
306,584,150.0
306,592,5654.7
306,594,13.0
306,623,1065.0
306,635,3.0
306,671,41.0
306,680,172.0
306,696,10.0
306,709,57.0
306,756,11.0
306,758,25.0
306,790,28.0
306,802,62.0
306,803,12.0
306,823,10.0
306,824,203.0
306,865,5252.0
306,883,181.0
306,907,93.0
306,925,20.0
306,941,182.0
306,994,120.0
306,997,16.0
306,1015,73.0
306,1018,1863.0
306,1019,3.0
306,1022,10.0
306,1036,10.0
306,1049,10.0
306,1082,6476.1
306,1111,35.0
306,1130,11.0
306,1161,11.0
306,1167,15.0
306,1168,29.0
306,1224,1874.0
306,1257,510.45
306,1262,33.0
306,1273,15.0
306,1287,188.0
306,1290,10.0
306,1316,10.0
306,1323,15.0
306,1326,10.0
307,51,14.0
307,72,814.0
307,190,950.0
307,260,10.0
307,268,1836.0
307,340,22.0
307,345,212.0
307,406,23.0
307,484,131.0
307,497,9288.15
307,503,3707.7
307,513,10.0
307,529,702.0
307,531,781.0
307,537,2875.95
307,557,884.0
307,577,10.0
307,598,47.0
307,604,10.0
307,756,10.0
307,770,16.0
307,771,2837.0
307,780,147.0
307,804,10.0
307,806,10.0
307,810,59.0
307,819,130.0
307,853,11.0
307,863,10.0
307,871,14.0
307,976,1648.5
307,1041,10.0
307,1043,150.0
307,1047,41.0
307,1053,6.0
307,1059,10.0
307,1082,29.0
307,1083,18.0
307,1127,48.0
307,1155,10.0
307,1289,84.0
309,10,10.0
309,41,107.0
309,119,10.0
309,154,18.0
309,204,10.0
309,212,5086.6
309,288,4336.1
309,314,10.0
309,323,2313.45
309,471,10.0
309,504,20.5
309,563,38.0
309,608,10.0
309,623,10.0
309,809,30.0
309,845,1038.0
309,1113,61.0
309,1143,10.0
309,1155,182.0
309,1165,10.0
309,1180,23.0
309,1293,10.0
309,1312,586.0
309,1318,791.0
309,1359,140.0
311,50,20.5
311,58,1693.0
311,60,4577.2
311,79,10.0
311,81,305.0
311,104,1410.9
311,139,10.0
311,151,10.0
311,154,243.0
311,178,2554.4
311,255,15.0
311,291,10.0
311,320,10.0
311,395,14.0
311,400,15.0
311,477,8148.450000000001
311,522,8406.5
311,559,17.0
311,567,4.0
311,574,444.0
311,623,12.0
311,635,218.0
311,680,41.0
311,784,14.0
311,961,20.0
311,968,10.0
311,1002,146.0
311,1132,57.0
311,1147,16.0
311,1169,10.0
311,1210,10.0
311,1277,14.0
311,1287,6.0
311,1291,66.0
312,89,10.0
312,94,3.0
312,111,10.0
312,121,42.0
312,144,25.0
312,169,49.0
312,229,3205.8
312,306,15.0
312,315,11.0
312,336,1084.0
312,382,13.0
312,486,10.0
312,602,2862.25
312,692,10.0
312,694,10.0
312,721,10.0
312,803,35.0
312,865,11.0
312,870,11.0
312,893,36.0
312,898,32.0
312,997,74.0
312,1018,10.0
312,1019,10.0
312,1065,762.0
312,1066,10.0
312,1109,15.0
312,1114,10.0
312,1196,30.0
312,1208,26.5
312,1224,977.0
312,1240,10.0
312,1273,10816.9
314,29,10.0
314,74,49.0
314,119,806.0
314,157,171.0
314,207,10.0
314,225,739.0
314,285,11.0
314,288,2026.6499999999999
314,309,10.0
314,323,543.0
314,336,7039.75
314,368,36.0
314,370,17.0
314,379,81.0
314,384,10.0
314,398,324.0
314,400,17.0
314,445,10.0
314,498,58.0
314,502,136.0
314,569,10.0
314,584,2120.45
314,659,10.0
314,666,14.0
314,692,10.0
314,727,18.0
314,751,547.0
314,755,181.0
314,756,144.0
314,791,10.0
314,799,386.0
314,845,4054.75
314,851,56.0
314,861,10.0
314,863,22.0
314,866,42.0
314,873,52.0
314,881,79.0
314,891,596.0
314,941,101.0
314,948,381.0
314,1035,10.0
314,1060,75.0
314,1102,162.0
314,1130,159.0
314,1143,155.0
314,1154,10.0
314,1293,10.0
314,1304,139.0
314,1320,374.0
314,1356,58.0
315,4,19.0
315,20,10.0
315,38,10.0
315,89,157.0
315,97,36.0
315,99,12.0
315,104,26.0
315,114,21.0
315,125,10.0
315,127,12.0
315,131,5.0
315,141,10.0
315,151,474.0
315,164,8477.3
315,169,255.0
315,185,33.0
315,212,546.0
315,215,65.0
315,216,10.0
315,241,27.0
315,246,184.0
315,304,143.0
315,312,11.0
315,316,10.0
315,333,248.0
315,337,10.0
315,343,10.0
315,353,35.0
315,428,10.0
315,456,10.0
315,467,7.0
315,534,31.0
315,550,10.0
315,559,424.0
315,560,10.0
315,571,520.0
315,574,10.0
315,579,10.0
315,586,14.0
315,591,23.0
315,610,26.0
315,611,46.0
315,616,10.0
315,636,104.0
315,651,55.0
315,679,360.0
315,694,1238.0
315,695,5.0
315,716,22.0
315,760,20.5
315,799,10.0
315,926,10.0
315,931,9175.95
315,937,10.0
315,968,10.0
315,1007,10.0
315,1030,10.0
315,1089,139.0
315,1098,12.0
315,1169,85.0
315,1185,22.0
315,1190,134.0
315,1193,83.0
315,1194,33.0
315,1203,3121.25
315,1208,16.0
315,1273,43.0
315,1285,10.0
315,1305,31.0
315,1341,11.0
317,47,68.0
317,98,10.0
317,182,16.0
317,206,10.0
317,266,10.0
317,433,14.0
317,463,40.0
317,553,13.0
317,578,2909.55
317,580,24.0
317,648,14.0
317,675,1226.0
317,789,133.0
317,828,10.0
317,856,142.5
317,946,2433.95
317,995,10.0
317,1038,92.0
317,1063,205.0
317,1067,10.0
317,1070,10.0
317,1074,10.0
317,1172,14.0
317,1232,69.0
317,1253,73.0
317,1276,6786.049999999999
318,15,10.0
318,37,10.0
318,128,10.0
318,133,39.0
318,135,98.0
318,158,30.0
318,166,152.0
318,168,51.0
318,171,10.0
318,192,32.0
318,238,36.0
318,270,133.0
318,354,10.0
318,357,13.0
318,396,68.0
318,418,10.0
318,424,16.0
318,430,231.0
318,627,9041.65
318,670,199.0
318,745,25.0
318,981,164.0
318,984,302.0
318,990,10.0
318,1017,20.0
318,1066,262.0
318,1070,11.0
318,1116,36.0
318,1125,34.0
318,1162,10.0
318,1189,191.0
318,1192,10.0
318,1245,34.5
318,1280,2348.9
318,1307,5018.4
320,11,7.0
320,23,93.0
320,81,188.0
320,154,89.0
320,216,10.0
320,311,10.0
320,337,46.0
320,353,11.0
320,488,43.0
320,517,7875.0
320,559,148.0
320,567,192.0
320,574,17.0
320,577,10.0
320,591,9164.9
320,611,10.0
320,635,104.0
320,651,38.0
320,704,24.0
320,784,7242.25
320,818,10.0
320,842,51.0
320,903,35.0
320,937,48.0
320,952,3094.35
320,961,173.0
320,988,11.0
320,1002,10.0
320,1018,143.0
320,1185,122.0
320,1201,10.0
320,1203,130.0
320,1240,14.0
320,1277,10.0
321,70,31.0
321,99,6591.3
321,104,7946.0
321,136,10.0
321,154,129.0
321,262,43.0
321,334,10.0
321,336,42.0
321,353,24.6
321,411,13.0
321,419,54.0
321,461,10.0
321,467,683.0
321,477,3411.7
321,558,17.0
321,563,10.0
321,602,10.0
321,657,20.5
321,717,13.0
321,735,10.0
321,755,15.0
321,873,10.0
321,896,27.0
321,952,10.0
321,968,6.15
321,991,32.0
321,1019,36.0
321,1087,36.0
321,1145,12.0
321,1194,10.0
321,1287,10.0
321,1291,10.0
321,1356,104.0
322,18,7.0
322,22,8104.95
322,54,22.0
322,69,49.5
322,138,16.0
322,142,10.0
322,144,9.0
322,156,22.0
322,158,356.0
322,161,20.5
322,165,39.0
322,168,244.0
322,177,339.0
322,187,10.0
322,192,583.0
322,206,10.0
322,218,20.5
322,228,10.0
322,242,13.0
322,256,10.0
322,339,26.0
322,393,10.0
322,427,10.0
322,441,10.0
322,456,10.0
322,473,10.0
322,579,17.0
322,593,51.0
322,664,25.0
322,688,10.0
322,730,26.0
322,828,14.0
322,832,14.0
322,856,18.0
322,864,40.0
322,920,10.0
322,934,10.0
322,956,10866.65
322,1126,10.0
322,1145,10.0
322,1223,82.0
322,1253,14.0
322,1288,10.0
322,1331,10.0
322,1339,10.0
322,1350,12.0
322,1363,10.0
323,7,10.0
323,29,19.0
323,56,10.0
323,61,10.0
323,70,17.0
323,154,49.0
323,215,814.0
323,225,10997.3
323,264,41.0
323,288,1096.65
323,309,2313.45
323,314,543.0
323,336,1864.3
323,397,111.0
323,398,10.0
323,622,11.0
323,623,411.0
323,645,44.0
323,725,11.0
323,782,815.0
323,896,10.0
323,970,10.0
323,972,16.0
323,1001,20.0
323,1113,10.0
323,1144,27.0
323,1165,10.0
323,1166,36.0
323,1224,10.0
323,1226,97.0
323,1235,10.0
323,1284,10.0
323,1304,10.0
323,1319,20.5
323,1322,82.0
324,5,40.0
324,12,502.0
324,31,79.0
324,83,899.0
324,95,93.0
324,153,90.0
324,202,2960.2
324,254,10833.75
324,262,11.0
324,296,10.0
324,335,51.0
324,336,15.0
324,353,10.0
324,372,90.0
324,386,210.0
324,427,52.0
324,458,10.0
324,464,47.0
324,470,10.0
324,487,27.0
324,493,11.0
324,494,4464.65
324,517,10.0
324,553,33.0
324,555,55.0
324,573,24.0
324,639,71.0
324,665,536.0
324,674,10.0
324,687,55.0
324,747,16.0
324,789,25.0
324,828,10.0
324,955,10.0
324,997,10.0
324,1010,1070.2
324,1052,34.0
324,1102,22.0
324,1108,10.0
324,1126,10.0
324,1151,10.0
324,1188,78.0
324,1207,20.5
324,1212,136.0
324,1227,10.0
324,1232,66.0
324,1253,521.0
324,1263,19.0
324,1271,10.0
324,1295,16.0
324,1307,26.0
324,1313,10.0
324,1344,16.0
324,1357,10.0
324,1360,55.0
325,1,27.0
325,3,98.0
325,14,165.0
325,19,34.0
325,26,10.0
325,32,3953.55
325,34,53.0
325,56,20.5
325,74,30.5
325,80,40.0
325,113,10.0
325,121,31.0
325,176,12.0
325,185,27.0
325,186,10.0
325,204,10.0
325,224,540.0
325,260,372.0
325,299,10.0
325,413,20.0
325,434,6986.8
325,459,1215.65
325,469,39.0
325,479,9178.5
325,507,10.0
325,532,10.0
325,663,11.0
325,715,10.0
325,736,10.0
325,755,31.0
325,798,6746.0
325,799,31.0
325,811,146.0
325,873,8777.45
325,889,120.0
325,958,10.0
325,1156,34.0
325,1205,29.0
325,1208,10.0
325,1255,10.0
325,1272,434.0
325,1326,74.0
328,40,10.0
328,81,19.0
328,155,33.0
328,162,15.0
328,231,15.0
328,232,24.0
328,257,10.0
328,387,17.0
328,398,10.0
328,412,20.5
328,539,18.0
328,564,21.0
328,651,10.0
328,727,27.0
328,732,10.0
328,751,10.0
328,818,17.0
328,910,10.0
328,972,10.0
328,988,10.0
328,1144,10.0
328,1180,617.0
328,1203,33.0
328,1270,17.0
328,1293,676.0
328,1295,10692.3
328,1351,1488.0
328,1358,3065.0
329,71,57.0
329,113,10.0
329,143,26.0
329,160,17.0
329,213,5314.5
329,340,18.0
329,352,28.0
329,373,11.0
329,380,11.0
329,482,10.0
329,513,2295.7
329,532,10.0
329,555,109.0
329,563,101.0
329,569,21.0
329,608,723.0
329,635,206.0
329,701,20.0
329,737,10.0
329,756,29.0
329,775,17.0
329,791,13.0
329,833,15.0
329,863,361.0
329,882,10.0
329,891,76.0
329,948,14.0
329,993,71.0
329,1001,10.0
329,1096,13.0
329,1118,25.0
329,1156,10.0
329,1180,525.0
329,1208,373.0
329,1256,24.0
329,1266,10.0
329,1318,10.0
329,1341,10.0
329,1356,10.0
329,1359,10.0
330,77,10.0
330,130,10.0
330,134,5328.85
330,142,9236.35
330,161,32.0
330,218,10.0
330,223,11.0
330,262,15.0
330,276,10.0
330,277,12.0
330,282,7706.8
330,298,7920.799999999999
330,432,10.0
330,439,10.0
330,491,10.0
330,562,6.0
330,600,10.0
330,670,7465.1
330,683,10.0
330,724,11.0
330,768,16.0
330,835,22.0
330,858,17.0
330,868,12.0
330,967,24.0
330,1024,10.0
330,1046,123.0
330,1116,11.0
330,1158,10.0
330,1187,12.0
330,1250,11.0
330,1314,3.0
330,1353,10.0
330,1360,2842.0
331,38,10.0
331,51,26.0
331,71,10.0
331,85,82.0
331,118,10.0
331,154,14.0
331,183,41.0
331,207,10.0
331,268,10.0
331,281,6156.75
331,341,167.0
331,372,15.0
331,404,10.0
331,451,129.95
331,455,10.0
331,544,218.0
331,616,10.0
331,624,20.0
331,639,10.0
331,647,10.0
331,654,10.0
331,662,42.0
331,696,2023.1
331,721,8638.3
331,775,2797.6
331,780,10.0
331,796,28.0
331,802,10.0
331,810,8.0
331,824,10.0
331,831,6126.9
331,854,22.0
331,863,10.0
331,904,32.0
331,919,18.0
331,923,243.0
331,926,10.0
331,950,104.0
331,987,10811.15
331,1021,6.0
331,1042,6.0
331,1077,28.0
331,1079,238.0
331,1156,10.0
331,1257,4.0
331,1326,11.0
333,10,10.0
333,23,10.0
333,70,196.0
333,131,10.0
333,140,6255.35
333,184,275.0
333,198,7.0
333,219,43.0
333,239,7702.950000000001
333,246,56.0
333,249,53.0
333,252,10.0
333,291,10.0
333,304,10847.4
333,315,248.0
333,334,11.0
333,397,1170.0
333,460,249.0
333,465,10.0
333,467,20.0
333,517,39.0
333,534,19.0
333,542,10.0
333,555,18.0
333,563,20.0
333,569,47.0
333,571,10.0
333,595,283.55
333,608,10.0
333,652,6.0
333,672,10.0
333,679,10.0
333,694,213.0
333,737,10.0
333,738,10.0
333,751,10.0
333,760,10.0
333,778,10.0
333,809,11.0
333,826,69.0
333,842,15.0
333,849,28.0
333,861,15.0
333,948,5.0
333,993,10.0
333,1088,8769.6
333,1089,14.0
333,1111,11.0
333,1169,10.0
333,1180,51.0
333,1193,31.0
333,1194,10.0
333,1270,28.0
333,1293,26.0
333,1315,272.0
334,41,35.0
334,58,5368.85
334,70,11030.8
334,88,10.0
334,113,12.0
334,126,17.0
334,131,8.0
334,141,10.0
334,154,211.0
334,175,10.0
334,213,10.0
334,264,10.0
334,305,19.0
334,319,10.0
334,321,10.0
334,333,11.0
334,336,31.0
334,395,3038.5
334,541,20.0
334,579,10.0
334,621,2826.0
334,645,42.0
334,654,10.0
334,735,45.0
334,752,7774.45
334,790,389.0
334,795,23.0
334,810,17.0
334,826,5716.0
334,894,19.0
334,906,43.0
334,959,10.0
334,1018,21.0
334,1049,10.0
334,1072,41.0
334,1084,10.0
334,1110,374.0
334,1127,10.0
334,1142,348.0
334,1208,10.0
334,1224,10.0
334,1235,10.0
334,1265,10.0
334,1281,11.0
334,1291,96.0
335,5,20.5
335,95,16.0
335,96,2660.45
335,165,10.0
335,254,69.0
335,256,10.0
335,324,51.0
335,347,10.0
335,487,2620.4
335,552,11.0
335,573,74.0
335,589,11.0
335,593,10.0
335,615,10.0
335,617,3807.05
335,686,129.0
335,702,8.0
335,706,1839.8
335,836,16.0
335,839,166.0
335,858,15.0
335,868,3389.4
335,967,2838.05
335,992,21.0
335,1010,17.0
335,1033,105.0
335,1102,10.0
335,1104,1450.0
335,1125,501.0
335,1126,6.0
335,1136,10.0
335,1184,3136.95
335,1212,72.0
335,1232,53.0
335,1253,10.0
335,1307,97.0
335,1317,10.0
335,1344,34.0
335,1348,105.0
335,1357,10.0
335,1360,79.0
336,10,107.0
336,12,10.0
336,19,17.0
336,31,462.0
336,99,97.0
336,127,93.0
336,154,68.0
336,184,10.0
336,225,911.85
336,254,11.0
336,288,2231.45
336,312,1084.0
336,314,7039.75
336,321,42.0
336,323,1864.3
336,324,15.0
336,334,31.0
336,353,10.0
336,367,28.0
336,370,7826.6
336,404,10.0
336,405,8.0
336,419,75.0
336,426,35.0
336,469,10.0
336,547,10.0
336,579,50.0
336,584,11.0
336,618,42.0
336,715,13.0
336,727,12.0
336,736,28.0
336,792,12.0
336,799,11.0
336,812,76.0
336,845,4449.35
336,863,29.0
336,884,27.0
336,915,10.0
336,924,10.0
336,926,22.0
336,1035,8.0
336,1064,78.0
336,1065,126.0
336,1112,101.0
336,1144,69.0
336,1181,6.0
336,1197,329.0
336,1201,13.0
336,1263,12.0
336,1265,19.0
336,1287,11.0
337,23,5477.8
337,117,10.0
337,151,53.0
337,224,19.0
337,258,1281.0
337,315,10.0
337,320,46.0
337,402,2440.0
337,411,10.0
337,517,10.0
337,534,340.05
337,560,989.0
337,591,21.0
337,621,365.0
337,636,2652.15
337,637,10.0
337,665,42.0
337,752,7.0
337,817,34.0
337,818,17.0
337,826,4906.3
337,842,10.0
337,861,15.0
337,883,791.1
337,937,28.0
337,1089,11.0
337,1098,59.0
337,1110,11.0
337,1142,10.0
337,1174,22.0
337,1185,6734.5
337,1203,10.0
337,1235,14.0
337,1281,13.0
337,1287,4.0
337,1351,13.0
338,68,21.0
338,111,2338.85
338,361,12.0
338,406,1791.5
338,485,3.0
338,569,285.0
338,572,4583.6
338,631,10.0
338,642,10.0
338,776,10.0
338,821,164.0
338,848,8932.4
338,872,13.0
338,886,260.0
338,893,13.0
338,919,26.0
338,951,153.0
338,968,10.0
338,973,10.0
338,986,10.0
338,987,15.0
338,994,14.0
338,1058,3681.25
338,1079,10.0
338,1161,149.0
338,1290,10.0
338,1299,333.0
339,49,11.0
339,88,70.0
339,96,11.0
339,119,10.0
339,138,13.0
339,158,21.0
339,160,10.0
339,168,12.0
339,242,32.0
339,322,26.0
339,386,10.0
339,407,13.0
339,441,10912.1
339,546,10.0
339,566,12.0
339,579,20.0
339,785,10.0
339,845,10.0
339,985,22.0
339,1064,10.0
339,1066,11.0
339,1087,10.0
339,1355,27.0
340,1,109.0
340,49,10.0
340,52,63.0
340,75,783.0
340,86,13.0
340,107,15.0
340,108,10.0
340,122,3616.2
340,143,41.0
340,190,21.0
340,195,17.0
340,271,18.0
340,274,244.0
340,275,2215.05
340,307,22.0
340,329,18.0
340,374,88.0
340,375,252.0
340,425,26.0
340,507,17.0
340,529,51.0
340,531,264.0
340,537,10.0
340,557,10.0
340,568,14.0
340,605,33.0
340,621,15.0
340,631,13.0
340,635,11.0
340,647,36.0
340,699,53.0
340,701,50.0
340,725,5.0
340,756,78.0
340,770,10.0
340,779,83.0
340,867,117.0
340,872,10.0
340,884,8327.2
340,886,11.0
340,891,65.0
340,901,10.0
340,921,166.0
340,951,11.0
340,958,7377.75
340,959,1859.7
340,961,97.0
340,977,20.0
340,1047,10.0
340,1053,13.0
340,1067,34.0
340,1112,17.0
340,1146,99.0
340,1166,9.0
340,1167,108.0
340,1168,18.0
340,1175,19.0
340,1194,10.0
340,1206,6.0
340,1216,5408.95
340,1225,67.0
340,1234,10.0
340,1237,48.0
340,1241,116.0
340,1256,6273.85
340,1290,151.0
340,1298,10.0
340,1299,130.0
340,1316,7.0
341,19,201.0
341,26,10.0
341,127,171.0
341,211,10.0
341,273,11.0
341,296,11.0
341,331,167.0
341,381,10.0
341,451,10.0
341,533,10.0
341,575,6.0
341,649,827.0
341,758,345.0
341,812,2806.65
341,831,106.0
341,854,10.0
341,883,9.0
341,913,10.0
341,987,46.0
341,1007,8.0
341,1042,10.0
341,1051,10.0
341,1077,10054.7
341,1131,10.0
341,1196,10.0
341,1197,10.0
341,1254,5772.05
341,1270,10.0
341,1303,12.0
343,23,10.0
343,79,10.0
343,119,10.0
343,178,10.0
343,179,10.0
343,225,11.0
343,304,11.0
343,315,10.0
343,365,16.0
343,431,10.0
343,517,1053.0
343,541,6346.7
343,560,364.0
343,590,15.0
343,611,757.0
343,622,10.0
343,639,10.0
343,651,13.0
343,751,16.0
343,891,10.0
343,896,9535.75
343,903,28.7
343,939,10.0
343,993,10.0
343,1002,10.0
343,1007,11040.1
343,1026,8631.5
343,1072,11.0
343,1113,10.0
343,1140,10.0
343,1311,10.0
345,20,10.0
345,97,56.0
345,117,10.0
345,172,10.0
345,307,212.0
345,413,30.0
345,476,128.0
345,485,10.0
345,497,215.0
345,503,24.0
345,504,13.0
345,537,22.0
345,592,32.0
345,605,29.0
345,631,26.5
345,638,10.0
345,660,23.0
345,690,10.0
345,771,10.0
345,803,10.0
345,806,10.0
345,828,10.0
345,908,4.0
345,1089,10.0
345,1108,10.0
345,1133,10963.95
345,1153,3.0
345,1233,26.0
345,1236,166.0
345,1313,25.0
345,1349,15.0
347,15,15.0
347,115,10.0
347,200,10.0
347,205,13.0
347,254,10.0
347,269,3.0
347,335,10.0
347,351,26.65
347,417,10.0
347,436,14.0
347,439,10.0
347,478,54.0
347,487,23.0
347,494,10.0
347,516,10.0
347,535,12.0
347,612,10.0
347,628,10.0
347,664,23.0
347,697,10.0
347,702,10.0
347,797,3051.3
347,814,13.0
347,825,10042.45
347,828,8.0
347,839,51.0
347,854,10.0
347,858,11.0
347,909,13.0
347,956,10.0
347,1030,32.0
347,1033,11.0
347,1101,4513.6
347,1125,7.0
347,1135,6.0
347,1231,10.0
347,1242,22.0
347,1296,54.0
347,1317,10.0
347,1332,16.0
347,1343,18.0
347,1348,91.0
349,23,10.0
349,31,70.0
349,46,13.0
349,213,10.0
349,291,10.0
349,352,35.0
349,367,10.0
349,400,10.0
349,402,1956.65
349,419,10.0
349,563,10.0
349,584,10.0
349,611,39.0
349,636,2673.55
349,655,8646.2
349,676,758.0
349,818,38.0
349,826,10.0
349,935,81.0
349,937,10.0
349,991,10.0
349,1052,23.0
349,1185,4869.35
349,1194,10.0
351,33,11.0
351,56,87.0
351,101,10.0
351,282,10.0
351,347,26.65
351,364,9621.75
351,386,10.0
351,404,67.0
351,414,10.0
351,433,26.0
351,439,15.0
351,441,11.0
351,596,6.0
351,599,126.0
351,624,10.0
351,644,10.0
351,794,16.0
351,873,11.0
351,915,32.0
351,1067,10.0
351,1101,26.5
351,1107,10.0
351,1229,17.0
351,1271,10.0
351,1314,41.0
351,1346,6.0
352,19,26.0
352,34,240.15
352,63,22.0
352,76,75.0
352,103,13.0
352,124,7715.05
352,143,12.0
352,227,10.0
352,229,27.0
352,260,11.0
352,273,10.0
352,280,4.0
352,329,28.0
352,349,35.0
352,367,10.0
352,380,16.0
352,382,10.0
352,385,88.0
352,446,90.0
352,456,67.0
352,465,17.0
352,476,20.5
352,482,10.0
352,483,10870.55
352,486,2451.8
352,510,10.0
352,532,842.5
352,540,1976.5
352,602,92.0
352,613,17.0
352,666,27.0
352,696,83.0
352,701,10.0
352,735,10.0
352,796,6.0
352,803,13.0
352,804,4.0
352,824,62.0
352,852,93.0
352,865,17.0
352,884,43.0
352,889,9278.35
352,898,25.0
352,919,54.0
352,928,30.0
352,964,10.0
352,967,108.0
352,971,20.0
352,997,222.0
352,1013,63.0
352,1061,5.0
352,1089,10.0
352,1124,68.0
352,1129,33.0
352,1179,27.0
352,1221,22.0
352,1256,10.0
353,23,61.0
353,50,26.0
353,99,8849.15
353,151,28.0
353,164,42.0
353,199,4315.85
353,215,64.0
353,219,20.5
353,239,19.0
353,246,14.0
353,288,10.0
353,315,35.0
353,316,10.0
353,320,11.0
353,321,24.6
353,324,10.0
353,336,10.0
353,367,292.0
353,388,832.0
353,411,2568.3
353,534,12.0
353,564,12.0
353,595,6169.85
353,610,13.0
353,665,20.0
353,704,76.0
353,727,24.0
353,739,10.0
353,751,23.0
353,761,5079.05
353,818,10.0
353,844,11.0
353,877,7.0
353,883,10.0
353,903,47.0
353,968,24.0
353,988,4218.15
353,989,6.0
353,1026,54.0
353,1147,14.0
353,1263,400.0
354,16,11.0
354,18,12.0
354,47,10.0
354,277,26.0
354,318,10.0
354,403,10085.3
354,410,166.0
354,424,10.0
354,556,41.0
354,644,10.0
354,660,47.0
354,763,10.0
354,820,5160.7
354,864,7747.55
354,990,27.0
354,996,2645.9
354,1066,13.0
354,1070,948.0
354,1128,10.0
354,1204,10.0
354,1214,77.0
354,1217,10.0
354,1223,10810.65
354,1245,9.0
354,1246,10.0
354,1346,10.0
354,1355,10.0
355,550,10.0
355,935,10.0
355,1024,483.0
355,1203,19.0
356,66,10.0
356,91,10.0
356,95,10.0
356,98,11161.3
356,161,10.0
356,177,31.0
356,192,10.0
356,202,10.0
356,206,9.0
356,290,10.0
356,296,17.0
356,364,24.0
356,414,10.0
356,432,15.0
356,435,35.0
356,478,11.0
356,492,20.0
356,493,9248.15
356,543,10.0
356,553,2686.55
356,612,18.0
356,661,10.0
356,678,278.5
356,681,2056.15
356,685,8851.7
356,691,10.0
356,740,10.0
356,828,18.0
356,868,10.0
356,983,10.0
356,992,16.0
356,1031,10.0
356,1108,15.0
356,1122,194.0
356,1158,14.0
356,1192,20.0
356,1202,61.0
356,1283,10.0
356,1307,10.0
356,1317,10.0
356,1350,10.0
357,53,10.0
357,91,116.0
357,266,10.0
357,318,13.0
357,386,10.0
357,418,10.0
357,732,10.0
357,765,10.0
357,818,23.0
357,828,3540.5
357,892,10.0
357,981,10.0
357,1050,28.0
357,1068,10444.6
357,1074,27.0
357,1108,241.55
357,1162,13.0
357,1247,4040.0
357,1313,246.0
357,1321,13.0
360,112,33.0
360,120,23.0
360,128,4419.85
360,138,119.0
360,152,3975.75
360,153,10.0
360,165,125.0
360,169,3.0
360,202,25.0
360,218,12.0
360,262,10.0
360,383,160.0
360,427,10.0
360,433,15.0
360,468,76.0
360,478,67.0
360,487,10.0
360,492,18.0
360,493,208.0
360,535,147.0
360,565,11066.35
360,589,10.0
360,617,15.0
360,628,52.0
360,648,39.0
360,670,128.0
360,688,53.0
360,689,5835.55
360,717,44.0
360,723,10.0
360,747,7768.5
360,772,10.0
360,797,10.0
360,801,29.0
360,805,7605.2
360,814,22.0
360,854,209.0
360,874,17.0
360,887,30.0
360,934,143.0
360,1000,10.0
360,1024,30.0
360,1046,10.0
360,1067,10.0
360,1074,49.0
360,1075,10.0
360,1076,18.0
360,1085,118.0
360,1119,52.0
360,1125,15.0
360,1172,25.0
360,1188,25.0
360,1192,22.0
360,1202,83.0
360,1229,31.0
360,1246,10.0
360,1283,10.0
360,1310,18.0
360,1345,87.0
361,183,10.0
361,211,10.0
361,272,10.0
361,299,13.0
361,338,12.0
361,398,10.0
361,459,211.0
361,484,10.0
361,569,286.0
361,715,15.0
361,821,10567.15
361,924,2179.0
361,948,3281.75
361,991,10.0
361,1054,18.0
361,1072,19.0
361,1111,17.0
361,1156,14.0
361,1222,127.0
361,1315,9101.0
361,1320,3175.7
361,1335,8368.35
362,23,14.0
362,59,10.0
362,81,22.0
362,98,31.0
362,171,1425.0
362,202,145.0
362,226,6.0
362,228,175.0
362,414,64.0
362,423,14.0
362,429,213.0
362,430,10.0
362,534,13.0
362,552,1601.05
362,654,10.0
362,661,887.0
362,677,20.0
362,695,50.0
362,772,219.0
362,797,48.0
362,828,10.0
362,842,13.0
362,868,201.0
362,876,10.0
362,981,791.0
362,984,990.0
362,1032,30.0
362,1133,10.0
362,1172,92.0
362,1189,10.0
362,1192,10.0
362,1245,10.0
362,1247,20.0
362,1301,13.0
362,1317,30.0
363,28,10.0
363,36,14.0
363,38,251.0
363,49,1970.2
363,136,116.0
363,207,41.0
363,221,10.0
363,236,14.0
363,259,10.0
363,274,16.0
363,294,278.0
363,306,119.0
363,479,21.0
363,529,10.0
363,568,3494.35
363,583,90.0
363,634,4502.1
363,642,41.0
363,771,10.0
363,779,10.0
363,803,10.0
363,809,97.0
363,853,10.0
363,859,4376.35
363,861,10.0
363,905,222.0
363,957,24.0
363,963,10.0
363,978,40.0
363,979,9.0
363,1041,10.0
363,1042,10.0
363,1129,118.0
363,1140,860.4
363,1143,10.0
363,1281,3779.25
363,1349,13.0
363,1356,37.0
364,134,49.0
364,244,10.0
364,266,10.0
364,269,117.0
364,270,23.0
364,351,9621.75
364,356,24.0
364,414,40.0
364,536,9367.95
364,553,40.0
364,578,29.0
364,609,23.0
364,615,10.0
364,823,12.0
364,864,12.0
364,962,23.0
364,983,33.0
364,1031,14.0
364,1116,10.0
364,1141,10.0
364,1237,50.0
364,1247,10.0
364,1248,416.0
364,1321,10.0
365,49,24.0
365,118,3.0
365,136,99.0
365,271,10.0
365,285,10.0
365,291,70.0
365,294,11.0
365,302,8935.4
365,306,10.0
365,343,16.0
365,348,10.0
365,370,10.0
365,374,10.0
365,389,10.0
365,404,11.0
365,450,10.0
365,466,37.0
365,498,29.0
365,512,22.0
365,524,70.0
365,529,17.0
365,533,10.0
365,538,13.0
365,568,68.0
365,598,10.0
365,635,15.0
365,709,647.0
365,757,10.0
365,758,15.0
365,782,41.0
365,790,17.0
365,792,28.0
365,827,6.0
365,838,2550.7
365,871,16.0
365,886,17.0
365,889,119.0
365,890,22.0
365,893,6.0
365,902,150.0
365,905,10.0
365,913,19.0
365,942,10.0
365,951,10.0
365,979,10.0
365,997,15.0
365,998,10.0
365,1045,249.0
365,1105,10.0
365,1111,4740.95
365,1130,29.0
365,1137,30.0
365,1139,10.0
365,1144,119.0
365,1155,18.0
365,1159,25.0
365,1161,67.0
365,1222,134.0
365,1250,3.0
365,1277,82.0
365,1290,21.0
365,1303,10.0
365,1309,12.0
365,1316,10.0
366,54,10.0
366,83,12.0
366,126,10.0
366,175,6217.049999999999
366,187,659.0
366,262,11.0
366,316,10.0
366,373,30.0
366,403,10.0
366,407,10.0
366,435,4608.55
366,511,10771.75
366,548,1129.0
366,573,1009.0
366,607,11.0
366,679,10.0
366,691,10.0
366,737,7208.35
366,769,10.0
366,817,483.0
366,972,10.0
366,1000,16.0
366,1016,5565.950000000001
366,1119,10.0
366,1126,459.0
366,1204,20.5
366,1282,10.0
366,1289,10.0
366,1321,26.65
366,1332,2938.7
366,1346,11.0
367,31,13.0
367,60,429.0
367,140,10.0
367,254,10.0
367,288,187.0
367,336,28.0
367,349,10.0
367,352,10.0
367,353,292.0
367,371,3454.85
367,381,20.0
367,539,15.0
367,563,20.5
367,665,136.0
367,669,10.0
367,672,458.85
367,693,10.0
367,704,3405.45
367,814,45.0
367,824,14.0
367,896,10.0
367,908,20.5
367,917,39.0
367,945,35.0
367,968,94.0
367,1007,8.0
367,1026,10.0
367,1096,10.0
367,1118,7695.0
367,1263,10949.3
367,1265,24.0
367,1294,3.0
367,1313,25.0
367,1318,85.0
368,13,10.0
368,29,10.0
368,40,10.0
368,129,13.0
368,248,10.0
368,314,36.0
368,370,40.0
368,379,2307.0
368,385,10.0
368,426,10.0
368,455,13.0
368,499,5832.0
368,500,17.0
368,521,10.0
368,522,10.0
368,623,26.0
368,626,6.0
368,632,13.0
368,649,10.0
368,690,10.0
368,716,10.0
368,728,10.0
368,773,43.0
368,851,25.0
368,941,41.0
368,980,3.0
368,1045,22.0
368,1080,4053.3
368,1180,72.0
368,1290,23.0
368,1356,35.0
370,14,12.0
370,32,10.0
370,52,11.0
370,61,10.0
370,141,7.0
370,184,8422.3
370,204,10.0
370,212,28.0
370,215,764.0
370,225,876.9
370,274,10.0
370,314,17.0
370,336,7826.6
370,365,10.0
370,368,40.0
370,379,44.0
370,384,321.0
370,426,10981.25
370,453,10.0
370,506,65.0
370,595,24.0
370,613,10.0
370,623,97.0
370,634,10.0
370,691,29.0
370,756,69.0
370,761,10.0
370,798,10.0
370,806,12.0
370,811,3.0
370,845,1357.4
370,851,89.0
370,873,14.0
370,881,31.0
370,891,8217.55
370,916,16.0
370,921,20.5
370,922,3.0
370,978,10.0
370,979,10.0
370,991,50.0
370,999,67.0
370,1060,106.0
370,1079,10.0
370,1094,43.0
370,1130,58.0
370,1228,10.0
370,1286,11.0
370,1304,10.0
371,29,30.0
371,124,10.0
371,131,17.0
371,233,10.0
371,265,8895.6
371,367,3454.85
371,388,10.0
371,672,8671.85
371,679,10.0
371,693,52.0
371,727,18.0
371,778,35.0
371,791,6272.55
371,809,23.0
371,882,10.0
371,908,11068.35
371,1096,16.0
371,1118,8355.15
371,1174,10.0
371,1291,10.0
371,1341,10.0
372,54,18.0
372,75,12.0
372,208,16.0
372,219,10.0
372,254,34.0
372,324,90.0
372,331,15.0
372,427,62.0
372,535,10.0
372,580,10.0
372,614,10.0
372,628,2532.15
372,639,10285.75
372,667,10.0
372,675,12.0
372,723,27.0
372,730,26.5
372,747,10.0
372,768,10.0
372,854,1804.0
372,1029,3524.7
372,1074,10.0
372,1077,10.0
372,1101,10.0
372,1108,10.0
372,1128,21.0
372,1188,37.0
372,1225,10.0
372,1228,10.0
372,1244,10.0
372,1271,24.0
372,1282,75.0
372,1288,8978.0
372,1345,5866.6
372,1346,23.0
372,1350,63.0
373,54,6120.05
373,69,2719.0
373,77,26.5
373,179,13.0
373,184,43.0
373,208,10.0
373,259,10.0
373,292,19.0
373,300,10.0
373,329,11.0
373,366,30.0
373,397,14.0
373,407,93.65
373,427,7565.45
373,457,98.0
373,511,229.0
373,550,63.0
373,555,10772.5
373,564,17.0
373,608,1851.0
373,612,10.0
373,737,10640.3
373,827,10.0
373,850,10.0
373,896,10.0
373,899,10.0
373,991,10.0
373,1096,10.0
373,1117,368.0
373,1146,10.0
373,1180,592.0
373,1231,33.0
373,1293,409.0
373,1326,10.0
373,1359,10.0
374,12,15.0
374,40,14.0
374,60,10.0
374,103,36.0
374,119,20.5
374,125,10.0
374,201,10.0
374,209,416.0
374,212,31.0
374,222,15.0
374,236,10.0
374,271,1393.0
374,294,15.0
374,306,63.0
374,340,88.0
374,365,10.0
374,389,22.0
374,416,52.0
374,444,15.0
374,450,83.0
374,461,10.0
374,498,45.0
374,512,10.0
374,558,12.0
374,586,10.0
374,620,5994.05
374,635,30.0
374,668,20.0
374,691,10.0
374,699,191.0
374,744,965.0
374,756,218.0
374,780,52.0
374,800,3083.9
374,806,56.0
374,849,15.0
374,859,1141.8
374,867,69.0
374,893,20.0
374,905,55.0
374,918,260.0
374,940,748.7
374,950,20.0
374,951,35.0
374,964,51.0
374,991,10.0
374,1023,32.0
374,1049,16.0
374,1062,33.0
374,1086,7437.35
374,1155,20.5
374,1168,78.0
374,1186,10.0
374,1224,10.0
374,1225,34.0
374,1237,109.0
374,1241,19.0
374,1287,31.0
374,1312,10.0
374,1318,10.0
375,20,12.0
375,36,624.0
375,74,14.0
375,75,175.0
375,94,209.0
375,113,79.0
375,172,10.0
375,176,180.0
375,180,3452.85
375,184,87.0
375,186,10.0
375,188,7.0
375,248,10.0
375,281,204.0
375,340,252.0
375,385,31.0
375,434,252.0
375,455,18.0
375,479,16.0
375,482,404.0
375,484,2121.85
375,531,10.0
375,538,311.0
375,558,4799.35
375,647,10.0
375,652,578.0
375,663,10.0
375,696,685.0
375,709,7.0
375,712,49.0
375,736,6.0
375,744,1015.0
375,808,11162.3
375,809,3401.1
375,819,3297.35
375,833,40.0
375,893,804.0
375,897,14.0
375,905,11.0
375,924,21.0
375,947,4.0
375,1001,20.0
375,1011,11.0
375,1043,10.0
375,1057,1404.25
375,1115,10.0
375,1117,53.0
375,1226,68.0
375,1231,20.5
375,1269,206.0
375,1281,32.0
375,1285,2158.25
375,1308,217.0
375,1335,71.0
377,9,368.0
377,39,18.0
377,46,358.0
377,155,15.0
377,230,109.0
377,277,11.0
377,408,10.0
377,505,20.0
377,933,21.0
377,952,19.0
379,9,13.0
379,75,25.0
379,84,10.0
379,196,20.5
379,229,4620.4
379,273,10.0
379,314,81.0
379,348,10.0
379,368,2307.0
379,370,44.0
379,426,10.0
379,428,10.0
379,438,10.0
379,500,38.0
379,583,20.0
379,585,20.5
379,606,10.0
379,618,12.0
379,649,10.0
379,659,3.0
379,709,10.0
379,779,106.0
379,790,11.0
379,851,56.0
379,869,542.0
379,881,26.0
379,882,10.0
379,901,2098.4
379,940,10.0
379,941,16.0
379,948,11.0
379,1049,12.0
379,1150,10.0
379,1180,21.0
379,1233,2169.5
379,1236,10.0
379,1256,9.0
379,1280,10.0
379,1293,14.0
379,1312,10.0
379,1352,10.0
379,1356,19.0
380,4,6.0
380,7,22.0
380,26,30.0
380,102,3.0
380,113,26.5
380,136,368.0
380,195,10.0
380,273,7369.95
380,329,11.0
380,352,16.0
380,382,16.0
380,404,15.0
380,428,98.0
380,507,8362.0
380,598,4451.25
380,756,10.0
380,771,13.0
380,861,10.0
380,871,22.55
380,891,14.0
380,904,12.0
380,923,10.0
380,943,178.0
380,961,10.0
380,963,10.0
380,1041,17.0
380,1059,29.0
380,1079,10.0
380,1094,6985.05
380,1140,10.0
380,1216,38.0
380,1237,10.0
380,1241,10.0
380,1281,10.0
380,1290,10.0
380,1312,24.0
380,1359,11.0
381,9,20.5
381,11,143.0
381,38,8293.5
381,40,283.65
381,78,7.0
381,84,194.0
381,87,10.0
381,190,16.0
381,209,61.0
381,248,2363.4
381,265,37.0
381,281,23.0
381,297,10.0
381,341,10.0
381,367,20.0
381,389,982.2
381,455,11.0
381,469,16.0
381,499,8220.7
381,540,13.0
381,620,110.0
381,658,22.0
381,668,20.5
381,790,10.0
381,806,10.0
381,859,109.0
381,957,59.0
381,964,10.0
381,1059,10.0
381,1077,22.0
381,1099,10.0
381,1111,17.0
381,1115,10.0
381,1139,63.0
381,1225,11.0
381,1237,10.0
381,1290,10.0
381,1303,90.0
381,1308,30.0
382,7,881.5
382,32,6.0
382,36,3.0
382,39,10.0
382,76,204.0
382,111,10.0
382,229,10.0
382,306,199.0
382,312,13.0
382,348,12.0
382,352,10.0
382,380,16.0
382,452,10.0
382,465,4748.599999999999
382,476,10.0
382,479,10.0
382,483,10.0
382,588,13.0
382,642,10.0
382,671,10674.5
382,696,5586.55
382,701,11.0
382,710,10.0
382,736,71.0
382,775,7439.35
382,779,10.0
382,803,18.0
382,804,9.0
382,824,12.0
382,831,56.0
382,851,10.0
382,865,159.05
382,886,10.0
382,893,10.0
382,898,96.0
382,947,3.0
382,987,23.0
382,998,102.0
382,1021,45.0
382,1059,10.0
382,1060,4628.4
382,1082,41.0
382,1109,10.0
382,1150,11.0
382,1161,26.0
382,1206,107.0
382,1233,9.0
382,1256,14.0
382,1285,153.0
382,1286,17.0
382,1292,10.0
382,1309,13.0
383,68,29.0
383,88,10.0
383,116,167.85
383,218,10.0
383,223,20.0
383,238,38.0
383,253,11.0
383,269,341.0
383,360,160.0
383,420,43.0
383,593,5993.200000000001
383,600,10.0
383,624,31.0
383,648,7.0
383,661,17.0
383,730,10.0
383,862,155.0
383,920,2015.9
383,1000,10.0
383,1074,110.0
383,1165,7006.4
383,1192,38.0
383,1220,7860.15
384,31,15.0
384,61,6.0
384,99,10.0
384,106,45.0
384,124,10.0
384,153,15.0
384,175,94.0
384,209,32.0
384,288,48.0
384,314,10.0
384,348,30.0
384,370,321.0
384,409,10.0
384,426,325.0
384,471,54.0
384,485,10.0
384,584,1470.55
384,601,183.0
384,676,4.0
384,693,22.0
384,727,16.0
384,847,10.0
384,881,25.0
384,896,10.0
384,924,10.0
384,939,3.0
384,991,2999.0
384,1035,63.0
384,1144,170.0
384,1158,10.0
384,1194,41.0
384,1206,10.0
384,1315,42.0
384,1316,10604.5
384,1318,143.0
384,1319,26.5
385,17,18.0
385,36,290.0
385,61,10.0
385,74,7133.15
385,109,16.0
385,172,5.0
385,180,2195.0
385,184,14.0
385,352,88.0
385,368,10.0
385,375,31.0
385,451,16.0
385,455,21.0
385,507,20.0
385,524,1591.0
385,538,11084.0
385,558,7491.6
385,642,10.0
385,652,275.0
385,731,58.0
385,775,10.0
385,809,78.0
385,830,14.0
385,834,981.0
385,860,47.0
385,866,4.0
385,891,10.0
385,918,10.0
385,924,10.0
385,971,10.0
385,977,10.0
385,978,10.0
385,1001,10.0
385,1004,43.0
385,1035,10.0
385,1043,1870.6
385,1045,1906.0
385,1115,243.0
385,1127,22.3
385,1129,60.0
385,1156,10.0
385,1160,10.0
385,1206,23.0
385,1215,10.0
385,1234,11.0
385,1256,10.0
385,1290,13.0
385,1303,21.0
385,1335,535.0
386,50,10.0
386,51,83.0
386,66,10.0
386,70,25.0
386,83,6.0
386,91,10.0
386,115,10489.5
386,133,23.0
386,153,10.0
386,201,12.0
386,213,267.0
386,243,48.0
386,254,39.0
386,290,10.0
386,301,416.0
386,324,210.0
386,339,10.0
386,351,10.0
386,357,10.0
386,392,36.5
386,393,21.0
386,416,211.0
386,441,18.0
386,505,10.0
386,511,17.0
386,514,666.0
386,516,35.0
386,596,8370.7
386,609,10.0
386,614,16.0
386,624,10.0
386,653,10.0
386,737,25.0
386,746,10.0
386,790,16.0
386,823,10.0
386,844,80.0
386,854,10.0
386,943,10.0
386,962,1911.25
386,974,55.0
386,1000,163.0
386,1030,10.0
386,1033,10.0
386,1083,17.0
386,1116,62.0
386,1119,10.0
386,1155,10.0
386,1158,532.0
386,1207,453.0
386,1208,219.0
386,1235,10.0
386,1246,10.0
386,1339,48.15
386,1346,3765.65
386,1357,22.0
387,1,6203.0
387,4,125.0
387,13,11.0
387,28,20.5
387,38,286.0
387,73,16.0
387,80,10.0
387,103,305.0
387,108,44.0
387,129,7291.45
387,132,168.0
387,146,18.55
387,242,6.0
387,257,122.0
387,268,62.0
387,275,458.0
387,328,17.0
387,397,10.0
387,464,90.0
387,526,541.0
387,537,146.0
387,569,515.0
387,604,70.0
387,682,1777.0
387,731,77.0
387,733,50.0
387,749,14.0
387,809,10.0
387,853,1611.0
387,895,114.0
387,959,451.0
387,998,258.0
387,1013,10.0
387,1028,28.0
387,1061,20.0
387,1106,32.0
387,1281,10.0
387,1292,12.0
388,65,10.0
388,81,11.0
388,99,36.0
388,114,18.0
388,117,29.0
388,199,8045.95
388,241,10.0
388,353,832.0
388,371,10.0
388,517,10.0
388,567,328.0
388,595,10.0
388,607,2119.7
388,645,10.0
388,655,10.0
388,665,5081.5
388,680,11.0
388,761,92.0
388,818,945.0
388,907,31.0
388,910,10.0
388,988,5051.7
388,1057,10.0
389,38,510.2
389,40,11017.35
389,124,13.0
389,196,7927.549999999999
389,248,20.5
389,271,27.0
389,303,256.0
389,365,10.0
389,374,22.0
389,381,982.2
389,404,10.0
389,440,2451.5
389,524,32.0
389,585,3138.75
389,590,10.0
389,623,690.0
389,893,32.0
389,916,10.0
389,987,13.0
389,1045,70.0
389,1054,10.0
389,1168,7.0
390,69,94.0
390,83,10.0
390,114,23.0
390,419,10.0
390,603,10.0
390,646,28.0
390,657,10604.4
390,680,36.0
390,738,10.0
390,937,28.0
390,1088,11.0
390,1114,1949.0
390,1120,10.0
390,1210,10.0
390,1359,12.0
392,4,10.0
392,88,4368.0
392,101,14.0
392,115,1245.0
392,141,3.0
392,144,455.0
392,192,10.0
392,202,286.0
392,206,84.0
392,244,10.0
392,269,7078.25
392,301,16.0
392,306,6.0
392,386,36.5
392,407,42.0
392,441,729.0
392,523,20.0
392,555,10.0
392,565,12.0
392,594,10.0
392,596,52.3
392,684,10.0
392,713,10.0
392,730,10955.65
392,738,13.0
392,778,51.0
392,814,10.0
392,883,23.0
392,914,74.0
392,920,10.6
392,985,10.0
392,1018,123.0
392,1025,47.0
392,1098,14.0
392,1224,121.0
392,1310,10.0
392,1331,10.0
393,22,11.0
393,192,10.0
393,244,202.0
393,322,10.0
393,386,21.0
393,414,10.0
393,420,10.0
393,441,13.0
393,456,10.0
393,468,47.0
393,593,10.0
393,746,10.0
393,788,12.0
393,794,10.0
393,814,116.0
393,844,10.0
393,899,10.0
393,974,10874.0
393,985,22.0
393,1116,10.0
393,1141,6425.3
393,1173,10.0
393,1238,10.0
393,1278,18.0
393,1283,18.0
393,1317,28.7
393,1331,391.45
393,1350,10.0
394,19,20.0
394,55,53.0
394,63,38.0
394,91,12.0
394,112,5730.1
394,167,7964.75
394,192,11.0
394,194,6.0
394,223,68.0
394,284,1858.0
394,403,10.0
394,407,16.0
394,491,7361.75
394,566,16.0
394,644,10.0
394,661,24.0
394,673,10.0
394,726,5638.65
394,763,36.5
394,805,10.0
394,828,10.0
394,839,20.0
394,885,10.0
394,971,41.0
394,1070,13.0
394,1083,26.5
394,1135,1676.0
394,1192,10.0
394,1245,12.0
394,1250,22.0
394,1307,18.0
394,1354,12.0
394,1360,10.0
394,1363,47.65
395,31,81.0
395,58,4905.9
395,70,2752.0499999999997
395,79,599.5
395,121,10.0
395,178,11.0
395,216,85.0
395,236,10.0
395,257,5465.35
395,271,15.0
395,305,10.0
395,306,10.0
395,311,14.0
395,334,3038.5
395,400,10.0
395,450,10.0
395,451,15.0
395,453,95.0
395,508,46.0
395,522,4951.5
395,538,21.0
395,567,23.0
395,655,15.0
395,691,55.0
395,750,226.0
395,756,10.0
395,823,316.0
395,907,1463.0
395,937,10.0
395,978,10.0
395,1012,10.0
395,1015,10.0
395,1036,234.0
395,1045,19.0
395,1082,14.0
395,1091,44.0
395,1140,48.0
395,1142,10.0
395,1241,48.0
395,1281,90.0
395,1287,336.0
395,1291,10.0
395,1294,25.0
395,1335,40.0
396,5,10.0
396,135,10.0
396,142,32.0
396,158,11.0
396,166,10427.9
396,168,94.0
396,173,79.0
396,192,64.0
396,210,99.0
396,253,12.0
396,318,68.0
396,519,112.0
396,552,18.0
396,576,10.0
396,667,26.0
396,678,24.0
396,813,243.0
396,820,54.0
396,876,51.0
396,981,4848.7
396,984,7986.2
396,1033,40.0
396,1055,12.0
396,1107,32.0
396,1125,9094.75
396,1188,10.0
396,1202,22.0
396,1214,8198.95
396,1217,5276.2
396,1324,26.0
396,1325,14.0
396,1331,12.0
396,1363,14.0
397,10,10.0
397,23,54.0
397,34,15.0
397,41,38.0
397,49,10.0
397,184,14.0
397,255,42.0
397,264,14.0
397,291,171.0
397,304,926.0
397,323,111.0
397,333,1170.0
397,373,14.0
397,387,10.0
397,400,10.0
397,411,32.0
397,446,10.0
397,467,42.0
397,500,29.0
397,525,53.0
397,559,10.0
397,567,20.0
397,571,53.0
397,610,10.0
397,622,50.0
397,645,10.0
397,654,8713.6
397,676,3178.95
397,684,17.0
397,694,19.0
397,721,10.0
397,739,10.0
397,751,31.0
397,757,10.0
397,778,8805.65
397,795,27.0
397,809,20.0
397,838,120.0
397,896,50.0
397,906,49.0
397,916,193.0
397,926,4079.35
397,931,10.0
397,945,10.0
397,954,39.0
397,970,32.0
397,972,103.0
397,988,13.0
397,1026,63.0
397,1110,6108.75
397,1113,22.0
397,1118,10.0
397,1142,61.0
397,1143,102.0
397,1144,49.0
397,1166,3315.95
397,1169,10.0
397,1255,10.0
397,1259,102.5
397,1270,2074.45
397,1286,10.0
397,1359,14.0
398,189,487.0
398,207,10.0
398,247,10.0
398,251,24.0
398,254,10.0
398,272,10.0
398,314,324.0
398,319,10.0
398,323,10.0
398,328,10.0
398,361,10.0
398,400,188.0
398,452,10.0
398,482,5.0
398,502,23.0
398,587,10.0
398,637,10.0
398,642,19.0
398,669,267.0
398,709,10.0
398,757,10.0
398,799,29.0
398,804,10.0
398,821,1760.7
398,827,10.0
398,865,10.0
398,895,15.0
398,912,150.0
398,924,10.0
398,947,42.0
398,948,17.0
398,1001,10.0
398,1021,16.0
398,1057,321.0
398,1084,663.0
398,1206,131.0
398,1285,10.0
398,1303,8502.35
398,1304,9550.85
398,1320,4686.1
398,1323,10.0
399,25,1322.0
399,39,6.0
399,63,10.0
399,284,44.0
399,296,29.0
399,417,47.5
399,421,10.0
399,433,14.0
399,442,49.0
399,458,19.0
399,478,19.0
399,530,9114.3
399,580,13.0
399,664,25.0
399,675,15.0
399,724,10.0
399,828,17.0
399,829,35.0
399,839,15.0
399,1030,10570.4
399,1108,10.0
399,1128,975.0
399,1135,21.0
399,1175,10.0
399,1238,14.0
399,1242,10.0
399,1343,11.0
400,70,8713.4
400,121,14.0
400,164,17.0
400,231,10.0
400,234,13.0
400,255,10.0
400,257,4881.2
400,263,10.0
400,311,15.0
400,314,17.0
400,349,10.0
400,395,10.0
400,397,10.0
400,398,188.0
400,471,72.0
400,477,16.0
400,503,12.0
400,508,10.0
400,509,14.0
400,550,3.0
400,586,31.0
400,595,12.0
400,607,16.0
400,643,10.0
400,680,7.0
400,693,10.0
400,739,22.0
400,809,168.0
400,817,145.0
400,827,10.0
400,847,37.0
400,877,20.0
400,931,26.0
400,937,10.0
400,976,17.0
400,982,10.0
400,989,27.0
400,1034,10.0
400,1035,10.0
400,1088,10.0
400,1091,8.0
400,1142,13.0
400,1143,175.0
400,1146,8.0
400,1155,16.0
400,1235,7.0
400,1252,10.0
400,1304,155.0
400,1312,15.0
402,155,104.0
402,264,10.0
402,305,10.0
402,337,2440.0
402,349,1956.65
402,467,10.0
402,505,10.0
402,520,10.0
402,534,26.0
402,563,10.0
402,568,10.0
402,579,38.0
402,584,10.0
402,636,10.0
402,883,10095.45
402,896,104.0
402,907,10.0
402,935,997.75
402,940,10.0
402,1011,17.0
402,1018,159.0
402,1026,15.0
402,1120,10.0
402,1185,3268.3
402,1191,5879.0
402,1224,113.0
402,1281,32.0
402,1287,10.0
402,1291,64.0
402,1316,10.0
403,37,11.0
403,55,10.0
403,266,28.0
403,292,41.0
403,354,10085.3
403,366,10.0
403,394,10.0
403,410,157.0
403,432,10.0
403,436,10.0
403,556,257.0
403,644,10.0
403,660,183.0
403,697,24.0
403,763,12.0
403,785,160.0
403,820,198.0
403,836,18.0
403,947,10.0
403,984,10.0
403,990,101.0
403,996,8208.9
403,1037,10.0
403,1070,2059.0
403,1125,10.0
403,1162,387.0
403,1175,10.0
403,1198,10.0
403,1202,10.0
403,1207,11.0
403,1223,1011.0
403,1245,12.0
403,1307,273.0
403,1325,10.0
403,1338,111.0
404,7,10.0
404,51,10.0
404,74,51.0
404,109,10.0
404,124,195.0
404,172,280.0
404,191,10.0
404,196,10.0
404,212,10.0
404,248,32.0
404,272,35.0
404,280,10.0
404,302,53.0
404,331,10.0
404,336,10.0
404,351,67.0
404,365,11.0
404,380,15.0
404,389,10.0
404,413,10.0
404,434,10.0
404,440,10.0
404,444,19.0
404,452,69.0
404,466,65.0
404,476,10.0
404,486,10.0
404,498,98.0
404,500,12.0
404,512,149.0
404,524,11.0
404,537,25.0
404,538,12.0
404,571,10.0
404,656,45.0
404,729,10.0
404,755,10.0
404,770,20.5
404,771,10.0
404,806,64.0
404,863,10.0
404,866,52.0
404,867,10.0
404,872,132.0
404,873,67.0
404,886,24.0
404,889,470.0
404,897,10.0
404,905,99.0
404,925,130.0
404,947,10.0
404,953,9038.7
404,957,10.0
404,979,108.0
404,999,104.0
404,1004,11.0
404,1111,20.0
404,1139,13.0
404,1161,13.0
404,1185,9.0
404,1200,2452.5
404,1226,10.0
404,1254,108.0
404,1302,24.0
404,1303,129.0
404,1316,24.0
405,9,10.0
405,26,138.0
405,34,10.0
405,36,8355.0
405,50,21.0
405,68,11.0
405,122,10.0
405,143,20.0
405,176,2530.0
405,188,6.0
405,275,46.0
405,336,8.0
405,406,22.0
405,428,10.0
405,434,46.0
405,452,548.0
405,455,20.0
405,471,141.0
405,513,10.0
405,538,25.0
405,647,175.0
405,652,14.0
405,792,10.0
405,860,16.0
405,881,10.0
405,897,13.0
405,924,10.0
405,941,13.0
405,982,43.0
405,997,10.0
405,1001,10.0
405,1021,811.0
405,1035,109.0
405,1040,318.0
405,1080,49.0
405,1087,6335.75
405,1099,10.0
405,1168,10.0
405,1256,104.0
405,1285,55.0
405,1292,10.0
405,1308,27.0
405,1335,24.0
406,1,52.0
406,19,51.0
406,27,67.0
406,38,53.0
406,86,10.0
406,101,10.0
406,122,48.0
406,236,30.0
406,307,23.0
406,338,1791.5
406,405,22.0
406,413,23.0
406,428,6.0
406,482,11.0
406,486,3.0
406,512,10.0
406,537,16.0
406,572,32.0
406,613,115.0
406,647,37.0
406,729,66.0
406,771,10.0
406,848,4409.25
406,867,6.0
406,872,5325.25
406,904,10.0
406,919,10.0
406,928,4.0
406,943,21.0
406,959,54.0
406,969,2979.45
406,976,24.0
406,986,13.0
406,1013,10.0
406,1045,19.0
406,1058,10188.95
406,1080,3.0
406,1083,59.0
406,1111,196.0
406,1121,26.0
406,1124,12.0
406,1154,23.0
406,1155,26.0
406,1159,255.0
406,1225,75.0
406,1237,45.0
406,1265,6.0
406,1270,213.0
406,1281,10.0
406,1299,8134.85
407,27,10.0
407,31,193.0
407,66,22.0
407,69,4049.85
407,115,14.0
407,197,53.0
407,206,15.0
407,245,361.0
407,266,19.0
407,291,153.0
407,301,11.0
407,339,13.0
407,366,10.0
407,373,93.65
407,392,42.0
407,394,16.0
407,417,10.0
407,435,10.0
407,441,4418.35
407,442,13.0
407,470,60.0
407,473,10.0
407,484,339.0
407,548,728.0
407,555,3068.7
407,573,5029.15
407,600,10.0
407,642,26.0
407,726,10.0
407,730,10.0
407,737,874.0
407,746,10.0
407,747,70.0
407,761,23.0
407,812,49.0
407,819,276.0
407,914,11.0
407,932,10.0
407,981,18.0
407,988,24.0
407,1010,100.0
407,1024,14.0
407,1052,154.0
407,1064,11.0
407,1104,10.0
407,1126,144.0
407,1148,14.0
407,1162,19.0
407,1184,23.0
407,1207,23.0
407,1270,19.0
407,1294,10.0
407,1343,10.0
407,1350,10.0
408,87,11.0
408,110,10.0
408,377,10.0
408,461,10.0
408,575,42.0
408,712,10.0
408,714,10.0
408,715,13.0
408,749,11.0
408,927,2457.0
408,997,3.0
408,1023,13.0
408,1047,84.0
408,1105,4072.85
408,1112,883.0
408,1216,1238.0
408,1222,3446.95
408,1235,32.0
408,1264,20.0
408,1269,13.0
408,1303,581.0
409,27,68.0
409,51,12.0
409,52,14.0
409,84,10.0
409,101,20.5
409,222,14.0
409,247,10.0
409,285,10.0
409,384,10.0
409,500,16.0
409,583,10.0
409,613,20.0
409,668,28.0
409,684,10.0
409,729,14.0
409,754,11079.55
409,767,2847.7000000000003
409,799,44.0
409,867,1479.05
409,882,13.0
409,913,13.0
409,915,23.0
409,958,10.0
409,1011,39.0
409,1032,11.0
409,1106,25.0
409,1140,10.0
409,1146,26.0
409,1164,6100.9
409,1167,2409.65
409,1222,10.0
409,1225,924.4
409,1303,10.0
409,1341,10.0
410,96,22.55
410,112,10.0
410,173,329.0
410,284,17.0
410,354,166.0
410,403,157.0
410,414,20.5
410,473,758.5
410,547,6.0
410,578,10.0
410,703,493.0
410,763,12.0
410,820,10925.3
410,981,3616.55
410,1010,10.0
410,1070,10.0
410,1102,10.0
410,1126,10.0
410,1182,10.0
410,1189,890.4
410,1212,19.0
410,1214,52.0
410,1223,2859.45
410,1282,10.0
410,1313,20.5
410,1354,15.0
411,32,10.0
411,60,10.0
411,99,7745.4
411,119,10.0
411,199,4963.25
411,219,7185.4
411,259,121.0
411,304,10.0
411,321,13.0
411,337,10.0
411,353,2568.3
411,397,32.0
411,415,417.0
411,444,11.0
411,460,3797.5
411,477,5139.7
411,522,10.0
411,547,10.0
411,550,96.0
411,591,10.0
411,594,51.0
411,616,10.0
411,623,10.0
411,778,494.0
411,896,575.0
411,907,10.0
411,930,14.0
411,1072,552.0
411,1142,26.0
411,1201,10.0
412,81,130.0
412,111,10.0
412,186,15.0
412,207,23.0
412,216,35.0
412,225,11.0
412,251,1209.5
412,274,4877.75
412,285,26.5
412,303,10.0
412,328,20.5
412,419,10.0
412,476,122.0
412,513,10.0
412,559,6663.6
412,567,17.0
412,587,6921.7
412,635,25.0
412,646,10.0
412,655,219.0
412,680,10.0
412,727,597.0
412,736,102.0
412,750,1656.4
412,751,1135.0
412,756,10.0
412,761,10.0
412,775,17.0
412,779,11.0
412,800,4221.95
412,812,65.0
412,834,10.0
412,861,6526.0
412,871,42.0
412,891,725.0
412,921,1838.5
412,961,120.0
412,963,42.0
412,980,10.0
412,1036,3265.6
412,1064,55.0
412,1089,11.0
412,1105,10.0
412,1155,2247.3
412,1159,36.0
412,1210,10.0
412,1277,205.0
413,9,10.0
413,36,10.0
413,68,147.0
413,75,10.0
413,80,61.0
413,85,10.0
413,87,54.0
413,121,11.0
413,186,10.0
413,195,6.0
413,211,116.0
413,232,6746.1
413,259,10.0
413,297,15.0
413,325,20.0
413,345,30.0
413,404,10.0
413,406,23.0
413,425,10.0
413,532,10.0
413,537,22.0
413,557,43.0
413,604,178.35
413,605,16.0
413,626,5543.0
413,709,78.0
413,714,10.0
413,806,34.0
413,847,18.0
413,890,3.0
413,939,13.0
413,977,29.0
413,979,24.0
413,1132,10.0
413,1133,19.0
413,1150,68.0
413,1155,2447.6
413,1206,126.0
413,1233,61.0
413,1234,10.0
413,1290,6.0
413,1300,10.0
413,1328,10.0
413,1335,10.0
414,7,10.0
414,22,21.0
414,48,3630.6
414,91,10061.1
414,96,9021.95
414,115,10.0
414,126,5.0
414,169,10.0
414,173,5.0
414,200,10.0
414,206,20.0
414,228,10607.3
414,266,11.0
414,284,18.0
414,305,10.0
414,351,10.0
414,356,10.0
414,362,64.0
414,364,40.0
414,393,10.0
414,410,20.5
414,427,10.0
414,435,11.0
414,536,10.0
414,553,22.0
414,660,60.0
414,686,29.0
414,706,12.0
414,726,26.0
414,730,30.0
414,820,658.05
414,892,10.0
414,1076,10.0
414,1141,10.0
414,1207,27.0
414,1248,10.0
414,1279,36.5
414,1313,10.0
414,1317,10.0
414,1361,3.0
415,53,10.0
415,186,17.0
415,259,10586.25
415,348,43.0
415,411,417.0
415,469,3707.5
415,471,1572.35
415,477,85.0
415,498,247.0
415,550,15.0
415,555,10.0
415,577,4839.85
415,583,133.0
415,623,419.0
415,634,10.0
415,744,76.0
415,773,10.0
415,778,324.0
415,790,9.0
415,826,10.0
415,885,10.0
415,914,15.0
415,923,10.0
415,991,10.0
415,998,10.0
415,1001,19.0
415,1035,4023.3
415,1051,10.0
415,1072,34.0
415,1079,27.0
415,1080,10.0
415,1094,10.0
415,1117,229.0
415,1197,20.0
415,1208,14.0
415,1252,10.0
415,1312,10.0
415,1349,614.2
416,1,10.0
416,51,87.0
416,115,192.0
416,123,185.0
416,132,26.0
416,160,984.0
416,169,10.0
416,175,10.0
416,186,10.0
416,196,11.0
416,212,15.0
416,220,21.0
416,243,142.0
416,260,10.0
416,294,16.0
416,303,10.0
416,374,52.0
416,386,211.0
416,435,66.0
416,438,45.5
416,444,69.0
416,504,10.0
416,512,10.0
416,539,10.0
416,558,27.0
416,559,10.0
416,569,49.55
416,595,10.0
416,635,13.0
416,698,29.0
416,715,10.0
416,731,10.0
416,735,10.0
416,761,57.0
416,790,3961.4
416,798,10.0
416,810,76.0
416,812,18.0
416,830,10.0
416,869,10.0
416,925,32.0
416,953,12.0
416,964,84.0
416,1072,19.0
416,1091,207.0
416,1110,7.0
416,1127,10.0
416,1159,10.0
416,1199,10.0
416,1208,11154.3
416,1209,12.0
417,37,10.0
417,133,158.0
417,138,20.5
417,168,10.0
417,175,18.0
417,223,10.0
417,238,119.0
417,347,10.0
417,399,47.5
417,407,10.0
417,435,10.0
417,436,1801.0
417,449,4075.95
417,473,10.0
417,629,10.0
417,660,10.0
417,685,10.0
417,723,13.0
417,724,8.2
417,740,10.0
417,814,10066.05
417,956,10.0
417,1030,6050.45
417,1031,10.0
417,1050,10.0
417,1074,2455.65
417,1093,13.0
417,1107,10.0
417,1111,10.0
417,1165,84.0
417,1178,10.0
417,1231,10.0
417,1232,4.0
417,1263,10.0
417,1296,1594.0
417,1320,10.0
417,1338,10.0
417,1339,153.0
418,116,26.5
418,266,10.0
418,277,10.0
418,290,2685.75
418,301,26.0
418,318,10.0
418,357,10.0
418,424,11.0
418,516,22.0
418,673,15.0
418,719,14.35
418,737,10.0
418,740,10.0
418,769,111.0
418,805,10.0
418,887,26.2
418,894,11.0
418,932,2581.3
418,995,12.0
418,1003,9366.85
418,1025,10.0
418,1063,10.0
418,1068,219.0
418,1104,10.0
418,1151,9911.2
418,1187,13.0
418,1327,19.0
419,10,16.0
419,70,10.0
419,99,146.0
419,119,54.0
419,154,43.0
419,157,10.0
419,198,10.0
419,209,10.0
419,239,33.0
419,321,54.0
419,336,75.0
419,349,10.0
419,390,10.0
419,412,10.0
419,542,14.0
419,568,13.0
419,584,101.0
419,590,3249.95
419,611,9.0
419,635,21.0
419,646,176.0
419,655,4403.5
419,657,10.0
419,735,10.0
419,752,51.0
419,784,3486.5
419,826,229.0
419,835,10.0
419,883,11.0
419,935,13.0
419,937,8902.05
419,952,10009.35
419,1018,59.0
419,1089,40.0
419,1120,10.0
419,1131,10.0
419,1169,37.0
419,1193,23.0
419,1194,10.0
419,1210,137.0
419,1277,10.0
419,1291,291.0
419,1314,10.0
420,95,68.0
420,167,5188.25
420,194,86.0
420,205,10.0
420,253,50.0
420,270,54.0
420,383,43.0
420,393,10.0
420,454,20.0
420,491,9642.75
420,582,27.0
420,600,10.0
420,615,148.0
420,667,154.0
420,719,11.0
420,789,10.0
420,822,10.0
420,985,126.0
420,1031,23.0
420,1063,10.0
420,1212,72.0
420,1283,10.0
420,1307,95.0
420,1360,1788.0
420,1363,26.5
421,53,24.0
421,63,10.0
421,177,4937.45
421,223,22.0
421,226,15.0
421,266,242.0
421,293,6903.5
421,399,10.0
421,430,10.0
421,468,6.0
421,487,39.0
421,493,49.0
421,520,10.0
421,535,17.0
421,541,10.0
421,664,4981.25
421,687,35.0
421,695,511.0
421,746,22.0
421,801,10.0
421,894,176.0
421,955,10.0
421,995,10.0
421,1038,603.0
421,1102,126.0
421,1123,10849.6
421,1162,242.0
421,1192,100.0
421,1229,195.0
421,1242,737.6
421,1245,135.0
421,1248,10.0
421,1288,20.0
421,1327,11.0
421,1356,53.0
423,18,15.0
423,59,434.7
423,100,42.0
423,133,16.0
423,158,39.0
423,168,16.0
423,192,45.0
423,270,13.0
423,289,4700.15
423,362,14.0
423,449,12.0
423,562,6.0
423,617,10.0
423,695,10.0
423,828,146.0
423,841,10.0
423,855,16.0
423,956,10.0
423,983,91.0
423,1066,23.0
423,1116,107.0
423,1198,288.0
423,1244,3393.5
423,1280,100.0
423,1325,876.0
423,1338,15.0
423,1354,8.0
423,1361,292.0
425,1,24.0
425,20,16.0
425,52,24.0
425,97,42.0
425,107,34.0
425,125,6114.45
425,297,11.0
425,340,26.0
425,413,10.0
425,465,150.0
425,486,18.0
425,521,21.0
425,544,247.0
425,605,13.0
425,621,4032.6
425,666,15.0
425,668,10.0
425,690,11162.3
425,701,27.0
425,710,10.0
425,733,40.0
425,824,12.0
425,830,14.0
425,865,10.0
425,942,7734.9
425,976,26.0
425,1021,154.0
425,1041,10.0
425,1061,35.0
425,1133,10.0
425,1186,4033.25
425,1233,36.0
425,1274,102.0
425,1349,10.0
426,14,12.0
426,52,27.0
426,61,10.0
426,184,6784.9
426,191,10.0
426,212,17.0
426,215,625.0
426,216,12.0
426,251,704.35
426,274,12.0
426,336,35.0
426,368,10.0
426,370,10981.25
426,379,10.0
426,384,325.0
426,455,10.0
426,476,11.0
426,506,77.0
426,616,10.0
426,659,11.0
426,667,14.0
426,693,18.0
426,751,15.0
426,756,116.0
426,798,31.0
426,806,12.0
426,845,21.0
426,849,7.0
426,851,148.0
426,891,5392.2
426,915,10.0
426,921,2393.85
426,922,10.0
426,924,14.0
426,944,20.0
426,979,125.0
426,991,159.0
426,999,106.0
426,1041,17.0
426,1094,144.0
426,1130,98.0
426,1154,22.0
426,1155,1859.0
426,1206,10.0
426,1286,28.0
426,1304,14.0
426,1316,325.0
427,33,2150.45
427,53,204.0
427,54,11156.3
427,69,14.0
427,77,1991.45
427,121,141.0
427,126,10.0
427,144,167.0
427,169,10.0
427,175,2277.55
427,187,273.0
427,197,12.0
427,212,12.0
427,254,56.0
427,257,10.0
427,292,3295.5
427,300,10.0
427,322,10.0
427,324,52.0
427,360,10.0
427,372,62.0
427,373,7565.45
427,414,10.0
427,435,32.55
427,436,10.0
427,514,14.0
427,542,121.0
427,548,10.0
427,608,13.0
427,639,20.0
427,737,420.15
427,789,11.0
427,842,10.0
427,894,10.0
427,967,11.0
427,1025,24.0
427,1066,10.0
427,1102,10.0
427,1104,26.0
427,1128,10.0
427,1162,41.0
427,1165,10.0
427,1184,43.0
427,1204,15.0
427,1207,6.0
427,1282,17.0
427,1283,10.0
427,1300,8055.7
427,1327,20.5
427,1339,29.0
427,1346,10.0
428,7,10868.45
428,31,2617.15
428,39,10.0
428,76,10.0
428,86,10.0
428,118,255.0
428,122,17.0
428,129,9.0
428,136,3004.7
428,256,263.0
428,306,64.0
428,315,10.0
428,379,10.0
428,380,98.0
428,405,10.0
428,406,6.0
428,446,16.0
428,456,294.0
428,483,10.0
428,506,97.0
428,529,13.0
428,538,10.0
428,566,8.0
428,615,10.0
428,626,10.0
428,694,8.0
428,696,6155.450000000001
428,710,10.0
428,721,96.0
428,775,17.0
428,802,69.0
428,803,10.0
428,824,17.0
428,831,540.6
428,898,12.0
428,923,53.0
428,973,611.0
428,994,178.0
428,997,63.0
428,1052,15.0
428,1079,92.0
428,1083,12.0
428,1129,10.0
428,1145,303.0
428,1167,10.0
428,1180,10.0
428,1212,10.0
428,1225,10.0
428,1233,11.0
428,1237,24.0
428,1252,9.0
428,1273,13.0
429,18,221.0
429,66,20.0
429,110,12.0
429,173,10.0
429,290,2785.55
429,292,10.0
429,362,213.0
429,433,15.0
429,439,7256.55
429,468,10.0
429,516,7516.95
429,565,32.0
429,660,39.0
429,763,11.0
429,769,10.0
429,772,10940.05
429,839,6820.95
429,841,33.0
429,1033,6424.65
429,1165,10.0
429,1178,186.0
429,1220,10.0
429,1348,31.0
430,19,281.0
430,37,120.0
430,54,10.0
430,96,14.0
430,137,10.0
430,161,129.0
430,167,10.0
430,228,69.0
430,318,231.0
430,362,10.0
430,421,10.0
430,609,11.0
430,612,5611.15
430,648,10.0
430,686,3278.85
430,740,10.0
430,794,11.0
430,836,229.0
430,856,5.0
430,887,8795.05
430,1031,12.0
430,1184,10.0
430,1202,10.0
430,1246,3619.7999999999997
430,1279,14.0
430,1331,10.0
430,1339,10.0
431,198,1179.0
431,202,177.0
431,240,447.0
431,305,348.0
431,319,10.0
431,343,10.0
431,477,10.0
431,505,10.0
431,509,13.0
431,538,10.0
431,572,10.0
431,586,21.0
431,594,18.0
431,621,10.0
431,623,32.0
431,643,1343.4
431,652,27.0
431,713,159.0
431,716,13.0
431,718,21.0
431,730,10.0
431,883,15.0
431,907,10.0
431,910,10657.8
431,914,10.0
431,935,551.75
431,972,10.0
431,989,10.0
431,1008,24.6
431,1113,10.0
431,1118,10.0
431,1174,41.0
431,1191,1791.45
431,1210,10.0
431,1294,65.0
432,116,10.0
432,132,475.0
432,133,10.0
432,142,5544.3
432,218,1714.2
432,238,6074.7
432,257,23.0
432,270,1333.05
432,277,87.0
432,282,9307.05
432,290,10.0
432,298,5182.95
432,330,10.0
432,332,42.0
432,356,15.0
432,403,10.0
432,478,40.0
432,624,10.0
432,670,10.0
432,856,10.0
432,1037,20.0
432,1076,10.0
432,1116,1375.5
432,1192,41.0
432,1238,399.0
432,1245,10.0
432,1250,10.0
432,1283,26.0
433,55,3956.8
433,83,10.0
433,112,10.0
433,153,10.0
433,173,120.0
433,175,10.0
433,210,12.0
433,226,10.0
433,228,18.0
433,253,1328.4
433,270,5390.4
433,276,4646.35
433,284,1274.75
433,317,14.0
433,351,26.0
433,360,15.0
433,399,14.0
433,429,15.0
433,435,12.0
433,442,18.0
433,445,10.0
433,449,10.0
433,458,10.0
433,492,3020.7
433,516,11.0
433,562,197.0
433,565,10.0
433,566,2100.0
433,578,10.0
433,580,128.0
433,599,61.0
433,615,1860.3
433,617,10.0
433,644,764.0
433,673,10.0
433,675,20.0
433,700,10.0
433,719,15.0
433,763,198.0
433,765,156.0
433,769,10.0
433,835,104.0
433,885,99.0
433,978,14.0
433,990,45.0
433,995,157.75
433,1090,10.0
433,1108,27.0
433,1126,10.0
433,1129,43.0
433,1135,2823.9
433,1165,10.0
433,1172,792.05
433,1180,35.0
433,1202,20.5
433,1214,10.0
433,1238,78.0
433,1241,17.0
433,1242,18.0
433,1250,10.0
433,1253,3052.95
433,1254,10.0
433,1292,59.0
433,1293,60.0
433,1307,10.0
433,1313,16.0
433,1317,14.0
434,9,627.0
434,32,10.0
434,58,17.0
434,74,6.0
434,113,26.0
434,176,58.0
434,180,20.5
434,195,18.0
434,325,6986.8
434,375,252.0
434,404,10.0
434,405,46.0
434,440,50.0
434,459,5469.8
434,484,10.0
434,544,14.0
434,568,619.0
434,606,10.0
434,631,10.0
434,712,10.0
434,779,10.0
434,799,18.0
434,834,11.0
434,861,34.0
434,873,4107.45
434,924,10.0
434,977,10.0
434,982,199.0
434,1043,10.0
434,1059,10.0
434,1117,57.0
434,1143,7110.45
434,1160,5010.25
434,1164,20.5
434,1266,48.0
434,1285,93.0
434,1335,10.0
435,31,44.0
435,51,57.0
435,88,5797.15
435,98,20.0
435,130,11.0
435,153,48.0
435,175,10726.0
435,214,13.0
435,223,12.0
435,245,37.0
435,262,1415.0
435,348,113.0
435,356,35.0
435,366,4608.55
435,407,10.0
435,414,11.0
435,416,66.0
435,417,10.0
435,427,32.55
435,433,12.0
435,448,29.0
435,478,68.0
435,498,10.0
435,505,53.0
435,511,5710.8
435,536,10.0
435,553,11.0
435,555,26.0
435,573,30.0
435,596,18.0
435,642,61.0
435,664,21.0
435,673,61.0
435,674,73.0
435,678,28.0
435,688,16.0
435,769,31.0
435,810,130.0
435,812,139.0
435,842,10.0
435,851,52.0
435,894,27.0
435,922,18.0
435,936,14.0
435,991,10.0
435,1016,20.5
435,1033,21.0
435,1035,82.0
435,1052,132.0
435,1064,185.0
435,1116,15.0
435,1165,364.0
435,1189,26.0
435,1192,34.0
435,1208,57.0
435,1214,66.0
435,1242,17.0
435,1251,11.0
435,1288,12.0
435,1339,1603.2
435,1345,10.0
436,57,10.0
436,59,17.0
436,133,26.0
436,138,5494.95
436,192,12.0
436,223,2919.8
436,238,33.0
436,347,14.0
436,403,10.0
436,417,1801.0
436,427,10.0
436,580,10.0
436,724,181.6
436,768,10.0
436,814,9495.3
436,832,10.0
436,855,20.0
436,932,10.0
436,1031,10.0
436,1113,10.0
436,1165,146.0
436,1205,10.0
436,1246,69.0
436,1263,26.0
436,1278,68.0
436,1288,10.0
436,1296,10429.0
436,1338,80.0
436,1339,108.0
438,81,15.0
438,121,12.0
438,160,8046.599999999999
438,213,399.0
438,220,10.0
438,259,17.0
438,302,13.0
438,379,10.0
438,416,45.5
438,444,900.0
438,529,10.0
438,567,11.0
438,569,1837.55
438,572,281.85
438,579,10.0
438,598,118.0
438,610,14.0
438,624,10.0
438,699,3192.45
438,735,11.0
438,790,93.0
438,796,4384.5
438,817,10.0
438,848,354.65
438,871,139.0
438,878,13.0
438,915,532.0
438,925,10.0
438,945,21.0
438,973,46.0
438,1054,10.0
438,1131,72.0
438,1156,13.0
438,1208,995.0
438,1222,48.0
438,1258,35.0
438,1273,24.6
438,1289,501.0
438,1319,127.0
438,1352,14.0
439,96,10.0
439,238,6.0
439,245,10.0
439,282,21.0
439,290,94.0
439,330,10.0
439,347,10.0
439,351,15.0
439,429,7256.55
439,446,12.0
439,535,10.0
439,556,159.0
439,589,10.0
439,599,11.0
439,683,13.0
439,723,12.0
439,768,50.0
439,772,6499.25
439,868,20.0
439,887,10.0
439,929,11.0
439,996,96.0
439,1220,10.0
439,1250,10.0
439,1278,26.0
439,1344,10.0
439,1350,10.0
439,1353,18.0
440,40,8881.6
440,49,11.0
440,94,21.0
440,125,47.0
440,195,17.0
440,196,10505.4
440,220,45.0
440,227,24.0
440,281,74.0
440,295,36.0
440,303,10794.3
440,389,2451.5
440,404,10.0
440,434,50.0
440,506,10.0
440,550,10.0
440,568,10.0
440,605,40.0
440,610,12.0
440,621,1631.75
440,632,10.0
440,773,15.0
440,779,10.0
440,824,12.0
440,994,10.0
440,1051,10.0
440,1082,10.0
440,1208,10.0
440,1221,10.0
441,88,11.0
441,91,10.0
441,103,10.0
441,158,23.0
441,242,1831.15
441,284,10.0
441,322,10.0
441,339,10912.1
441,351,11.0
441,386,18.0
441,392,729.0
441,393,13.0
441,407,4418.35
441,503,10.0
441,573,5838.75
441,579,3753.85
441,730,13.0
441,785,10.0
441,829,10.0
441,956,11.0
441,1046,22.55
441,1066,15.0
441,1070,27.0
441,1081,82.0
441,1178,10.0
441,1188,10.0
441,1355,10.0
442,15,10.0
442,59,14.0
442,100,6700.95
442,135,10.0
442,161,10.0
442,171,40.15
442,266,3.0
442,282,10.0
442,284,54.0
442,296,18.0
442,399,49.0
442,407,13.0
442,433,18.0
442,463,19.0
442,516,18.0
442,551,9373.45
442,673,10.0
442,695,58.0
442,697,21.0
442,724,10.0
442,745,14.0
442,769,10.0
442,801,10.0
442,828,18.0
442,862,10.0
442,868,24.0
442,887,63.55
442,995,29.0
442,1030,29.0
442,1038,19.0
442,1039,2667.15
442,1104,23.0
442,1123,13.0
442,1135,20.0
442,1177,10.0
442,1184,10.0
442,1189,83.0
442,1192,11.0
442,1204,28.7
442,1230,10.0
442,1244,10.0
442,1276,10.0
442,1278,10.0
442,1307,41.0
442,1324,10.0
442,1338,2736.5
442,1343,10382.65
442,1357,973.75
443,19,2041.8
443,50,24.0
443,85,10.0
443,102,2079.0
443,111,64.0
443,141,10.0
443,189,2004.0
443,264,19.0
443,306,4096.75
443,444,13.0
443,498,85.0
443,512,10.0
443,559,454.0
443,564,10.0
443,572,42.0
443,574,43.0
443,577,330.0
443,603,10.0
443,607,10.0
443,613,12.0
443,622,37.0
443,651,257.0
443,713,10.0
443,725,34.0
443,790,156.0
443,860,96.0
443,861,73.0
443,906,74.0
443,1083,17.0
443,1257,9658.7
443,1320,13.0
444,11,16.0
444,12,171.0
444,73,12.0
444,79,8.0
444,127,17.0
444,136,10.0
444,212,187.0
444,236,10.0
444,271,10.0
444,275,10.0
444,374,15.0
444,404,19.0
444,411,11.0
444,416,69.0
444,438,900.0
444,443,13.0
444,466,24.0
444,487,10.0
444,498,12.0
444,506,2989.55
444,507,50.0
444,512,37.0
444,569,898.0
444,579,10.0
444,621,26.0
444,654,10.0
444,668,10.0
444,701,38.0
444,752,92.0
444,796,10.0
444,861,10.0
444,865,20.0
444,884,1784.15
444,886,51.0
444,896,10.0
444,898,6.0
444,905,32.0
444,959,3648.65
444,964,42.0
444,986,84.0
444,1080,33.0
444,1083,745.0
444,1127,4.0
444,1161,102.0
444,1190,17.0
444,1208,61.0
444,1309,79.0
444,1359,636.0
445,53,506.0
445,57,10.0
445,58,721.0
445,69,300.0
445,178,17.0
445,245,315.2
445,253,21.0
445,254,11.0
445,269,10.0
445,305,879.0
445,314,10.0
445,316,14.0
445,433,10.0
445,564,10.0
445,576,7.0
445,693,10.0
445,747,10.0
445,779,230.0
445,822,24.0
445,823,5831.4
445,856,15.0
445,891,561.0
445,966,10.0
445,1000,10.0
445,1017,106.0
445,1024,10.0
445,1025,7323.7
445,1193,12.0
445,1198,10.0
445,1244,10.0
445,1278,13.0
446,57,3818.7
446,63,10.0
446,98,843.0
446,134,10.0
446,256,18.0
446,266,223.45
446,352,90.0
446,397,10.0
446,428,16.0
446,439,12.0
446,448,29.15
446,456,11071.4
446,458,7475.0
446,468,1353.3
446,492,6.0
446,508,35.0
446,553,1560.7
446,694,10.0
446,868,10.0
446,923,10.0
446,967,10.0
446,976,10.0
446,1029,10.0
446,1076,86.0
446,1088,10.0
446,1091,214.0
446,1145,133.0
446,1162,10.0
446,1175,111.0
446,1189,18.0
446,1192,10.0
446,1307,10.0
446,1314,182.0
446,1338,10.0
446,1346,43.05
446,1355,91.0
448,57,9434.5
448,63,15.0
448,89,71.0
448,96,64.0
448,98,2999.35
448,126,10.0
448,128,10.0
448,210,10.0
448,435,29.0
448,446,29.15
448,454,10.0
448,456,26.65
448,478,11.0
448,596,17.0
448,628,3797.0
448,678,8292.55
448,685,1429.0
448,740,1461.0
448,876,12.0
448,971,58.0
448,985,10.0
448,1029,17.0
448,1178,11.0
448,1184,7.0
448,1202,275.0
448,1207,6.0
448,1220,10.0
448,1296,10.0
448,1310,5613.65
448,1345,13.0
448,1346,13.0
450,68,10.0
450,124,27.0
450,125,39.0
450,204,148.0
450,207,38.0
450,209,10.0
450,221,7654.6
450,271,10.0
450,274,11.0
450,306,60.0
450,365,10.0
450,374,83.0
450,395,10.0
450,451,10.0
450,452,20.0
450,500,70.0
450,507,14.0
450,568,10.0
450,625,72.0
450,634,29.15
450,635,110.0
450,659,23.0
450,699,20.0
450,728,30.0
450,731,73.0
450,756,10.0
450,780,25.0
450,790,58.0
450,827,23.0
450,849,19.0
450,861,10.0
450,889,10.0
450,893,6637.3
450,941,11.0
450,951,6868.85
450,957,11.0
450,1049,10.0
450,1062,9530.3
450,1082,31.0
450,1084,12.0
450,1140,10.0
450,1168,11083.3
450,1186,22.0
450,1284,5694.900000000001
450,1301,29.0
450,1304,10.0
450,1309,6.15
450,1312,113.0
450,1336,10.0
450,1352,10.0
451,31,29.0
451,76,5188.3
451,85,13.0
451,94,217.0
451,97,13.0
451,109,10.0
451,111,14.0
451,124,10.0
451,201,7385.8
451,211,10.0
451,229,6.0
451,281,27.0
451,291,10.0
451,297,10.0
451,331,129.95
451,341,10.0
451,385,16.0
451,395,15.0
451,450,10.0
451,524,10.0
451,573,94.0
451,602,6.0
451,645,10.0
451,653,294.0
451,663,96.0
451,698,16.0
451,709,13.0
451,721,10672.65
451,758,14.0
451,790,16.0
451,796,256.0
451,881,10.0
451,919,10.0
451,963,36.0
451,964,10.0
451,968,10.0
451,978,24.0
451,987,7720.5
451,997,6.0
451,1022,20.5
451,1045,14.0
451,1047,22.0
451,1062,16.0
451,1129,227.0
451,1131,10.0
451,1250,12.0
451,1251,53.0
451,1252,10.0
451,1254,58.0
451,1286,10.0
451,1319,10.0
451,1326,35.0
451,1349,10.0
452,32,175.0
452,87,10.0
452,127,10.0
452,143,6747.45
452,149,10.0
452,176,148.0
452,184,10.0
452,189,10.0
452,272,58.0
452,285,49.0
452,288,61.0
452,295,2514.0
452,382,10.0
452,398,10.0
452,404,69.0
452,405,548.0
452,450,20.0
452,486,10.0
452,526,4146.1
452,635,12.0
452,701,20.0
452,779,61.0
452,790,50.0
452,809,70.0
452,831,10.0
452,897,10.0
452,916,10.0
452,921,7.0
452,941,21.0
452,944,10.0
452,961,80.0
452,982,139.0
452,998,10.0
452,1006,10.0
452,1021,4278.0
452,1027,10.0
452,1043,10.0
452,1045,10.0
452,1058,10.0
452,1161,3717.8500000000004
452,1179,10.0
452,1216,13.0
452,1256,2053.0
452,1264,7861.25
452,1281,10.0
452,1294,20.0
452,1356,25.0
453,55,10.0
453,134,10.0
453,156,13.0
453,205,30.5
453,289,10.0
453,370,10.0
453,395,95.0
453,454,2265.7
453,493,20.5
453,547,41.0
453,691,7926.9
453,740,107.35
453,798,11.0
453,820,10.0
453,829,20.0
453,854,2823.65
453,907,120.0
453,1107,16.0
453,1130,177.0
453,1221,20.0
453,1228,9178.95
453,1241,5.0
453,1282,975.0
453,1283,4316.15
453,1310,10.0
453,1345,1781.45
454,33,7988.7
454,116,10.0
454,205,10998.6
454,420,20.0
454,448,10.0
454,453,2265.7
454,519,10.0
454,523,14.0
454,576,10.0
454,691,5975.85
454,805,28.0
454,815,4268.5
454,854,1918.35
454,1076,6.0
454,1085,10.0
454,1151,74.0
454,1355,10.0
455,36,7562.35
455,39,10.0
455,52,8.0
455,61,12.0
455,75,10.0
455,188,6.0
455,274,7.0
455,280,16.0
455,331,10.0
455,348,6.0
455,368,13.0
455,375,18.0
455,381,11.0
455,385,21.0
455,405,20.0
455,426,10.0
455,484,10.0
455,497,14.0
455,499,10.0
455,500,105.0
455,513,25.0
455,538,20.5
455,583,36.0
455,606,10.0
455,652,7524.0
455,653,70.0
455,729,18.0
455,830,13.0
455,871,12.0
455,882,11.0
455,895,89.0
455,912,10.0
455,915,20.0
455,1047,41.0
455,1053,27.0
455,1064,13.0
455,1087,8315.85
455,1115,13.0
455,1127,7974.35
455,1154,10.0
455,1225,10.0
455,1289,13.0
455,1309,26.0
455,1323,43.0
455,1327,10.0
455,1359,12.0
456,23,10.0
456,57,6832.0
456,91,12.0
456,256,10.0
456,266,1286.0
456,296,2742.75
456,300,99.0
456,315,10.0
456,322,10.0
456,352,67.0
456,393,10.0
456,428,294.0
456,446,11071.4
456,448,26.65
456,458,4796.55
456,468,2324.75
456,483,10.0
456,487,12.0
456,574,10.0
456,599,23.0
456,702,10.0
456,724,10.0
456,865,10.0
456,971,129.0
456,976,118.0
456,1091,307.0
456,1145,176.0
456,1162,183.0
456,1175,477.5
456,1314,38.0
456,1338,32.0
457,100,30.0
457,128,43.0
457,130,14.0
457,208,32.0
457,242,2843.15
457,270,61.0
457,300,69.0
457,373,98.0
457,555,10.0
457,579,426.4
457,628,27.0
457,740,3.0
457,894,52.0
457,899,11162.3
457,1000,10.0
457,1017,198.0
457,1024,10.0
457,1162,10.0
457,1202,34.0
457,1231,9478.65
457,1246,15.0
457,1279,20.0
457,1288,27.0
458,47,10.0
458,135,10.0
458,182,71.0
458,254,10.0
458,296,4972.9
458,300,10.0
458,324,10.0
458,399,19.0
458,433,10.0
458,446,7475.0
458,456,4796.55
458,487,45.0
458,553,5568.1
458,580,10.0
458,614,10.0
458,664,18.0
458,667,65.0
458,687,44.0
458,688,22.0
458,695,10.0
458,735,10.0
458,789,122.0
458,856,20.0
458,909,10.0
458,983,10.0
458,1010,18.0
458,1029,20.0
458,1067,97.0
458,1074,15.0
458,1093,22.0
458,1126,10.0
458,1175,7273.75
458,1182,5846.7
458,1202,5423.1
458,1232,188.0
458,1238,19.0
458,1253,158.0
458,1327,10.0
458,1355,10.0
459,58,2862.4
459,75,10.0
459,176,18.0
459,178,2476.2
459,215,13.0
459,325,1215.65
459,361,211.0
459,434,5469.8
459,479,8163.1
459,598,14.0
459,666,10.0
459,693,18.0
459,729,14.0
459,776,12.0
459,799,8738.1
459,821,35.0
459,873,23.0
459,1041,10.0
459,1044,10.0
459,1059,10.0
459,1062,14.0
459,1106,10.0
459,1164,10.0
459,1168,10.0
459,1287,10.0
459,1305,19.0
459,1349,10.0
460,10,14.0
460,23,3891.0
460,102,10.0
460,154,21.0
460,178,1905.0
460,219,9691.15
460,264,60.0
460,333,249.0
460,391,10.0
460,411,3797.5
460,477,3052.95
460,522,60.0
460,534,2645.0
460,634,81.0
460,665,19.0
460,725,371.0
460,808,15.0
460,818,19.0
460,860,128.0
460,930,10.0
460,1019,8.0
460,1118,35.0
460,1166,333.0
460,1213,12.0
460,1284,82.0
460,1286,273.0
460,1320,10.0
460,1327,10.0
461,61,10.0
461,73,20.5
461,99,12.0
461,247,12.0
461,271,27.0
461,285,47.0
461,321,10.0
461,374,10.0
461,408,10.0
461,479,46.0
461,642,825.0
461,649,47.0
461,656,10.0
461,755,10.0
461,799,25.0
461,809,27.0
461,810,77.0
461,849,16.0
461,878,4053.8
461,950,3148.1
461,976,4.0
461,997,18.0
461,1001,15.0
461,1004,10.0
461,1018,11.0
461,1047,13.0
461,1079,10.0
461,1106,10.0
461,1136,10.0
461,1167,12.0
461,1222,7937.85
461,1266,9818.8
461,1269,141.0
461,1323,7717.65
461,1356,76.0
461,1359,21.0
462,0,189.0
462,1086,13.0
462,1163,242.0
463,47,11.0
463,112,10.0
463,130,74.0
463,177,343.0
463,210,10.0
463,300,487.0
463,317,40.0
463,442,19.0
463,478,45.0
463,600,220.55
463,615,3690.9
463,660,10.0
463,667,2151.3
463,675,10.0
463,706,10.0
463,862,2586.4
463,885,23.0
463,909,49.0
463,946,13.0
463,996,11.0
463,1067,80.0
463,1076,10.0
463,1102,35.0
463,1172,8217.35
463,1175,66.0
463,1184,6.0
463,1245,22.0
463,1276,23.0
463,1343,12.0
463,1348,29.0
464,12,13.0
464,20,10.0
464,26,721.0
464,38,10.0
464,51,6990.9
464,108,10520.3
464,237,11.0
464,268,20.0
464,324,47.0
464,387,90.0
464,526,108.0
464,529,2156.6
464,531,20.5
464,537,23.0
464,557,10.0
464,569,10.0
464,669,10.0
464,682,79.0
464,727,27.0
464,735,10.0
464,760,10.0
464,767,10.0
464,810,1856.3
464,853,73.0
464,878,10.0
464,953,18.0
464,959,13.0
464,1007,10.0
464,1106,10.0
464,1236,37.0
464,1290,10.0
464,1349,37.0
465,7,7743.6
465,76,46.0
465,102,592.05
465,189,3687.05
465,229,24.0
465,250,1519.0
465,333,10.0
465,352,17.0
465,382,4748.599999999999
465,425,150.0
465,483,13.0
465,486,115.0
465,512,21.0
465,521,10.0
465,547,10.0
465,559,16.0
465,592,10.0
465,602,23.0
465,671,3235.1000000000004
465,690,178.0
465,790,19.0
465,803,10.0
465,809,10.0
465,865,11006.95
465,890,700.0
465,893,12.0
465,905,10.0
465,976,77.0
465,1047,10.0
465,1058,10.0
465,1061,10.0
465,1112,142.0
465,1216,123.0
465,1309,18.0
466,38,14.0
466,75,11.0
466,103,10.0
466,113,10.0
466,183,17.0
466,191,11.0
466,209,10.0
466,221,6933.95
466,232,30.0
466,248,48.0
466,302,30.0
466,365,37.0
466,404,65.0
466,444,24.0
466,488,10.0
466,506,11.0
466,512,32.0
466,533,22.0
466,538,10.0
466,588,27.0
466,604,26.0
466,605,4809.7
466,634,1316.1
466,642,4.0
466,699,55.0
466,709,62.0
466,710,13.0
466,770,10.0
466,780,7.0
466,811,10.0
466,886,128.0
466,891,17.0
466,893,20.0
466,905,10143.85
466,918,28.0
466,951,10.0
466,957,11.0
466,978,16.0
466,997,10.0
466,999,10.0
466,1044,10.0
466,1062,26.5
466,1129,18.0
466,1130,16.0
466,1139,53.0
466,1161,11.0
466,1167,10.0
466,1255,10.0
466,1284,7397.7
466,1290,10.0
466,1309,71.0
467,70,10.0
467,99,280.0
467,104,8051.0
467,246,4.0
467,249,10.0
467,255,14.0
467,265,14.0
467,288,11.0
467,304,21.0
467,315,7.0
467,321,683.0
467,333,20.0
467,391,10.0
467,397,42.0
467,402,10.0
467,469,451.0
467,485,928.0
467,500,10.0
467,539,208.0
467,542,14.0
467,574,10.0
467,608,25.0
467,672,26.0
467,694,50.0
467,727,17.0
467,791,10.0
467,818,12.0
467,910,6.0
467,916,10.0
467,917,386.0
467,968,10463.2
467,972,10.0
467,988,14.0
467,1052,10.0
467,1118,80.0
467,1169,10.0
467,1263,10.0
468,135,14.0
468,244,1687.0
468,262,10.0
468,266,9905.9
468,293,54.0
468,360,76.0
468,393,47.0
468,421,6.0
468,429,10.0
468,446,1353.3
468,456,2324.75
468,565,92.0
468,589,10.0
468,599,91.0
468,702,10.0
468,717,10.0
468,719,10.0
468,745,10.0
468,769,15.0
468,801,43.0
468,835,57.0
468,844,32.0
468,864,18.0
468,983,13.0
468,985,10.0
468,992,12.0
468,1033,351.0
468,1069,30.0
468,1075,20.0
468,1102,10.0
468,1162,7832.3
468,1175,1145.0
468,1192,10.0
468,1202,205.0
468,1314,86.0
468,1331,10.0
468,1339,45.0
468,1345,73.0
468,1353,67.0
469,7,10.0
469,26,1126.0
469,43,12.0
469,80,25.0
469,87,39.0
469,94,28.0
469,97,85.0
469,102,24.0
469,209,24.0
469,259,6966.9
469,281,66.0
469,299,20.0
469,304,267.0
469,316,10.0
469,325,39.0
469,336,10.0
469,381,16.0
469,415,3707.5
469,467,451.0
469,471,6.0
469,499,14.0
469,512,85.0
469,517,587.0
469,540,10.0
469,550,10.0
469,588,13.0
469,611,663.0
469,654,11.0
469,731,12.0
469,755,52.0
469,799,50.0
469,859,13.0
469,866,10.0
469,896,241.0
469,914,7312.1
469,926,10.0
469,942,16.0
469,943,10.0
469,953,17.0
469,968,876.0
469,1006,10.0
469,1035,9.0
469,1072,10.0
469,1080,110.0
469,1084,28.0
469,1197,10162.65
469,1206,10.0
469,1257,19.0
469,1285,10.0
469,1290,14.0
469,1298,10.0
469,1303,10.0
469,1356,10.0
470,34,26.5
470,64,10.0
470,137,12.0
470,197,17.0
470,218,71.0
470,244,10.0
470,256,10.0
470,296,10.0
470,324,10.0
470,407,60.0
470,514,16.0
470,515,1253.0
470,548,134.0
470,565,13.0
470,599,12.0
470,614,5126.05
470,689,10.0
470,747,20.0
470,788,10.0
470,827,20.5
470,844,15.0
470,856,10.0
470,862,10.0
470,864,31.0
470,887,10.0
470,1000,13.0
470,1010,13.0
470,1031,20.5
470,1046,106.0
470,1074,28.0
470,1075,158.0
470,1126,16.0
470,1172,4.0
470,1202,25.0
470,1238,8511.5
470,1254,10.0
470,1278,100.0
470,1310,29.0
470,1314,10.0
470,1338,10.0
470,1339,28.0
471,26,25.0
471,34,1509.0
471,61,44.0
471,78,11.0
471,80,10.0
471,94,10.0
471,176,138.0
471,201,11.0
471,309,10.0
471,348,1621.0
471,384,54.0
471,400,72.0
471,405,141.0
471,415,1572.35
471,449,10.0
471,469,6.0
471,488,2441.75
471,524,10.0
471,532,10.0
471,540,10.0
471,541,10.0
471,674,10.0
471,714,21.0
471,809,18.0
471,827,3767.75
471,881,5415.95
471,991,10.0
471,1035,7131.8
471,1087,210.0
471,1094,22.0
471,1188,93.0
471,1215,10.0
471,1226,10.0
471,1252,10.0
471,1304,10.0
471,1341,10.0
471,1358,10.0
473,66,910.0
473,96,10.0
473,175,10.0
473,200,21.0
473,206,11048.45
473,253,48.0
473,322,10.0
473,407,10.0
473,410,758.5
473,417,10.0
473,576,21.0
473,589,10.0
473,609,3550.2
473,628,10.0
473,730,11.0
473,736,157.0
473,822,10.0
473,894,10.0
473,1066,98.0
473,1069,5286.25
473,1158,20.5
473,1175,10.0
473,1218,648.65
473,1314,13.0
474,3,561.0
474,699,440.0
474,1254,304.0
476,34,10.0
476,56,16.0
476,68,10.0
476,76,26.0
476,78,10.0
476,81,95.0
476,94,18.0
476,123,10.0
476,124,44.0
476,139,10.0
476,149,7.0
476,226,3.0
476,274,155.0
476,299,10.0
476,345,128.0
476,352,20.5
476,382,10.0
476,404,10.0
476,412,122.0
476,426,11.0
476,485,10.0
476,488,10.0
476,568,10.0
476,583,4670.75
476,616,16.0
476,626,15.0
476,662,34.0
476,694,15.0
476,712,19.0
476,736,10.0
476,744,13.0
476,758,28.45
476,763,3.0
476,773,10.0
476,775,38.0
476,785,7462.1
476,827,10.0
476,834,35.0
476,889,23.0
476,893,16.0
476,897,229.6
476,898,10.0
476,919,10.0
476,921,30.0
476,947,10957.3
476,951,10.0
476,977,10.0
476,985,114.0
476,1004,32.0
476,1018,10.0
476,1043,22.0
476,1054,12.0
476,1083,79.0
476,1129,10.0
476,1154,10.0
476,1158,10.0
476,1199,173.0
476,1207,37.1
476,1216,10.0
476,1269,10.0
476,1323,10.0
476,1342,23.0
476,1356,84.0
477,32,13.0
477,99,844.15
477,178,2894.0
477,259,122.0
477,311,8148.450000000001
477,321,3411.7
477,400,16.0
477,411,5139.7
477,415,85.0
477,431,10.0
477,460,3052.95
477,522,20.5
477,550,178.0
477,594,79.0
477,623,10.0
477,651,27.0
477,676,10.0
477,885,27.0
477,896,624.0
477,907,23.0
477,910,10.0
477,912,10.0
477,930,41.0
477,1072,543.0
477,1086,13.0
477,1091,10.0
477,1098,23.0
477,1110,11.0
477,1142,10.0
477,1154,10.0
477,1155,10.0
477,1174,10.0
477,1197,303.0
477,1201,10.0
477,1203,55.0
478,98,10.0
478,130,41.0
478,133,7539.799999999999
478,175,33.0
478,177,65.0
478,226,10.0
478,238,3611.4500000000003
478,270,1530.3
478,284,73.0
478,332,10.0
478,347,54.0
478,356,11.0
478,360,67.0
478,399,19.0
478,432,40.0
478,435,68.0
478,448,11.0
478,463,45.0
478,516,24.0
478,535,6395.75
478,546,3.0
478,548,17.0
478,566,43.0
478,644,14.0
478,664,10.0
478,677,10.0
478,697,897.0
478,720,18.0
478,732,12.0
478,797,10.0
478,825,79.0
478,839,13.0
478,858,10.0
478,874,15.0
478,902,10.0
478,932,81.0
478,942,10.0
478,995,18.0
478,996,10.0
478,1033,51.0
478,1076,17.0
478,1116,870.0
478,1126,29.0
478,1135,36.0
478,1238,10.0
478,1343,43.0
478,1348,29.0
478,1360,10.0
479,1,10.0
479,28,10.0
479,38,73.0
479,39,10.0
479,56,1429.4
479,75,11.0
479,103,93.0
479,172,13.0
479,178,20.5
479,180,7.95
479,183,16.0
479,247,10.0
479,325,9178.5
479,363,21.0
479,375,16.0
479,382,10.0
479,459,8163.1
479,461,46.0
479,507,93.0
479,642,1153.0
479,652,10.0
479,698,10.0
479,711,1668.0
479,715,15.0
479,755,10.0
479,770,23.0
479,785,16.0
479,798,4536.6
479,799,5809.3
479,809,20.0
479,849,11.0
479,861,33.0
479,903,10.0
479,905,28.0
479,939,31.0
479,949,54.0
479,963,10.0
479,1001,10.0
479,1041,85.0
479,1044,654.0
479,1062,10.0
479,1072,60.0
479,1089,19.0
479,1094,10.0
479,1143,10.0
479,1156,17.0
479,1168,10.0
479,1323,10.0
479,1359,10.0
482,27,122.0
482,45,3604.65
482,71,45.0
482,113,12.0
482,122,31.0
482,124,8104.7
482,143,10.0
482,212,10.0
482,220,8978.8
482,221,47.0
482,222,26.0
482,299,10.0
482,329,10.0
482,352,10.0
482,369,10.0
482,375,404.0
482,398,5.0
482,406,11.0
482,483,36.0
482,485,11.0
482,504,3.0
482,525,90.0
482,544,12.0
482,649,10.0
482,653,26.5
482,655,10.0
482,668,37.0
482,808,57.0
482,833,12.0
482,852,79.0
482,863,10.0
482,889,5465.9
482,925,9117.6
482,951,10.0
482,964,10.0
482,970,10.0
482,976,15.0
482,978,10.0
482,1013,72.0
482,1047,9.0
482,1058,17.0
482,1061,162.0
482,1106,10.0
482,1109,72.0
482,1121,17.0
482,1124,9330.8
482,1136,10.0
482,1179,11.0
482,1205,26.0
482,1208,14.0
482,1251,10.0
482,1265,62.0
482,1289,10.0
482,1299,17.0
482,1349,10.0
482,1352,107.0
483,19,10.0
483,76,123.0
483,107,10.0
483,124,20.5
483,181,2093.95
483,183,3776.2
483,209,10.0
483,221,74.0
483,229,19.0
483,281,24.0
483,352,10870.55
483,382,10.0
483,428,10.0
483,456,10.0
483,465,13.0
483,482,36.0
483,486,6054.1
483,508,10.0
483,509,10.0
483,545,10.0
483,547,19.0
483,602,75.0
483,671,27.0
483,690,10.0
483,696,93.0
483,758,22.0
483,761,16.0
483,773,5616.6
483,796,30.0
483,803,10.0
483,804,23.0
483,831,111.0
483,852,61.0
483,872,10.0
483,889,2847.6
483,898,34.0
483,914,10.0
483,919,57.0
483,964,10.0
483,967,57.0
483,971,10.0
483,986,39.0
483,997,75.0
483,998,28.0
483,1013,10.0
483,1021,11.0
483,1109,33.0
483,1124,42.0
483,1179,164.5
483,1205,10.0
483,1274,24.0
483,1299,10.0
483,1350,10.0
483,1352,209.0
484,31,10.0
484,45,10.0
484,75,75.0
484,94,10.0
484,132,10.0
484,175,18.0
484,197,181.0
484,209,19.0
484,220,49.0
484,285,10.0
484,307,131.0
484,361,10.0
484,375,2121.85
484,407,339.0
484,434,10.0
484,455,10.0
484,502,10.0
484,529,12.0
484,557,71.0
484,558,10.0
484,573,28.0
484,625,291.0
484,643,3295.95
484,680,1506.0
484,793,23.0
484,809,5622.25
484,812,44.0
484,818,24.0
484,819,11162.3
484,878,186.0
484,881,10.0
484,901,10.0
484,902,10.0
484,913,10.0
484,914,97.0
484,988,24.0
484,1023,135.0
484,1032,10.0
484,1047,50.0
484,1052,101.0
484,1053,6.0
484,1064,41.0
484,1105,14.0
484,1115,10.0
484,1127,136.0
484,1161,10.0
484,1174,10.0
484,1221,57.0
484,1235,2690.0
484,1270,15.0
484,1289,125.0
484,1294,64.0
484,1305,10.0
485,14,8318.85
485,26,1583.9
485,68,310.0
485,109,10.0
485,127,10.0
485,211,288.5
485,338,3.0
485,345,10.0
485,384,10.0
485,467,928.0
485,476,10.0
485,482,11.0
485,539,248.0
485,613,10.0
485,715,11.0
485,770,10.0
485,804,10.0
485,914,10.0
485,917,221.0
485,942,10.0
485,947,10.0
485,953,10.0
485,968,680.0
485,994,5774.95
485,1106,52.0
485,1115,5745.0
485,1124,10.0
485,1196,10.0
485,1263,10.0
485,1265,10.0
485,1266,10.0
485,1272,10.0
485,1293,10.0
485,1316,10.0
485,1318,10.0
486,19,10.0
486,34,133.7
486,58,10.0
486,68,10.0
486,78,10.0
486,84,20.0
486,85,26.5
486,110,2012.45
486,124,3.0
486,176,10.0
486,181,4205.25
486,183,14.35
486,312,10.0
486,352,2451.8
486,404,10.0
486,406,3.0
486,425,18.0
486,452,10.0
486,465,115.0
486,483,6054.1
486,532,2364.65
486,569,13.0
486,592,5.0
486,621,10.0
486,668,10.0
486,714,3683.25
486,758,21.0
486,866,10.0
486,898,10.0
486,928,44.0
486,964,30.0
486,986,26.0
486,997,22.0
486,1011,10.0
486,1032,197.0
486,1080,23.0
486,1083,33.0
486,1179,135.0
486,1309,14.0
487,95,10.0
487,156,20.0
487,254,25.0
487,296,72.0
487,324,27.0
487,335,2620.4
487,347,23.0
487,360,10.0
487,421,39.0
487,444,10.0
487,456,12.0
487,458,45.0
487,493,50.0
487,535,10.0
487,589,7875.35
487,664,60.0
487,686,10.0
487,687,23.0
487,814,10.0
487,825,33.0
487,839,8.0
487,1033,56.0
487,1050,10.0
487,1069,3901.8
487,1212,42.0
487,1218,26.5
487,1220,22.0
487,1232,15.0
487,1242,57.0
487,1251,10.0
487,1253,401.0
487,1307,25.0
487,1345,10.0
487,1348,22.0
487,1353,26.5
487,1360,14.0
488,4,10.0
488,34,4914.7
488,118,10878.2
488,123,54.8
488,127,14.0
488,146,11.0
488,149,16.0
488,160,10.0
488,201,17.0
488,209,10.0
488,229,10.0
488,240,10.0
488,259,14.35
488,275,22.0
488,320,43.0
488,348,4302.9
488,466,10.0
488,471,2441.75
488,476,10.0
488,513,10.0
488,532,2191.8
488,552,10.0
488,577,10.0
488,659,35.0
488,663,14.0
488,694,20.0
488,714,10.0
488,739,27.0
488,761,14.0
488,775,10.0
488,780,10.0
488,785,20.0
488,798,7.0
488,812,7.0
488,824,16.0
488,860,25.0
488,881,2680.45
488,883,10.0
488,898,17.0
488,913,10.0
488,946,10.0
488,1009,10.0
488,1035,4949.35
488,1038,11.0
488,1047,18.0
488,1052,10.0
488,1060,12.0
488,1080,90.0
488,1181,10.0
488,1191,10.0
488,1199,5732.25
488,1283,51.0
488,1301,100.0
488,1356,11.0
491,95,10.0
491,112,20.5
491,134,2411.7
491,153,10.0
491,167,3937.95
491,194,10.0
491,223,10.0
491,253,11.0
491,270,74.0
491,330,10.0
491,394,7361.75
491,420,9642.75
491,582,10.0
491,600,158.0
491,615,155.0
491,617,14.0
491,667,178.0
491,719,16.0
491,765,10.0
491,862,59.0
491,985,142.0
491,1063,40.0
491,1212,12.0
491,1324,13.0
491,1338,25.0
491,1360,2313.55
492,54,10.0
492,96,10.0
492,98,6.0
492,165,10.0
492,253,7908.8
492,356,20.0
492,360,18.0
492,433,3020.7
492,446,6.0
492,494,6.0
492,515,10.0
492,548,63.0
492,565,23.0
492,566,5429.8
492,576,10.0
492,580,19.0
492,700,10.0
492,740,10.0
492,985,10.0
492,1024,6868.1
492,1162,10.0
492,1202,1910.0
492,1283,10.0
492,1288,12.0
492,1344,12.0
493,18,28.0
493,47,96.0
493,53,51.0
493,64,73.0
493,98,10.0
493,167,120.0
493,218,10.0
493,223,56.0
493,254,28.0
493,262,12.0
493,296,11.0
493,324,11.0
493,356,9248.15
493,360,208.0
493,421,49.0
493,453,20.5
493,487,50.0
493,515,95.0
493,516,10.0
493,520,154.55
493,548,69.0
493,565,96.0
493,573,28.0
493,627,146.0
493,664,48.0
493,678,3.0
493,681,9314.0
493,684,10.0
493,685,7763.200000000001
493,687,3302.4
493,702,6.0
493,740,4444.4
493,769,14.0
493,797,18.0
493,820,12.0
493,844,21.0
493,955,52.0
493,1012,3070.95
493,1029,194.0
493,1031,20.0
493,1038,28.0
493,1046,23.0
493,1067,101.0
493,1123,16.0
493,1172,70.0
493,1175,125.0
493,1178,23.0
493,1212,31.0
493,1242,20.0
493,1253,64.0
493,1310,11.0
493,1345,10.0
493,1348,10.0
494,37,38.0
494,69,36.0
494,96,13.0
494,115,10.0
494,144,8.0
494,152,48.0
494,153,118.0
494,164,19.0
494,175,37.0
494,205,14.0
494,254,571.0
494,292,10.0
494,300,6.0
494,324,4464.65
494,347,10.0
494,492,6.0
494,600,1823.45
494,608,25.0
494,614,10.0
494,685,10.0
494,723,21.0
494,732,10.0
494,778,15.0
494,792,10.0
494,823,13.0
494,825,10.0
494,844,22.0
494,862,674.0
494,899,25.0
494,934,40.0
494,1010,5611.7
494,1075,29.0
494,1076,162.0
494,1085,17.0
494,1108,10.0
494,1119,251.0
494,1126,33.0
494,1131,375.0
494,1145,10.0
494,1172,2840.95
494,1214,10.0
494,1230,10.0
494,1288,10.0
494,1342,259.0
496,23,28.0
496,50,56.9
496,58,10.0
496,121,10.0
496,131,64.0
496,140,58.5
496,179,11.0
496,233,11.0
496,243,10.0
496,264,6388.7
496,498,186.0
496,512,230.0
496,529,10.0
496,534,23.0
496,550,24.0
496,563,50.0
496,611,18.0
496,672,11.0
496,679,48.0
496,704,52.0
496,818,10.0
496,842,42.0
496,908,10.0
496,993,70.0
496,1007,109.0
496,1008,10.0
496,1088,72.0
496,1089,9182.65
496,1096,14.0
496,1169,9472.3
496,1191,51.0
496,1193,12.0
496,1259,22.0
496,1294,10.0
496,1341,10.0
497,19,1508.0
497,38,10.0
497,72,793.0
497,107,10.0
497,190,10.0
497,229,13.0
497,259,10.0
497,268,1966.0
497,307,9288.15
497,345,215.0
497,455,14.0
497,503,4000.0
497,507,10.0
497,529,51.0
497,531,456.0
497,537,1706.0
497,557,563.0
497,666,46.0
497,771,9215.15
497,902,24.0
497,942,10.0
497,945,47.0
497,976,68.0
497,978,38.0
497,1054,64.0
497,1082,32.0
497,1083,28.0
497,1129,11.0
497,1131,4946.9
497,1155,17.0
497,1205,14.0
497,1208,14.0
497,1233,22.0
497,1264,10.0
497,1289,24.0
498,9,14.0
498,12,32.0
498,38,14.0
498,75,10.0
498,103,39.0
498,132,14.0
498,139,87.0
498,212,74.0
498,259,10.0
498,271,10.0
498,302,11.0
498,314,58.0
498,365,29.0
498,374,45.0
498,404,98.0
498,415,247.0
498,435,10.0
498,443,85.0
498,444,12.0
498,496,186.0
498,512,9127.15
498,513,742.1
498,558,16.0
498,607,10.0
498,655,10.0
498,806,39.0
498,819,12.0
498,863,1603.7
498,866,1628.5
498,915,10.0
498,1045,16.0
498,1049,18.0
498,1065,20.5
498,1083,1060.5
498,1105,40.0
498,1147,6.0
498,1180,13.0
498,1190,6969.1
498,1272,18.0
498,1291,40.0
498,1309,13.0
498,1311,47.0
498,1359,10.0
499,40,1422.0
499,80,12.0
499,84,193.0
499,87,37.0
499,184,10.0
499,190,10.0
499,201,3.0
499,209,10.0
499,248,131.0
499,368,5832.0
499,381,8220.7
499,455,10.0
499,469,14.0
499,524,10.0
499,623,6.0
499,668,10.0
499,729,41.0
499,758,10.0
499,859,112.0
499,957,24.0
499,966,3.0
499,1021,36.0
499,1045,10.0
499,1049,10.0
499,1062,20.0
499,1080,2007.1
499,1099,10.0
499,1139,80.0
499,1179,10.0
499,1186,21.0
499,1197,10.0
499,1290,10.0
499,1295,10.0
499,1303,25.0
500,38,337.0
500,62,28.0
500,103,324.0
500,162,11.0
500,237,3414.2000000000003
500,278,4.0
500,368,17.0
500,379,38.0
500,397,29.0
500,404,12.0
500,409,16.0
500,450,70.0
500,455,105.0
500,467,10.0
500,525,8360.3
500,632,12.0
500,658,16.0
500,703,10.0
500,754,10.0
500,762,10.0
500,767,7510.55
500,776,569.0
500,790,10.0
500,808,10.0
500,830,354.0
500,943,106.0
500,968,11.0
500,1021,130.0
500,1043,5.0
500,1051,12.0
500,1061,2154.55
500,1084,94.0
500,1087,30.0
500,1112,10.0
500,1124,10.0
500,1164,3909.0499999999997
500,1174,5.0
500,1240,15.0
500,1264,10.0
500,1302,268.0
502,79,17.0
502,109,10.0
502,124,408.0
502,132,5454.45
502,220,10.0
502,258,10.0
502,314,136.0
502,316,23.0
502,348,14.0
502,398,23.0
502,484,10.0
502,618,24.0
502,634,11.0
502,636,123.0
502,654,11.0
502,659,10.0
502,755,51.0
502,782,7344.2
502,799,107.0
502,819,8.0
502,881,11.0
502,904,10.0
502,1042,10.0
502,1057,10.0
502,1065,570.0
502,1083,8098.75
502,1112,10.0
502,1150,29.0
502,1254,10.0
502,1289,10.0
502,1316,10.0
502,1320,20.0
502,1349,28.0
503,3,6834.55
503,13,10.0
503,20,20.0
503,28,28.0
503,56,10.0
503,60,143.0
503,107,49.0
503,119,119.0
503,307,3707.7
503,345,24.0
503,400,12.0
503,441,10.0
503,497,4000.0
503,568,11.0
503,577,206.0
503,584,11.0
503,585,10.0
503,605,43.0
503,618,5.0
503,631,58.0
503,632,10.0
503,647,11.0
503,666,27.0
503,692,10.0
503,771,1070.0
503,779,10.0
503,780,10.0
503,804,10.0
503,810,218.0
503,852,59.0
503,947,124.0
503,958,12.0
503,960,10.0
503,976,9983.45
503,1013,11.0
503,1082,13.0
503,1131,8818.95
503,1133,15.0
503,1266,60.0
503,1316,10.0
505,4,10.0
505,10,4958.95
505,70,11.0
505,104,44.0
505,111,10.0
505,136,19.0
505,140,10.0
505,169,10.0
505,187,10.0
505,213,7.0
505,252,9634.85
505,377,20.0
505,386,10.0
505,402,10.0
505,431,10.0
505,435,53.0
505,517,10.0
505,739,10.0
505,757,10.0
505,760,45.0
505,784,88.0
505,791,18.0
505,817,9.0
505,818,10.0
505,847,45.0
505,860,12.0
505,930,10.0
505,935,10.0
505,937,10.0
505,952,45.0
505,1008,10.0
505,1015,10.0
505,1052,16.0
505,1118,10.0
505,1126,10.0
505,1191,10.0
505,1287,150.0
505,1341,13.0
506,17,10.0
506,110,15.0
506,275,5872.75
506,370,65.0
506,426,77.0
506,428,97.0
506,440,10.0
506,444,2989.55
506,466,11.0
506,526,41.0
506,581,6.0
506,605,7.0
506,623,30.0
506,767,11.0
506,771,10.0
506,827,10.0
506,884,20.0
506,905,13.0
506,944,10647.3
506,947,3.0
506,959,6664.5
506,961,10.0
506,1022,10.0
506,1094,60.0
506,1156,10.0
506,1237,10.0
507,17,67.0
507,44,10.0
507,113,157.0
507,149,10.0
507,172,10895.15
507,180,16.0
507,212,50.0
507,325,10.0
507,340,17.0
507,380,8362.0
507,385,20.0
507,444,50.0
507,450,14.0
507,479,93.0
507,497,10.0
507,538,55.0
507,606,10.0
507,642,63.0
507,718,17.0
507,733,10.0
507,735,10.0
507,792,13.0
507,798,10.0
507,808,10.0
507,851,3569.7
507,860,24.0
507,881,17.0
507,897,37.0
507,943,1733.8
507,953,10.0
507,969,13.0
507,993,10.0
507,1004,10.0
507,1022,10.0
507,1042,36.5
507,1084,906.0
507,1094,7636.35
507,1102,10.0
507,1127,10.0
507,1131,10.0
507,1160,14.0
507,1208,27.0
507,1215,20.0
507,1266,10.0
507,1319,12.0
507,1342,16.0
508,44,58.0
508,50,42.0
508,111,1306.0
508,119,538.6
508,131,259.0
508,157,2506.65
508,164,15.0
508,179,21.0
508,212,1037.0
508,251,10.0
508,285,38.0
508,316,15.0
508,395,46.0
508,400,10.0
508,446,35.0
508,483,10.0
508,607,105.0
508,620,28.0
508,645,6068.15
508,651,10.0
508,676,20.0
508,679,162.0
508,694,10.0
508,760,10.0
508,795,6174.05
508,817,29.0
508,845,10.0
508,903,68.0
508,921,11.0
508,939,44.0
508,940,10.0
508,976,58.0
508,989,28.0
508,1010,131.0
508,1052,309.0
508,1084,10.0
508,1091,10997.7
508,1146,87.0
508,1226,62.0
508,1233,10.0
508,1259,60.0
508,1287,44.0
508,1298,6.15
511,79,10.0
511,88,1350.4
511,115,12.0
511,131,20.0
511,187,656.0
511,244,16.0
511,366,10771.75
511,373,229.0
511,386,17.0
511,435,5710.8
511,522,10.0
511,555,273.0
511,608,10.0
511,674,946.65
511,717,129.0
511,737,217.0
511,817,37.0
511,1000,12.0
511,1010,310.0
511,1016,1921.15
511,1091,17.0
511,1126,333.0
511,1300,43.0
511,1317,10.0
511,1321,8026.15
511,1332,17.0
511,1363,10.0
512,3,196.0
512,12,39.0
512,27,10.0
512,38,36.0
512,49,40.0
512,75,24.0
512,80,10.0
512,103,21.0
512,132,10.0
512,136,20.0
512,139,130.0
512,212,163.0
512,222,16.0
512,236,65.0
512,242,15.0
512,248,36.0
512,271,10.0
512,302,15.0
512,303,14.0
512,306,25.0
512,365,22.0
512,374,10.0
512,404,149.0
512,406,10.0
512,416,10.0
512,443,10.0
512,444,37.0
512,465,21.0
512,466,32.0
512,469,85.0
512,496,230.0
512,498,9127.15
512,526,10.0
512,557,10.0
512,568,17.0
512,569,34.0
512,730,10.0
512,756,59.0
512,796,10.0
512,806,31.0
512,863,2979.95
512,865,10.0
512,866,76.3
512,886,40.0
512,891,10.0
512,895,10.0
512,896,26.0
512,905,75.0
512,933,5.0
512,945,10.0
512,964,55.0
512,972,31.0
512,976,10.0
512,977,19.0
512,1021,10.0
512,1032,19.0
512,1034,10.0
512,1042,10.0
512,1045,11.0
512,1065,7339.35
512,1072,11.0
512,1083,4010.7
512,1137,10.0
512,1147,16.0
512,1150,53.0
512,1161,10.0
512,1179,412.0
512,1197,11.0
512,1208,11.0
512,1225,7.0
512,1236,11.0
512,1270,12.0
512,1277,9288.65
512,1309,29.0
513,32,15.0
513,60,72.0
513,73,26.0
513,78,3611.95
513,97,66.0
513,132,11.0
513,184,246.0
513,220,16.0
513,251,1326.0
513,285,50.0
513,307,10.0
513,329,2295.7
513,405,10.0
513,412,10.0
513,455,25.0
513,488,10.0
513,498,742.1
513,510,13.0
513,525,10.0
513,538,10.0
513,572,10.0
513,574,1461.0
513,680,22.0
513,692,2689.5
513,749,115.0
513,771,24.0
513,785,35.0
513,800,10.0
513,830,10.0
513,833,17.0
513,860,50.0
513,866,3348.35
513,871,171.0
513,886,79.0
513,902,27.0
513,915,1329.0
513,930,10.0
513,942,10.0
513,977,105.95
513,1022,32.0
513,1061,11.0
513,1065,683.0
513,1111,17.0
513,1155,138.0
513,1159,19.0
513,1161,32.0
513,1180,10.0
513,1181,831.5
513,1191,13.0
513,1196,4941.0
513,1208,10.0
513,1273,1252.0
513,1274,10.0
513,1289,10.0
513,1291,10.0
513,1309,12.0
514,53,10.0
514,54,11.0
514,69,14.0
514,83,48.0
514,95,5.0
514,106,5606.8
514,115,1254.0
514,136,162.0
514,154,11.0
514,179,82.0
514,187,3278.4
514,223,5.0
514,226,41.0
514,262,1355.0
514,265,120.0
514,305,368.0
514,386,666.0
514,427,14.0
514,470,16.0
514,548,8183.15
514,556,10.0
514,601,4681.55
514,660,18.0
514,672,24.0
514,695,6.0
514,738,21.0
514,763,15.0
514,1025,10906.7
514,1120,10.0
514,1137,29.0
514,1174,10.0
514,1291,12.0
515,5,10.0
515,98,11.0
515,218,53.0
515,253,10.0
515,470,1253.0
515,492,10.0
515,493,95.0
515,548,97.0
515,565,24.0
515,576,4163.25
515,615,3.0
515,628,10.0
515,667,1731.2
515,677,10.0
515,688,32.0
515,689,15.0
515,706,10.0
515,769,30.0
515,813,30.0
515,844,10.0
515,864,55.0
515,868,10.0
515,983,282.3
515,990,10.0
515,995,15.0
515,1046,185.0
515,1158,8.0
515,1253,10.0
515,1271,29.0
515,1310,10.0
515,1353,10.0
516,5,37.5
516,66,10.0
516,137,103.0
516,142,10.0
516,218,1880.6
516,266,73.0
516,270,2095.8
516,284,44.0
516,347,10.0
516,386,35.0
516,418,22.0
516,429,7516.95
516,433,11.0
516,442,18.0
516,478,24.0
516,493,10.0
516,573,10.0
516,644,6.0
516,675,31.0
516,687,121.0
516,697,10.0
516,700,86.0
516,720,10474.3
516,723,363.0
516,805,13.0
516,825,63.0
516,839,2521.4
516,922,10.0
516,934,62.0
516,1024,10.0
516,1030,29.0
516,1033,9091.95
516,1116,1585.0
516,1135,13.0
516,1151,34.0
516,1162,41.0
516,1229,121.0
516,1250,24.0
516,1278,10.0
516,1307,10.0
516,1343,23.0
516,1348,12.0
516,1350,10.0
516,1357,130.0
516,1360,680.0
517,155,26.0
517,209,10.0
517,246,10.0
517,249,10.0
517,258,10.0
517,304,125.0
517,320,7875.0
517,324,10.0
517,333,39.0
517,337,10.0
517,343,1053.0
517,388,10.0
517,469,587.0
517,505,10.0
517,534,10.0
517,560,10.0
517,567,11.0
517,611,5738.95
517,643,5452.6
517,646,10.0
517,694,12.0
517,738,26.0
517,793,18.0
517,842,240.0
517,861,10.0
517,883,10.0
517,891,253.0
517,937,10.0
517,952,5657.1
517,954,10.0
517,1007,925.0
517,1140,11.0
517,1287,77.0
519,64,9085.85
519,65,4204.35
519,95,14.0
519,128,10.0
519,130,60.0
519,166,13.0
519,177,10.0
519,197,16.0
519,202,15.0
519,396,112.0
519,454,10.0
519,520,2355.0
519,523,107.0
519,553,10.0
519,578,42.0
519,589,32.0
519,629,202.0
519,683,161.0
519,686,46.0
519,726,15.0
519,736,103.0
519,864,10.0
519,874,40.0
519,992,34.0
519,1012,2880.45
519,1017,3005.3
519,1031,7702.3
519,1085,27.5
519,1145,3.0
519,1198,9322.0
519,1238,10.0
519,1288,10.0
519,1324,69.0
519,1327,18.0
520,64,3321.55
520,89,10.0
520,95,10.0
520,112,23.0
520,125,10.0
520,169,206.0
520,172,4.0
520,201,10.0
520,202,26.0
520,206,10.0
520,288,30.0
520,402,10.0
520,421,10.0
520,493,154.55
520,519,2355.0
520,530,10.0
520,593,10.0
520,628,19.0
520,676,93.0
520,688,10.0
520,706,10.0
520,740,2609.1
520,789,10.0
520,820,33.0
520,887,10.0
520,984,10.0
520,985,12.0
520,1003,10.0
520,1012,11035.05
520,1031,4983.9
520,1158,10.0
520,1193,70.0
520,1194,10.0
520,1283,6752.7
520,1316,138.0
520,1321,10.0
520,1327,141.0
520,1331,10.0
521,40,15.0
521,190,10.0
521,281,10.0
521,297,11162.3
521,368,10.0
521,425,21.0
521,465,10.0
521,529,40.0
521,531,27.0
521,557,35.0
521,626,7.0
521,690,14.0
521,701,10.0
521,902,21.0
521,942,17.0
521,998,34.0
521,999,29.15
521,1009,102.0
521,1109,44.0
521,1186,4454.35
521,1211,10.0
521,1274,11.0
522,44,17.0
522,58,10.0
522,60,7752.65
522,79,3480.6
522,104,379.25
522,121,18.0
522,126,472.0
522,131,10.0
522,160,10.0
522,219,22.0
522,233,20.5
522,252,11.0
522,311,8406.5
522,316,22.0
522,368,10.0
522,395,4951.5
522,411,10.0
522,460,60.0
522,477,20.5
522,511,10.0
522,594,29.0
522,689,10.0
522,877,10.0
522,935,67.0
522,1010,351.0
522,1088,32.0
522,1126,460.0
522,1207,532.0
522,1320,53.0
523,47,10.0
523,57,26.0
523,88,10.0
523,89,64.0
523,116,6135.0
523,161,161.0
523,171,10.0
523,205,280.0
523,256,10.0
523,392,20.0
523,454,14.0
523,519,107.0
523,551,10.0
523,552,10.0
523,578,10.0
523,593,32.0
523,615,16.0
523,628,20.0
523,695,187.0
523,730,36.0
523,732,10.0
523,788,57.4
523,805,14.0
523,887,13.0
523,932,341.5
523,946,240.0
523,983,11.0
523,1038,165.0
523,1148,223.0
523,1151,10.0
523,1182,17.0
523,1220,992.5
523,1229,10.0
523,1246,33.0
523,1300,18.0
523,1310,10.0
523,1313,2492.5
523,1345,51.0
524,7,10.0
524,40,10.0
524,56,10.0
524,123,10.0
524,302,486.0
524,348,11.0
524,365,70.0
524,385,1591.0
524,389,32.0
524,404,11.0
524,451,10.0
524,471,10.0
524,499,10.0
524,509,18.0
524,538,1262.0
524,566,27.0
524,574,14.0
524,595,17.0
524,616,2066.6
524,701,4885.95
524,710,8960.75
524,731,16.0
524,773,10.0
524,782,10.0
524,800,10.0
524,859,10.0
524,869,25.0
524,893,13.0
524,966,172.0
524,977,24.0
524,978,43.0
524,1021,12.0
524,1035,10.0
524,1042,6.0
524,1045,1882.0
524,1054,25.0
524,1065,10.0
524,1129,72.0
524,1139,10.0
524,1144,10.0
524,1154,4462.3
524,1156,10.0
524,1159,240.0
524,1186,39.0
524,1241,12.0
524,1274,10.0
524,1277,10.0
524,1336,11.0
525,39,16.0
525,260,10.0
525,397,53.0
525,482,90.0
525,500,8360.3
525,513,10.0
525,526,10.0
525,690,38.0
525,701,10.0
525,754,10.0
525,767,11.0
525,775,4.0
525,776,7109.85
525,824,202.0
525,833,104.0
525,852,20.0
525,853,10.0
525,865,62.0
525,1013,14.0
525,1021,351.45
525,1045,12.0
525,1061,10743.9
525,1118,10.0
525,1124,10.0
525,1164,10.0
525,1190,16.0
525,1205,10.0
525,1236,26.5
525,1285,10.0
525,1303,32.0
525,1311,19.0
526,38,24.0
526,75,10.0
526,103,13.0
526,227,12.0
526,260,34.0
526,268,12.0
526,275,6226.0
526,387,541.0
526,452,4146.1
526,464,108.0
526,506,41.0
526,512,10.0
526,525,10.0
526,537,40.0
526,675,387.0
526,682,10.0
526,728,14.0
526,736,10.0
526,789,187.0
526,869,95.0
526,884,8.2
526,915,1533.5
526,944,3814.75
526,953,53.0
526,959,4956.8
526,1006,22.0
526,1053,48.0
526,1106,24.0
526,1112,82.0
526,1181,48.0
526,1216,10.0
526,1225,8.0
526,1226,10.0
526,1233,10.0
526,1237,13.0
526,1264,8811.65
528,14,10.0
528,106,10.0
528,164,10.0
528,185,10.0
528,198,45.0
528,240,10.0
528,265,58.0
528,437,11.0
528,547,10.0
528,564,3.0
528,672,10.0
528,748,10.0
528,824,219.0
528,861,11.0
528,908,79.0
528,910,10.0
528,935,114.0
528,939,53.0
528,949,31.0
528,958,39.0
528,991,10.0
528,1008,32.0
528,1015,3568.1
528,1060,5.0
528,1082,122.0
528,1146,54.0
528,1156,22.0
528,1191,53.0
528,1226,40.0
528,1304,10.0
528,1311,17.0
529,9,11.0
529,20,29.0
529,38,284.0
529,75,269.0
529,108,10.0
529,122,24.0
529,180,12.0
529,190,5813.95
529,209,50.0
529,229,43.0
529,260,11.0
529,297,27.0
529,307,702.0
529,340,51.0
529,363,10.0
529,365,17.0
529,428,13.0
529,438,10.0
529,464,2156.6
529,484,12.0
529,496,10.0
529,497,51.0
529,521,40.0
529,531,2993.5
529,537,10.0
529,557,6852.5
529,598,14.0
529,606,10.0
529,618,10.0
529,626,446.0
529,631,37.0
529,729,16.0
529,755,3.0
529,758,10.0
529,771,477.0
529,806,49.0
529,810,366.0
529,819,23.0
529,866,10.0
529,871,20.0
529,914,19.0
529,921,10.0
529,942,18.0
529,964,4408.65
529,976,12.0
529,978,20.0
529,998,46.0
529,1013,10.0
529,1023,29.0
529,1041,10.0
529,1043,38.0
529,1047,41.0
529,1054,10.0
529,1083,10.0
529,1088,21.0
529,1105,24.0
529,1109,57.0
529,1127,7.0
529,1161,11.0
529,1222,17.0
529,1266,10.0
529,1274,59.0
529,1292,47.0
529,1311,30.0
529,1359,24.0
530,25,2536.0
530,77,10.0
530,218,13.0
530,223,10.0
530,245,10.0
530,292,32.0
530,300,1175.0
530,399,9114.3
530,449,10.0
530,520,10.0
530,578,10.0
530,593,10.0
530,660,10.0
530,683,180.0
530,688,92.0
530,700,6146.4
530,719,10.0
530,726,10.0
530,772,31.0
530,855,2789.6
530,874,10.0
530,990,10.0
530,995,4.0
530,1031,248.0
530,1033,180.0
530,1046,11.0
530,1074,31.0
530,1184,10.0
530,1202,24.0
530,1220,10.0
530,1248,10.0
530,1361,10.0
531,9,14.0
531,80,10.0
531,97,6.0
531,108,903.65
531,122,33.0
531,127,17.0
531,132,12.0
531,190,3388.75
531,195,4534.0
531,209,10.0
531,247,10.0
531,268,13.0
531,274,115.0
531,297,10.0
531,302,10.0
531,307,781.0
531,340,264.0
531,375,10.0
531,464,20.5
531,497,456.0
531,521,27.0
531,529,2993.5
531,537,28.0
531,557,7473.8
531,604,10.0
531,618,10.0
531,626,15.0
531,631,3672.55
531,692,13.0
531,771,511.0
531,780,10.0
531,810,15.0
531,914,10.0
531,921,236.0
531,1042,10.0
531,1047,24.0
531,1054,32.0
531,1059,10.0
531,1109,24.0
531,1121,41.0
531,1139,13.0
531,1222,18.0
531,1274,11.0
531,1290,10.0
531,1359,10.0
532,1,10.0
532,14,52.0
532,34,2469.0
532,45,46.0
532,75,8.0
532,80,25.0
532,87,11.0
532,94,10.0
532,123,21.0
532,126,20.5
532,160,10.0
532,185,10.0
532,186,10.0
532,189,23.0
532,201,30.0
532,204,36.0
532,207,14.0
532,220,10.0
532,299,28.0
532,325,10.0
532,329,10.0
532,352,842.5
532,413,10.0
532,471,10.0
532,486,2364.65
532,488,2191.8
532,540,4469.05
532,572,10.0
532,581,4246.4
532,587,10.0
532,592,10.0
532,714,2545.2
532,715,102.0
532,775,13.0
532,799,10.0
532,804,10.0
532,811,236.0
532,827,2298.65
532,895,10.0
532,916,10.0
532,919,2992.85
532,1052,12.0
532,1097,11.0
532,1106,4.0
532,1156,10.0
532,1252,10.0
532,1256,21.0
532,1298,25.0
533,73,2731.2
533,84,10632.25
533,227,20.0
533,232,15.0
533,341,10.0
533,365,10.0
533,466,22.0
533,604,43.0
533,632,1410.3
533,666,10.0
533,729,364.7
533,757,10.0
533,765,20.5
533,779,4972.95
533,860,44.0
533,882,33.0
533,918,36.0
533,953,35.0
533,976,15.0
533,998,53.0
533,1051,33.0
533,1105,74.0
533,1111,119.0
533,1156,10.0
533,1213,10.0
534,23,8450.35
534,44,12.0
534,70,42.0
534,132,10.0
534,198,10.0
534,219,2710.2
534,239,162.0
534,242,10.0
534,315,31.0
534,333,19.0
534,337,340.05
534,353,12.0
534,362,13.0
534,402,26.0
534,460,2645.0
534,496,23.0
534,517,10.0
534,542,34.0
534,550,375.0
534,563,229.0
534,624,10.0
534,636,34.85
534,747,10.0
534,842,10123.8
534,861,40.0
534,924,10.0
534,931,54.0
534,935,10.0
534,988,11.0
534,993,10.0
534,1032,48.0
534,1091,11.0
534,1113,266.0
534,1154,16.0
534,1185,781.3
534,1190,10.0
534,1191,18.0
534,1199,47.0
534,1201,105.0
534,1263,128.0
534,1281,10.0
534,1285,184.0
534,1316,13.0
535,133,1513.85
535,161,82.0
535,284,23.0
535,347,12.0
535,360,147.0
535,372,10.0
535,421,17.0
535,439,10.0
535,478,6395.75
535,487,10.0
535,556,11.0
535,565,10.0
535,566,12.0
535,580,10.0
535,627,19.0
535,664,67.0
535,675,10.0
535,697,10164.5
535,839,29.0
535,955,10.0
535,1033,69.0
535,1037,7494.65
535,1093,10.0
535,1116,32.8
535,1123,6.0
535,1135,57.0
535,1172,11.0
535,1242,83.0
535,1307,10.0
535,1343,73.0
535,1348,137.0
536,15,10.0
536,75,17.0
536,127,10.0
536,138,12.0
536,156,10.0
536,182,34.0
536,206,10.0
536,364,9367.95
536,414,10.0
536,435,10.0
536,609,10.0
536,629,10.0
536,662,50.0
536,664,10.0
536,684,10.0
536,719,12.0
536,747,10.0
536,763,31.0
536,768,20.0
536,797,10.0
536,1101,10.0
536,1141,13.0
536,1187,7951.95
536,1250,10.0
536,1271,81.0
536,1313,10.0
536,1317,8.0
536,1350,50.0
537,38,48.0
537,103,11.0
537,108,69.0
537,190,446.0
537,209,16.0
537,216,15.0
537,268,10376.0
537,307,2875.95
537,340,10.0
537,345,22.0
537,387,146.0
537,404,25.0
537,406,16.0
537,413,22.0
537,464,23.0
537,497,1706.0
537,510,14.0
537,526,40.0
537,529,10.0
537,531,28.0
537,545,1213.0
537,557,193.0
537,614,81.0
537,626,10.0
537,667,85.0
537,682,10.0
537,691,25.0
537,729,10.0
537,746,10.0
537,748,21.0
537,771,1165.0
537,798,10.0
537,806,29.0
537,834,14.0
537,945,115.0
537,964,10.0
537,970,170.0
537,976,3475.15
537,977,10.0
537,978,6.0
537,1059,10.0
537,1082,12.0
537,1131,10.0
537,1133,18.0
537,1180,54.0
537,1221,120.0
537,1233,6.0
537,1254,331.0
537,1293,99.0
538,3,10.0
538,36,218.0
538,74,3.0
538,109,35.0
538,125,10.0
538,160,18.0
538,180,12.0
538,188,471.8
538,190,10.0
538,228,10.0
538,365,13.0
538,375,311.0
538,385,11084.0
538,395,21.0
538,404,12.0
538,405,25.0
538,428,10.0
538,431,10.0
538,455,20.5
538,466,10.0
538,507,55.0
538,513,10.0
538,524,1262.0
538,558,8092.0
538,642,10.0
538,652,293.0
538,715,10.0
538,749,10.0
538,756,16.0
538,809,10.0
538,812,10.0
538,830,10.0
538,834,3150.45
538,838,10.0
538,860,10.0
538,869,14.0
538,897,10.0
538,907,16.0
538,910,21.0
538,914,59.0
538,924,10.0
538,951,10.0
538,978,50.0
538,982,11.0
538,1001,5548.3
538,1004,17.0
538,1043,10.0
538,1045,1728.0
538,1115,184.0
538,1127,8760.4
538,1137,10.0
538,1182,10.0
538,1206,10.0
538,1285,26.5
538,1292,10.0
538,1319,19.0
539,10,10.0
539,115,13.0
539,164,207.0
539,215,33.0
539,225,10.0
539,239,58.0
539,305,10.0
539,316,8.0
539,328,18.0
539,367,15.0
539,416,10.0
539,467,208.0
539,485,248.0
539,610,20.5
539,693,10.0
539,738,26.5
539,778,20.5
539,875,10.0
539,877,33.0
539,917,3909.1
539,926,1389.9
539,954,8403.85
539,968,119.0
539,972,2670.15
539,1052,70.0
539,1089,10.0
539,1120,1010.0
539,1142,13.0
539,1169,11.0
539,1203,20.5
539,1210,10.0
539,1275,10.0
539,1291,10.0
539,1315,102.0
539,1341,10.0
540,3,10.0
540,7,87.0
540,13,39.0
540,34,2529.15
540,97,10.0
540,99,10.0
540,124,3589.9
540,127,22.0
540,195,69.0
540,209,52.0
540,213,77.0
540,247,67.0
540,348,6.0
540,352,1976.5
540,381,13.0
540,469,10.0
540,471,10.0
540,532,4469.05
540,583,52.0
540,592,10.0
540,620,64.0
540,625,6.0
540,631,31.0
540,649,10.0
540,693,10.0
540,744,10.0
540,852,10.0
540,859,116.0
540,884,53.0
540,939,10.0
540,941,16.0
540,948,10.0
540,957,19.0
540,970,10.0
540,976,21.0
540,1013,10.0
540,1049,10.0
540,1077,10.0
540,1130,10.0
540,1139,53.0
540,1265,18.0
540,1277,10.0
540,1303,26.0
540,1322,24.0
541,49,23.0
541,99,10.0
541,179,21.0
541,223,58.0
541,225,20.0
541,228,36.0
541,233,4742.35
541,241,10.0
541,264,10.0
541,291,132.0
541,294,180.0
541,301,10.0
541,334,20.0
541,343,6346.7
541,421,10.0
541,471,10.0
541,568,15.0
541,618,86.0
541,622,18.0
541,637,10.0
541,654,10.0
541,738,15.0
541,749,15.0
541,751,25.0
541,763,3.0
541,817,10.0
541,863,10.0
541,884,138.0
541,896,82.0
541,902,10.0
541,906,37.0
541,939,29.0
541,942,12.0
541,945,10.0
541,947,7.0
541,970,10.0
541,985,62.0
541,1007,119.0
541,1018,28.0
541,1026,990.3
541,1035,10.0
541,1087,10.0
541,1096,1999.85
541,1120,44.0
541,1144,10.0
541,1192,11.0
541,1194,10.0
541,1205,10.0
541,1224,15.0
541,1252,10.0
541,1265,21.0
541,1316,10.0
541,1319,10.0
541,1356,77.0
542,50,19.0
542,81,8983.8
542,187,82.0
542,239,10848.75
542,241,11.0
542,252,10.0
542,278,10.0
542,304,19.0
542,333,10.0
542,419,14.0
542,427,121.0
542,467,14.0
542,534,34.0
542,560,10.0
542,563,10.0
542,588,21.0
542,591,16.0
542,595,10.0
542,696,10.0
542,731,10.0
542,761,4815.45
542,907,185.0
542,935,13.0
542,988,34.85
542,1034,20.5
542,1052,10.0
542,1088,10.0
542,1169,22.0
542,1201,10.0
542,1259,10.0
542,1285,300.0
542,1314,10.0
542,1340,10.0
544,56,10.0
544,85,215.0
544,124,10.0
544,143,10.0
544,146,10.0
544,183,143.0
544,220,512.0
544,222,10.0
544,237,10.0
544,244,10.0
544,331,218.0
544,425,247.0
544,434,14.0
544,482,12.0
544,668,28.0
544,690,374.0
544,698,6.0
544,731,43.0
544,773,10.0
544,796,10.0
544,811,10.0
544,821,10.0
544,824,4232.35
544,845,10.0
544,898,4042.4
544,918,6799.450000000001
544,923,68.0
544,947,14.0
544,987,202.0
544,994,10.0
544,997,26.5
544,1021,68.0
544,1022,4125.7
544,1079,30.0
544,1124,288.0
544,1254,14.0
548,15,12.0
548,53,6835.4
548,64,31.0
548,65,25.0
548,106,10.0
548,144,249.95
548,153,28.7
548,167,40.0
548,187,5508.0
548,245,1446.0
548,254,10.0
548,265,7.0
548,266,10.0
548,305,22.55
548,366,1129.0
548,407,728.0
548,427,10.0
548,470,134.0
548,478,17.0
548,492,63.0
548,493,69.0
548,514,8183.15
548,515,97.0
548,555,10.0
548,573,668.0
548,589,10.0
548,601,161.05
548,627,33.0
548,628,10.0
548,630,10.0
548,672,15.0
548,737,453.0
548,844,73.0
548,984,10.0
548,1067,57.0
548,1075,6438.5
548,1104,187.0
548,1175,6.0
548,1215,16.0
548,1310,10.0
548,1313,21.0
548,1356,21.0
548,1360,63.0
550,23,10.0
550,29,3.0
550,122,10.0
550,164,10.0
550,179,7112.15
550,196,35.0
550,259,89.0
550,291,30.0
550,303,13.0
550,315,10.0
550,355,10.0
550,373,63.0
550,400,3.0
550,411,96.0
550,415,15.0
550,440,10.0
550,469,10.0
550,477,178.0
550,496,24.0
550,534,375.0
550,555,23.0
550,571,137.0
550,611,10.0
550,621,17.0
550,623,381.0
550,645,10.0
550,654,72.0
550,676,4045.4
550,737,47.0
550,778,426.0
550,791,62.0
550,793,6590.299999999999
550,818,10.0
550,842,65.0
550,896,131.0
550,988,86.0
550,1072,10.0
550,1091,10.0
550,1113,10.0
550,1117,351.0
550,1142,6724.7
550,1143,10.0
550,1165,10.0
550,1169,10.0
550,1191,10.0
550,1197,10.0
550,1211,811.75
550,1259,20.5
550,1270,6.0
551,100,24.6
551,135,6253.3
551,158,13.0
551,171,39.0
551,442,9373.45
551,523,10.0
551,553,52.0
551,566,10.0
551,596,10.0
551,644,24.0
551,670,15.0
551,687,10.0
551,700,10.0
551,732,10.0
551,962,39.0
551,967,22.0
551,990,10.0
551,1039,1588.9
551,1338,9274.7
551,1355,3918.25
551,1357,3217.45
552,57,10.0
552,171,4191.85
552,226,739.0
552,293,10.0
552,335,11.0
552,362,1601.05
552,396,18.0
552,488,10.0
552,523,10.0
552,562,328.0
552,576,10.0
552,650,10.0
552,695,176.0
552,706,1363.0
552,732,3878.1
552,746,1033.0
552,763,10.0
552,801,950.0
552,813,10.0
552,828,385.4
552,946,4309.45
552,1038,20.0
552,1184,1288.0
552,1188,10.0
552,1204,10.0
552,1242,4005.55
552,1344,3910.5
553,89,10.0
553,91,25.0
553,98,2749.4
553,126,10.0
553,128,11.0
553,158,49.0
553,168,29.0
553,218,10.0
553,244,10.0
553,254,58.0
553,296,7482.6
553,317,13.0
553,324,33.0
553,356,2686.55
553,364,40.0
553,414,22.0
553,435,11.0
553,446,1560.7
553,449,10.0
553,458,5568.1
553,519,10.0
553,551,52.0
553,614,22.0
553,675,133.0
553,678,10.0
553,681,3206.1
553,687,143.0
553,789,117.0
553,841,10.0
553,894,22.0
553,1004,7.0
553,1022,369.0
553,1102,3035.9
553,1188,3550.8
553,1202,2272.15
553,1253,36.65
554,19,1813.0
554,86,10.0
554,195,44.0
554,260,31.0
554,545,14.0
554,585,10.0
554,631,27.0
554,767,46.0
554,838,11.0
554,863,250.0
554,866,154.0
554,867,25.0
554,901,10.0
554,958,12.0
554,1028,10933.7
554,1051,13.0
554,1053,8449.95
554,1234,12.0
554,1241,10.0
554,1274,12.0
555,25,30.0
555,54,2335.1
555,142,12.0
555,153,10.0
555,184,44.0
555,245,10.0
555,259,10.0
555,292,3055.5
555,324,55.0
555,329,109.0
555,333,18.0
555,373,10772.5
555,392,10.0
555,407,3068.7
555,415,10.0
555,435,26.0
555,457,10.0
555,511,273.0
555,548,10.0
555,550,23.0
555,608,7169.8
555,639,25.0
555,644,10.0
555,670,140.0
555,708,26.0
555,737,2131.0
555,763,27.0
555,854,120.0
555,896,20.0
555,899,370.0
555,920,78.0
555,968,10.0
555,990,119.0
555,1117,16.0
555,1180,360.0
555,1204,94.0
555,1231,54.0
555,1235,10.0
555,1293,383.0
555,1316,10.0
555,1325,17.0
555,1326,10.0
555,1359,10.0
557,20,1045.0
557,51,314.0
557,75,233.0
557,125,124.0
557,127,42.0
557,160,11.0
557,190,5472.95
557,229,29.0
557,241,27.0
557,268,14.0
557,274,10.0
557,307,884.0
557,340,10.0
557,413,43.0
557,464,10.0
557,484,71.0
557,497,563.0
557,512,10.0
557,521,35.0
557,529,6852.5
557,531,7473.8
557,537,193.0
557,592,10.0
557,626,10.0
557,631,1811.55
557,771,888.0
557,810,21.0
557,834,10.0
557,866,10.0
557,869,13.0
557,878,10.0
557,884,78.0
557,902,53.0
557,921,18.0
557,942,12.0
557,978,30.0
557,1054,10.0
557,1079,10.0
557,1083,60.0
557,1121,45.0
557,1127,10.0
557,1186,105.0
557,1221,10.0
557,1225,10.0
557,1227,10.0
557,1289,83.0
557,1311,32.0
558,17,65.0
558,36,10.0
558,61,10.0
558,69,10.0
558,99,16.0
558,180,7528.15
558,199,15.0
558,271,45.0
558,294,46.0
558,321,17.0
558,374,12.0
558,375,4799.35
558,385,7491.6
558,416,27.0
558,484,10.0
558,498,16.0
558,538,8092.0
558,642,10.0
558,655,10.0
558,808,865.5
558,812,1105.0
558,819,39.0
558,847,835.0
558,897,64.0
558,964,18.0
558,1001,8471.0
558,1042,55.35
558,1057,12.0
558,1072,68.0
558,1127,10.0
558,1150,10.0
558,1168,11.0
558,1208,120.0
558,1215,22.0
558,1240,11.0
558,1293,10.0
558,1312,34.0
558,1320,6.0
558,1356,14.0
559,20,115.0
559,41,201.0
559,102,86.0
559,104,59.0
559,140,133.0
559,151,66.0
559,154,142.0
559,189,1331.0
559,215,35.0
559,241,205.0
559,251,24.0
559,255,84.0
559,258,10.0
559,285,4670.45
559,311,17.0
559,315,424.0
559,320,148.0
559,397,10.0
559,412,6663.6
559,416,10.0
559,443,454.0
559,465,16.0
559,564,8.0
559,567,38.0
559,574,10270.5
559,643,138.0
559,654,7.0
559,694,21.0
559,713,1456.0
559,750,479.4
559,751,27.0
559,800,20.5
559,844,10.0
559,845,27.0
559,861,5377.15
559,915,1297.0
559,926,17.0
559,973,10.0
559,991,10.0
559,1002,120.0
559,1022,10.0
559,1036,5809.049999999999
559,1065,105.0
559,1083,1332.0
559,1088,128.0
559,1089,90.0
559,1112,10.0
559,1144,24.0
559,1146,10.0
559,1169,106.0
559,1193,87.0
559,1194,68.0
559,1216,45.0
559,1270,89.0
559,1291,14.0
559,1305,77.0
559,1316,25.0
560,104,10.0
560,230,20.5
560,258,5007.9
560,263,7.0
560,315,10.0
560,337,989.0
560,343,364.0
560,517,10.0
560,542,10.0
560,590,2089.0
560,636,1504.0
560,646,5043.25
560,651,10.0
560,926,10.0
560,988,10.0
560,1031,10.0
560,1098,2187.55
560,1144,10.0
560,1185,229.0
560,1201,10.0
561,280,551.0
561,882,594.0
562,16,10.0
562,53,11.0
562,100,10.0
562,253,6.0
562,266,256.0
562,330,6.0
562,423,6.0
562,433,197.0
562,552,328.0
562,566,59.0
562,582,10.0
562,630,10.0
562,681,105.0
562,706,10.0
562,765,10977.45
562,815,10.0
562,856,10.0
562,946,10.0
562,967,1781.95
562,1066,10.0
562,1068,22.0
562,1074,56.0
562,1101,7.0
562,1148,409.0
562,1162,337.0
562,1187,10.0
562,1188,12.0
562,1223,10.0
562,1246,84.0
562,1250,114.0
562,1353,1270.0
563,10,10.0
563,14,10.0
563,41,10.0
563,81,14.0
563,117,5641.95
563,131,2149.5
563,140,10.0
563,229,10.0
563,239,10.0
563,240,10.0
563,252,10.0
563,265,10.0
563,309,38.0
563,321,10.0
563,329,101.0
563,333,20.0
563,348,10.0
563,349,10.0
563,367,20.5
563,402,10.0
563,496,50.0
563,534,229.0
563,542,10.0
563,590,33.0
563,611,14.0
563,672,10.0
563,679,9196.75
563,791,15.0
563,818,10.0
563,842,39.0
563,910,10.0
563,935,13.0
563,937,10.0
563,993,10679.55
563,1011,10.0
563,1088,10.0
563,1096,87.0
563,1113,28.0
563,1118,83.0
563,1190,10.0
563,1201,9344.25
563,1203,137.0
563,1211,15.0
563,1259,16.0
563,1293,158.0
563,1311,135.0
563,1359,222.0
565,64,7.0
565,89,10.0
565,128,3691.7
565,138,883.0
565,152,137.0
565,165,888.0
565,169,26.5
565,202,18.0
565,218,12.0
565,244,142.0
565,360,11066.35
565,392,12.0
565,424,10.0
565,429,32.0
565,433,10.0
565,468,92.0
565,470,13.0
565,492,23.0
565,493,96.0
565,515,24.0
565,535,10.0
565,615,13.0
565,648,162.0
565,689,26.5
565,697,141.0
565,708,34.0
565,719,10.0
565,730,35.0
565,740,10.0
565,747,9031.1
565,797,16.0
565,864,113.0
565,909,1916.45
565,981,10.0
565,1000,13.0
565,1024,7692.85
565,1063,19.0
565,1069,10.0
565,1085,144.0
565,1102,1792.25
565,1116,14.0
565,1119,100.0
565,1172,194.0
565,1188,35.0
565,1192,10.0
565,1198,10.0
565,1202,62.0
565,1310,12.0
565,1339,59.0
565,1345,94.0
565,1346,21.0
566,55,2120.45
566,96,32.0
566,98,16.0
566,153,28.0
566,210,416.0
566,238,10.0
566,253,1211.5
566,256,10.0
566,276,2922.1
566,284,347.35
566,339,12.0
566,394,16.0
566,428,8.0
566,433,2100.0
566,478,43.0
566,492,5429.8
566,524,27.0
566,535,12.0
566,551,10.0
566,562,59.0
566,615,1899.0
566,644,55.5
566,660,10.0
566,673,13.0
566,675,12.0
566,719,10.0
566,726,7.0
566,763,10.0
566,769,117.0
566,797,22.0
566,827,16.0
566,828,36.0
566,829,77.0
566,841,167.0
566,885,10.0
566,990,10.0
566,1101,10.0
566,1129,123.0
566,1135,1920.95
566,1172,2382.1
566,1175,21.0
566,1177,24.0
566,1212,33.0
566,1220,36.0
566,1221,10.0
566,1238,81.0
566,1241,53.0
566,1250,23.0
566,1253,899.15
566,1293,76.0
566,1313,118.0
566,1314,10.0
566,1346,26.0
567,29,5019.8
567,50,90.0
567,81,1773.0
567,104,65.0
567,114,17.0
567,121,9337.5
567,151,10.0
567,216,26.0
567,223,57.0
567,225,11.0
567,246,217.0
567,311,4.0
567,320,192.0
567,388,328.0
567,395,23.0
567,397,20.0
567,412,17.0
567,438,11.0
567,517,11.0
567,559,38.0
567,564,13.0
567,571,189.0
567,577,16.0
567,594,14.0
567,595,17.0
567,635,10.0
567,643,20.0
567,738,143.0
567,746,10.0
567,757,47.0
567,761,10.0
567,818,10.0
567,877,10.0
567,906,25.0
567,907,17.0
567,940,26.0
567,954,239.0
567,961,10.0
567,964,10.0
567,972,164.0
567,988,12.0
567,993,10.0
567,1022,10.0
567,1083,21.0
567,1120,10.0
567,1132,58.7
567,1144,50.0
567,1166,41.0
567,1192,47.0
567,1235,190.0
567,1258,26.0
567,1259,20.5
567,1295,10.0
567,1319,21.0
567,1335,10.0
567,1358,19.0
568,7,17.0
568,12,10.0
568,49,11162.3
568,78,10.0
568,97,19.0
568,196,10.0
568,204,11.0
568,225,10.0
568,231,10.0
568,271,10.0
568,302,140.0
568,340,14.0
568,363,3494.35
568,365,68.0
568,402,10.0
568,419,13.0
568,434,619.0
568,440,10.0
568,450,10.0
568,476,10.0
568,503,11.0
568,512,17.0
568,541,15.0
568,622,10.0
568,634,7015.55
568,635,30.0
568,645,10.0
568,649,14.0
568,652,10.0
568,659,3195.6
568,676,25.0
568,699,17.0
568,751,23.0
568,756,58.0
568,819,11.0
568,851,36.0
568,859,10.0
568,882,214.0
568,921,13.0
568,939,76.0
568,947,10.0
568,951,15.0
568,957,10.0
568,977,87.0
568,979,55.0
568,980,10.0
568,999,184.0
568,1007,70.0
568,1062,4928.85
568,1130,127.0
568,1139,17.0
568,1193,6.0
568,1234,24.0
568,1241,9.0
568,1301,6451.8
568,1336,1798.65
568,1341,10.0
568,1352,18.0
569,10,114.0
569,20,10.0
569,123,10.0
569,140,31.0
569,155,10.0
569,160,30.0
569,211,20.0
569,249,54.0
569,252,108.0
569,291,10.0
569,314,10.0
569,329,21.0
569,333,47.0
569,338,285.0
569,361,286.0
569,387,515.0
569,416,49.55
569,438,1837.55
569,444,898.0
569,464,10.0
569,486,13.0
569,512,34.0
569,587,10.0
569,627,10.0
569,692,10.0
569,713,397.0
569,739,10.0
569,791,13.0
569,796,4308.35
569,809,10.0
569,821,396.0
569,848,895.8
569,871,10.0
569,1016,16.0
569,1096,31.0
569,1240,10.0
569,1252,13.0
569,1270,10.0
569,1277,14.0
569,1341,47.0
569,1359,643.0
571,41,83.0
571,126,10.0
571,144,42.0
571,187,32.0
571,212,802.0
571,241,10.0
571,246,11.0
571,264,10.0
571,291,12.0
571,294,10.0
571,304,15.0
571,315,520.0
571,333,10.0
571,397,53.0
571,404,10.0
571,550,137.0
571,567,189.0
571,591,578.0
571,622,9390.7
571,654,85.0
571,694,308.0
571,725,10.0
571,731,11.0
571,738,78.0
571,744,33.0
571,877,8494.25
571,906,17.0
571,926,51.0
571,954,29.0
571,972,50.0
571,973,22.0
571,1007,10.0
571,1026,10.0
571,1089,5.0
571,1111,10.0
571,1113,5914.900000000001
571,1120,50.0
571,1144,3402.4
571,1166,10.0
571,1194,4653.25
571,1221,150.0
571,1235,4.0
571,1258,25.0
571,1270,49.0
571,1316,29.0
571,1322,46.0
572,81,10.0
572,111,9692.75
572,136,70.0
572,151,57.0
572,154,10.0
572,246,57.0
572,251,167.0
572,285,1723.0
572,338,4583.6
572,406,32.0
572,431,10.0
572,438,281.85
572,443,42.0
572,513,10.0
572,532,10.0
572,587,293.0
572,594,184.0
572,635,1496.0
572,643,20.0
572,682,6.0
572,750,24.0
572,782,10.0
572,848,1841.75
572,930,10.0
572,937,184.0
572,999,10.0
572,1022,13.0
572,1065,10.0
572,1098,154.0
572,1163,10.0
572,1299,12.0
572,1311,10.0
573,22,276.5
573,31,263.0
573,64,100.0
573,69,4271.45
573,83,1365.0
573,88,1850.0
573,95,20.0
573,116,21.0
573,120,19.0
573,124,69.0
573,126,13.0
573,137,24.0
573,175,70.0
573,187,1072.0
573,226,10.0
573,242,10.0
573,245,343.0
573,254,34.0
573,291,190.0
573,305,10.0
573,324,24.0
573,335,74.0
573,366,1009.0
573,407,5029.15
573,435,30.0
573,441,5838.75
573,451,94.0
573,484,28.0
573,493,28.0
573,516,10.0
573,548,668.0
573,593,21.0
573,601,218.0
573,664,10.0
573,700,35.0
573,720,48.0
573,730,10.0
573,768,10.0
573,835,12.0
573,839,55.0
573,864,14.0
573,881,10.0
573,889,20.0
573,988,15.0
573,1010,20.0
573,1031,10.0
573,1033,14.0
573,1052,27.0
573,1064,10.0
573,1093,96.0
573,1102,91.0
573,1110,61.0
573,1142,10.0
573,1162,62.0
573,1188,43.0
573,1192,10.0
573,1212,34.0
573,1250,63.0
573,1251,39.0
573,1294,120.0
573,1307,24.0
573,1348,85.0
573,1350,31.0
574,10,14.0
574,20,265.0
574,41,132.0
574,81,10.0
574,102,95.0
574,140,251.0
574,151,164.0
574,154,155.0
574,184,872.0
574,215,18.0
574,241,121.0
574,246,30.0
574,255,73.0
574,285,4164.55
574,303,10.0
574,311,444.0
574,315,10.0
574,320,17.0
574,443,43.0
574,456,10.0
574,467,10.0
574,513,1461.0
574,524,14.0
574,559,10270.5
574,587,10.0
574,643,66.0
574,654,19.0
574,693,10.0
574,694,49.0
574,727,29.0
574,750,2885.1
574,757,11.0
574,778,19.0
574,845,11.0
574,861,14.0
574,903,10.0
574,915,947.0
574,953,14.0
574,961,225.0
574,962,10.0
574,1002,193.0
574,1018,10.0
574,1034,12.0
574,1036,2018.8
574,1065,73.0
574,1088,91.0
574,1106,10.0
574,1111,14.0
574,1112,10.0
574,1113,20.0
574,1132,48.0
574,1144,20.0
574,1169,99.0
574,1193,67.0
574,1194,36.0
574,1203,10.0
574,1216,13.0
574,1257,94.0
574,1263,10.0
574,1270,45.0
574,1291,36.0
574,1305,10.0
574,1318,10.0
575,20,11.0
575,26,31.0
575,29,12.0
575,71,9208.25
575,132,73.0
575,190,17.0
575,229,83.0
575,341,6.0
575,408,42.0
575,602,8.0
575,653,22.0
575,757,33.5
575,821,1568.0
575,852,29.0
575,905,10.0
575,924,8.2
575,927,52.8
575,963,193.0
575,1006,165.0
575,1013,41.0
575,1015,10.0
575,1032,14.0
575,1047,7976.7
575,1049,22.0
575,1065,19.0
575,1181,10.0
575,1221,246.0
575,1222,26.5
575,1266,2128.0
575,1274,16.0
575,1349,7.0
578,47,3064.15
578,57,14.0
578,66,6314.4
578,95,10.0
578,115,10.0
578,200,159.0
578,202,6.0
578,218,15.0
578,253,40.0
578,256,27.0
578,317,2909.55
578,364,29.0
578,410,10.0
578,433,10.0
578,519,42.0
578,523,10.0
578,530,10.0
578,580,14.0
578,593,10.0
578,630,10.0
578,660,10.0
578,686,79.0
578,708,10.0
578,724,10.0
578,746,10.0
578,763,10.0
578,841,3.0
578,856,7135.9
578,868,10.0
578,874,11.0
578,946,1389.8
578,1122,10.0
578,1172,1027.0
578,1271,33.0
578,1276,2664.1
578,1350,68.0
579,22,10.0
579,50,1018.0
579,69,12.0
579,88,136.0
579,116,10.0
579,141,12.0
579,157,10.0
579,202,10.0
579,221,10.0
579,242,11006.0
579,264,10.0
579,278,144.0
579,288,10.0
579,315,10.0
579,322,17.0
579,332,10.0
579,334,10.0
579,336,50.0
579,339,20.0
579,391,543.0
579,402,38.0
579,438,10.0
579,441,3753.85
579,444,10.0
579,457,426.4
579,564,17.0
579,582,10.0
579,593,14.0
579,651,14.0
579,713,44.0
579,723,10.0
579,730,102.0
579,760,14.0
579,844,10.0
579,847,562.0
579,883,104.0
579,899,2550.65
579,923,42.0
579,989,1689.0
579,1018,36.0
579,1026,10.0
579,1046,2909.95
579,1148,10.0
579,1258,11.0
579,1259,1694.0
579,1291,10.0
579,1300,10.0
579,1318,10.0
579,1319,12.0
579,1332,539.0
580,15,10.0
580,18,20.0
580,47,10.0
580,66,1311.0
580,95,36.0
580,165,10.0
580,169,10.0
580,182,4675.85
580,317,24.0
580,372,10.0
580,399,13.0
580,433,128.0
580,436,10.0
580,458,10.0
580,492,19.0
580,535,10.0
580,578,14.0
580,624,2812.8
580,629,28.0
580,661,1251.45
580,675,23.0
580,789,65.0
580,836,10.0
580,839,10.0
580,856,130.0
580,946,2485.65
580,983,65.0
580,1030,10.0
580,1031,10.0
580,1067,67.0
580,1108,3.0
580,1172,10.0
580,1175,132.0
580,1198,10.0
580,1212,77.0
580,1240,65.0
580,1279,10.0
580,1327,39.0
580,1353,10.0
581,45,10.0
581,74,58.0
581,110,1860.0
581,149,22.0
581,153,27.0
581,506,6.0
581,532,4246.4
581,588,12.0
581,592,3322.45
581,714,7586.95
581,754,10.0
581,773,19.0
581,877,10.0
581,878,105.0
581,881,72.0
581,941,10.0
581,1053,12.0
581,1060,2670.0
581,1082,70.0
581,1094,10.0
581,1111,11.0
581,1112,51.0
581,1146,24.0
581,1155,15.0
583,9,10.0
583,136,10.0
583,195,10.0
583,213,48.0
583,247,12.0
583,248,13.0
583,259,118.0
583,319,10.0
583,363,90.0
583,379,20.0
583,409,10.0
583,415,133.0
583,455,36.0
583,476,4670.75
583,540,52.0
583,585,10.0
583,602,10.0
583,606,47.0
583,642,10.0
583,649,4574.25
583,754,31.0
583,758,12.0
583,785,7883.15
583,795,19.0
583,799,26.0
583,804,10.0
583,824,151.0
583,830,31.0
583,853,17.0
583,869,35.0
583,891,18.0
583,897,5387.25
583,901,6.0
583,919,127.0
583,947,556.5
583,1011,10.0
583,1022,28.0
583,1040,3.0
583,1049,10.0
583,1111,10.0
583,1140,181.0
583,1155,560.0
583,1199,10.0
583,1209,10.0
583,1234,17.0
583,1266,10.0
583,1281,58.0
583,1289,10.0
583,1303,46.0
583,1309,24.0
583,1323,98.0
583,1328,10.0
584,75,10.0
584,99,10.0
584,119,11162.3
584,154,5229.5
584,157,3203.0
584,162,19.0
584,209,10.0
584,225,862.0
584,288,2419.3
584,306,150.0
584,314,2120.45
584,336,11.0
584,349,10.0
584,384,1470.55
584,402,10.0
584,419,101.0
584,503,11.0
584,564,12.0
584,610,10.0
584,623,89.0
584,626,7.0
584,649,6.0
584,655,47.0
584,714,10.0
584,715,29.0
584,735,47.0
584,826,10.0
584,849,417.0
584,883,112.0
584,896,10.0
584,916,11.0
584,976,11.0
584,1018,15.0
584,1035,10.0
584,1086,13.0
584,1118,10.0
584,1193,42.0
584,1224,343.0
584,1291,178.0
585,38,149.4
585,58,13.0
585,103,7377.9
585,196,4047.85
585,247,10.0
585,379,20.5
585,389,3138.75
585,503,10.0
585,554,10.0
585,583,10.0
585,641,15.0
585,729,28.7
585,771,10.0
585,776,11.0
585,869,85.0
585,871,10.0
585,890,10.0
585,901,9423.85
585,921,10.0
585,942,20.5
585,999,10.0
585,1053,28.0
585,1065,32.0
585,1105,10.0
585,1215,23.0
585,1233,20.0
585,1323,41.0
586,32,10.0
586,104,15.0
586,219,9.0
586,294,10.0
586,315,14.0
586,319,16.0
586,374,10.0
586,400,31.0
586,431,21.0
586,590,10.0
586,611,11.0
586,716,10857.2
586,791,10.0
586,939,4758.0
586,979,3298.65
586,999,11.0
586,1002,10.0
586,1169,10.0
586,1210,10.0
587,111,174.0
587,151,27.0
587,246,21.0
587,251,8467.65
587,285,25.0
587,305,142.0
587,398,10.0
587,412,6921.7
587,532,10.0
587,569,10.0
587,572,293.0
587,574,10.0
587,621,10.0
587,642,32.0
587,711,10.0
587,713,10.0
587,750,217.75
587,773,12.0
587,798,88.0
587,800,703.25
587,823,10.0
587,891,12.0
587,912,91.0
587,915,1216.0
587,937,154.0
587,948,28.0
587,1001,10.0
587,1036,64.0
587,1057,5.0
587,1098,89.0
587,1155,1135.0
587,1206,40.0
587,1287,10.0
587,1292,25.0
588,32,10.0
588,71,6.0
588,94,15.0
588,110,20.0
588,113,3177.05
588,136,82.0
588,139,10.0
588,207,10.0
588,213,92.0
588,281,13.0
588,288,41.0
588,382,13.0
588,466,27.0
588,469,13.0
588,542,21.0
588,564,4.0
588,581,12.0
588,608,119.0
588,613,70.0
588,635,105.0
588,674,13.0
588,698,10.0
588,701,205.0
588,710,224.0
588,729,291.0
588,778,6.0
588,792,5804.0
588,812,166.0
588,834,64.0
588,860,5439.3
588,873,10.0
588,881,10.0
588,889,64.0
588,904,94.0
588,912,25.0
588,925,28.0
588,943,1483.55
588,961,10.0
588,987,13.0
588,1022,13.25
588,1023,6.0
588,1024,10.0
588,1031,6.0
588,1042,10.0
588,1043,65.0
588,1064,158.0
588,1084,188.15
588,1096,10.0
588,1105,23.0
588,1109,11.0
588,1147,10.0
588,1165,73.0
588,1254,177.0
588,1289,59.0
588,1320,14.0
588,1326,11032.55
588,1356,3195.25
589,16,410.0
589,57,20.0
589,98,10.0
589,158,10.0
589,182,10.0
589,262,10.0
589,335,11.0
589,360,10.0
589,439,10.0
589,468,10.0
589,473,10.0
589,487,7875.35
589,519,32.0
589,548,10.0
589,609,20.5
589,612,10.0
589,650,11.0
589,677,17.0
589,686,10.0
589,706,652.0
589,797,29.0
589,864,10.0
589,874,152.0
589,992,9749.15
589,1039,10.0
589,1069,1927.8500000000001
589,1076,23.0
589,1184,1567.0
589,1202,42.0
589,1253,19.0
589,1278,10.0
589,1288,10.0
589,1310,14.0
589,1345,10.0
589,1353,10.0
589,1363,10.0
590,29,10.0
590,36,42.0
590,44,3086.35
590,50,10.0
590,258,10679.65
590,304,10.0
590,343,15.0
590,389,10.0
590,419,3249.95
590,560,2089.0
590,563,33.0
590,586,10.0
590,636,913.0
590,791,10.0
590,868,805.0
590,907,4960.75
590,937,3363.65
590,977,10.0
590,993,29.0
590,1031,10.0
590,1086,50.0
590,1091,10.0
590,1098,14.0
590,1144,14.0
590,1185,858.0
590,1190,10.0
590,1235,10.0
590,1318,15.0
591,4,320.0
591,10,10.0
591,14,22.0
591,54,27.0
591,79,21.0
591,114,3.0
591,132,67.0
591,144,10.0
591,179,16.0
591,212,579.0
591,216,7980.85
591,236,4.0
591,239,13.0
591,257,10.0
591,291,48.0
591,315,23.0
591,320,9164.9
591,337,21.0
591,411,10.0
591,542,16.0
591,571,578.0
591,603,10.0
591,611,52.0
591,616,10.0
591,665,10.0
591,694,10.0
591,731,20.0
591,784,4376.15
591,811,124.0
591,818,11.0
591,829,10.0
591,842,6.0
591,937,44.0
591,952,13.0
591,1098,17.0
591,1110,25.0
591,1185,30.0
591,1191,10.0
591,1270,10.0
591,1294,24.0
592,19,6847.0
592,22,40.0
592,201,10.0
592,306,5654.7
592,345,32.0
592,449,10.0
592,465,10.0
592,486,5.0
592,532,10.0
592,540,10.0
592,543,19.0
592,557,10.0
592,581,3322.45
592,708,84.0
592,709,10.0
592,714,6980.5
592,732,10.0
592,756,70.0
592,780,10.0
592,790,10.0
592,803,10.0
592,804,16.0
592,849,10.0
592,880,17.0
592,885,21.0
592,893,10.0
592,953,10.0
592,978,10.0
592,986,16.0
592,997,17.0
592,1082,7259.7
592,1130,17.0
592,1137,25.0
592,1173,212.0
592,1267,28.0
593,116,10848.3
593,161,10.0
593,242,111.0
593,322,51.0
593,335,10.0
593,383,5993.200000000001
593,393,10.0
593,520,10.0
593,523,32.0
593,530,10.0
593,573,21.0
593,578,10.0
593,579,14.0
593,617,12.0
593,628,18.0
593,885,3.0
593,1093,32.0
593,1136,7.0
593,1165,636.0
593,1220,2275.2999999999997
593,1238,12.0
593,1250,10.0
593,1348,10.0
593,1353,10.0
594,50,13.0
594,60,10.0
594,81,13.0
594,104,120.0
594,121,26.5
594,151,4901.35
594,179,10.0
594,216,64.0
594,241,20.5
594,246,9847.0
594,252,10.0
594,264,20.5
594,285,46.0
594,297,14.0
594,306,13.0
594,316,10.0
594,392,10.0
594,411,51.0
594,431,18.0
594,477,79.0
594,522,29.0
594,567,14.0
594,572,184.0
594,623,23.0
594,757,10.0
594,791,49.0
594,910,21.0
594,930,10604.9
594,940,440.0
594,1015,10.0
594,1022,10.0
594,1036,10.0
594,1110,11.0
594,1142,12.0
594,1174,10.0
594,1259,358.75
594,1291,108.0
594,1292,16.0
595,51,10.0
595,60,10.0
595,65,14.0
595,99,8485.5
595,104,10.0
595,115,10.0
595,175,71.0
595,239,3496.35
595,246,10.0
595,316,10.0
595,333,283.55
595,353,6169.85
595,370,24.0
595,388,10.0
595,400,12.0
595,416,10.0
595,524,17.0
595,542,10.0
595,567,17.0
595,665,10.0
595,716,10.0
595,761,7472.5
595,791,10.0
595,810,30.0
595,871,10.0
595,926,10.0
595,935,10.0
595,950,10.0
595,1052,10.0
595,1110,10.0
595,1142,11.0
595,1190,32.0
595,1201,10.0
595,1208,73.0
595,1235,15.0
596,22,14.0
596,95,10.0
596,115,8222.1
596,292,534.0
596,351,6.0
596,386,8370.7
596,392,52.3
596,435,18.0
596,448,17.0
596,551,10.0
596,674,10.0
596,678,14.0
596,685,29.0
596,702,7307.55
596,740,52.0
596,764,3.0
596,765,10.0
596,769,10.0
596,822,22.0
596,828,20.0
596,832,12.0
596,854,64.0
596,956,20.0
596,1070,3489.75
596,1165,10.0
596,1288,4347.0
596,1310,839.0
596,1346,10862.95
598,3,63.0
598,36,10.0
598,56,12.0
598,113,4524.55
598,160,130.0
598,172,72.0
598,180,15.0
598,188,11.0
598,211,10.0
598,220,13.0
598,237,31.0
598,273,8371.7
598,302,46.0
598,307,47.0
598,365,10.0
598,380,4451.25
598,438,118.0
598,459,14.0
598,529,14.0
598,735,12.0
598,776,578.0
598,802,20.5
598,811,115.0
598,860,10.0
598,871,11096.35
598,901,11.0
598,902,30.0
598,904,10.0
598,942,12.0
598,1022,47.0
598,1105,171.0
598,1159,28.0
598,1208,57.0
598,1222,69.0
598,1240,30.0
598,1289,59.0
598,1312,7850.75
598,1326,26.5
599,43,10.0
599,135,10.0
599,223,5551.55
599,244,45.0
599,266,15.0
599,293,45.0
599,351,126.0
599,433,61.0
599,439,11.0
599,456,23.0
599,468,91.0
599,470,12.0
599,638,14.0
599,723,22.0
599,724,10.0
599,763,8.0
599,835,10195.6
599,974,10.0
599,985,20.0
599,1030,2004.1
599,1069,143.0
599,1128,2381.0
599,1288,10.0
599,1313,14.0
599,1314,2384.0
599,1353,78.0
599,1360,10.0
600,47,308.4
600,69,23.0
600,91,10.0
600,95,4169.1
600,218,10.0
600,282,10.0
600,330,10.0
600,383,10.0
600,407,10.0
600,420,10.0
600,463,220.55
600,491,158.0
600,494,1823.45
600,609,10.0
600,617,10.0
600,639,10.0
600,661,82.0
600,753,622.0
600,769,14.0
600,856,1631.15
600,862,10951.9
600,885,20.0
600,1024,10.0
600,1107,10.0
600,1131,36.0
600,1212,4310.35
600,1283,10.0
600,1288,10.0
600,1338,10.0
600,1353,10.0
601,53,5467.45
601,65,111.0
601,106,10021.7
601,197,42.0
601,245,250.0
601,316,15.0
601,384,183.0
601,514,4681.55
601,548,161.05
601,556,10.0
601,573,218.0
601,674,12.0
601,692,10.0
601,729,20.0
601,772,8.0
601,864,10.0
601,1024,15.0
601,1025,17.0
601,1050,10.0
601,1155,68.0
601,1221,10.0
601,1276,48.0
601,1312,10.0
601,1316,313.0
602,75,10.0
602,97,26.0
602,104,10.0
602,178,10.0
602,215,18.0
602,229,10633.6
602,312,2862.25
602,321,10.0
602,352,92.0
602,451,6.0
602,465,23.0
602,483,75.0
602,575,8.0
602,583,10.0
602,606,10.0
602,611,10.0
602,647,10.0
602,662,14.0
602,709,4604.8
602,710,27.0
602,714,10.0
602,721,10.0
602,727,93.0
602,796,10.0
602,803,14.0
602,865,29.0
602,871,10.0
602,928,10.0
602,953,10.0
602,997,10.0
602,1032,16.0
602,1049,23.0
602,1064,10.0
602,1146,10.0
602,1221,30.0
602,1252,10.0
602,1292,9.0
602,1309,29.0
603,10,6.0
603,70,10.0
603,81,26.5
603,99,12.0
603,114,128.0
603,179,1521.0
603,209,10.0
603,243,178.0
603,291,17.0
603,390,10.0
603,443,10.0
603,591,10.0
603,653,153.0
603,672,24.0
603,679,26.5
603,790,3.0
603,847,19.0
603,860,12.0
603,907,10.0
603,940,24.0
603,943,122.0
603,972,12.0
603,1019,4.0
603,1084,78.0
603,1089,10.0
603,1147,13.0
603,1169,10.0
603,1208,10.0
603,1210,10.0
603,1235,56.0
603,1275,10548.85
603,1286,312.0
604,17,18.0
604,78,10.0
604,80,10.0
604,84,29.0
604,139,10.0
604,232,10980.1
604,247,146.0
604,307,10.0
604,387,70.0
604,413,178.35
604,466,26.0
604,531,10.0
604,533,43.0
604,607,10.0
604,633,175.0
604,674,10.0
604,716,20.5
604,732,41.0
604,869,3.0
604,918,23.0
604,939,13.0
604,949,10.0
604,965,10.0
604,979,37.0
604,999,6060.9
604,1004,10.0
604,1295,109.0
604,1314,10.0
604,1351,11.0
605,1,18.0
605,9,66.0
605,20,64.0
605,46,71.0
605,54,10.0
605,56,16.0
605,97,17.0
605,107,10.0
605,129,10.0
605,196,16.0
605,220,84.0
605,221,9330.7
605,227,77.0
605,295,69.0
605,340,33.0
605,345,29.0
605,413,16.0
605,425,13.0
605,440,40.0
605,466,4809.7
605,503,43.0
605,506,7.0
605,618,424.0
605,638,10.0
605,659,16.0
605,666,31.0
605,690,59.0
605,800,30.0
605,852,10.0
605,869,27.0
605,953,15.0
605,958,25.0
605,976,48.0
605,977,14.0
605,1027,10.0
605,1109,81.0
605,1112,10.0
605,1274,89.0
605,1299,41.0
605,1301,10.0
605,1302,2917.0
605,1336,41.0
605,1352,2991.6
606,28,16.0
606,56,10.0
606,97,19.0
606,186,26.5
606,188,690.0
606,260,20.0
606,379,10.0
606,434,10.0
606,455,10.0
606,507,10.0
606,529,10.0
606,583,47.0
606,602,10.0
606,618,7.0
606,653,50.0
606,682,14.0
606,731,10.0
606,748,2416.95
606,785,33.0
606,834,27.0
606,860,14.0
606,913,21.0
606,945,10.0
606,966,10.0
606,969,10.0
606,970,64.0
606,976,20.5
606,998,10.0
606,1032,27.0
606,1040,10.0
606,1043,29.0
606,1047,13.0
606,1049,20.0
606,1111,40.0
606,1130,10.0
606,1155,39.0
606,1179,10.0
606,1213,13.0
606,1266,10.0
606,1290,20.0
606,1291,134.0
606,1301,11.0
606,1309,17.0
606,1349,6.0
606,1356,10.0
606,1359,451.0
607,44,1089.0
607,50,10.0
607,60,10.0
607,114,7245.400000000001
607,199,6318.1
607,219,9177.1
607,240,11.0
607,366,11.0
607,388,2119.7
607,400,16.0
607,443,10.0
607,498,10.0
607,508,105.0
607,604,10.0
607,646,10.0
607,651,177.0
607,842,3728.5
607,907,914.45
607,1053,55.0
607,1174,41.0
607,1185,10.0
607,1197,4.0
607,1211,10.0
607,1257,30.0
607,1289,10.0
607,1294,52.0
608,175,12.0
608,187,19.0
608,197,991.0
608,253,10.0
608,255,10.0
608,290,10.0
608,292,2804.5
608,304,15.0
608,305,50.0
608,309,10.0
608,329,723.0
608,333,10.0
608,373,1851.0
608,427,13.0
608,467,25.0
608,494,25.0
608,511,10.0
608,555,7169.8
608,588,119.0
608,612,15.0
608,624,44.0
608,661,10.0
608,674,21.0
608,737,13.0
608,778,10.0
608,822,27.0
608,823,10.0
608,827,10.0
608,848,10.0
608,849,76.0
608,916,94.0
608,968,31.0
608,1031,48.0
608,1096,197.0
608,1118,10.0
608,1148,17.0
608,1165,10.0
608,1184,20.0
608,1246,10.0
608,1252,10.0
608,1326,57.0
608,1359,302.0
609,63,10.0
609,66,10691.3
609,98,274.0
609,161,31.0
609,177,75.0
609,206,6583.1
609,218,10.0
609,253,43.0
609,296,46.0
609,364,23.0
609,386,10.0
609,424,12.0
609,430,11.0
609,473,3550.2
609,536,10.0
609,547,16.0
609,589,20.5
609,600,10.0
609,677,113.0
609,688,148.0
609,700,10.0
609,730,11.0
609,788,95.0
609,813,223.0
609,946,6.0
609,956,26.0
609,992,6620.7
609,995,10.0
609,1010,10.0
609,1069,3322.9
609,1101,10.0
609,1116,10.0
609,1202,10.0
609,1238,10.0
609,1250,10.0
609,1251,10.0
609,1279,10.0
609,1363,10.0
610,23,10.0
610,104,15.0
610,140,20.0
610,157,108.0
610,164,7544.5
610,196,34.0
610,216,91.0
610,241,77.0
610,242,18.0
610,315,26.0
610,316,10.0
610,353,13.0
610,397,10.0
610,438,14.0
610,440,12.0
610,539,20.5
610,584,10.0
610,622,32.8
610,651,5839.849999999999
610,739,186.0
610,760,9716.6
610,860,287.0
610,877,2216.0
610,903,20.0
610,906,6874.0
610,915,14.0
610,931,1806.0
610,939,10.0
610,954,11.0
610,1088,175.0
610,1190,80.0
610,1191,10.0
610,1203,14.0
610,1291,10.0
610,1294,10.0
610,1311,24.0
610,1341,345.5
610,1358,16.0
611,99,40.0
611,140,10.0
611,179,10.0
611,315,46.0
611,319,13.0
611,320,10.0
611,343,757.0
611,349,39.0
611,419,9.0
611,469,663.0
611,496,18.0
611,517,5738.95
611,550,10.0
611,563,14.0
611,586,11.0
611,591,52.0
611,602,10.0
611,643,4190.9
611,651,48.0
611,655,1995.0
611,738,53.0
611,784,17.0
611,791,20.0
611,793,10.0
611,802,10.0
611,818,108.0
611,896,148.0
611,910,10.0
611,935,7062.95
611,937,39.0
611,952,8768.05
611,954,10.0
611,988,103.0
611,994,10.0
611,1007,15.0
611,1019,10.0
611,1026,60.0
611,1072,141.0
611,1111,10.0
611,1120,76.0
611,1169,120.0
611,1197,599.0
611,1211,16.0
611,1221,10.0
612,98,11.0
612,137,4030.3
612,167,10.0
612,194,45.0
612,238,10.0
612,292,15.0
612,347,10.0
612,356,18.0
612,373,10.0
612,430,5611.15
612,546,19.0
612,589,10.0
612,608,15.0
612,627,10.0
612,648,24.0
612,686,2897.5
612,691,17.0
612,706,10.0
612,743,250.9
612,887,10.0
612,992,43.0
612,1148,10.0
612,1151,10.0
612,1162,13.0
612,1177,10.0
612,1184,44.0
612,1321,10.0
613,80,10.0
613,87,10.0
613,117,145.0
613,118,21.0
613,123,10.0
613,146,12.0
613,190,12.0
613,222,18.0
613,229,10.0
613,247,10.0
613,248,12.0
613,319,10.0
613,352,17.0
613,370,10.0
613,406,115.0
613,409,20.0
613,443,12.0
613,485,10.0
613,588,70.0
613,616,13.0
613,668,100.85
613,709,2083.7
613,729,4271.85
613,758,116.0
613,851,10.0
613,902,21.0
613,942,10.0
613,964,10.0
613,987,10.0
613,1060,10.0
613,1115,10.0
613,1165,226.0
613,1311,29.0
613,1326,11.0
613,1359,25.0
614,5,10.0
614,23,17.0
614,96,10.0
614,126,2330.95
614,216,44.0
614,245,6.0
614,254,20.0
614,372,10.0
614,386,16.0
614,458,10.0
614,470,5126.05
614,494,10.0
614,537,81.0
614,553,22.0
614,576,15.0
614,615,1384.0
614,667,1609.0
614,678,10.0
614,689,33.0
614,768,23.0
614,822,8.0
614,828,10.0
614,874,10.0
614,924,19.0
614,964,10.0
614,1010,19.0
614,1075,16.0
614,1102,10.0
614,1116,15.0
614,1118,7.0
614,1148,34.0
614,1165,10.0
614,1175,10.0
614,1207,20.0
614,1254,43.0
614,1278,7299.4
614,1350,10.0
615,134,35.0
615,153,64.0
615,182,27.0
615,187,10.0
615,194,18.0
615,202,62.0
615,253,5357.6
615,254,11.0
615,289,10.0
615,296,10.0
615,335,10.0
615,364,10.0
615,420,148.0
615,428,10.0
615,433,1860.3
615,463,3690.9
615,491,155.0
615,515,3.0
615,523,16.0
615,565,13.0
615,566,1899.0
615,576,6769.3
615,614,1384.0
615,667,8966.95
615,805,10.0
615,820,10.0
615,828,130.0
615,839,10.0
615,841,13.0
615,909,11.0
615,1024,10.0
615,1055,14.0
615,1076,7.0
615,1085,10.0
615,1090,10.0
615,1108,56.0
615,1145,21.0
615,1172,3316.5
615,1188,110.0
615,1192,10.0
615,1278,63.0
615,1283,10.0
615,1348,15.0
616,26,10.0
616,32,83.0
616,58,10.0
616,68,10.0
616,85,12.0
616,89,13.0
616,99,10.0
616,114,344.0
616,141,10.0
616,169,10.0
616,220,10.0
616,241,10.0
616,315,10.0
616,319,10.0
616,331,10.0
616,411,10.0
616,426,10.0
616,476,16.0
616,524,2066.6
616,591,10.0
616,613,13.0
616,632,11.0
616,704,330.0
616,710,2225.8
616,715,13.0
616,771,10.0
616,851,120.0
616,869,24.0
616,870,12.0
616,903,169.0
616,918,11.0
616,944,10.0
616,972,10.0
616,979,114.0
616,997,10.0
616,999,57.0
616,1008,71.0
616,1041,134.0
616,1049,5875.0
616,1059,31.0
616,1064,10.0
616,1094,10.0
616,1114,64.0
616,1132,10.0
616,1154,11095.9
616,1159,20.5
616,1201,11.0
616,1274,10.0
616,1290,4155.45
616,1312,40.0
616,1326,10.0
617,18,108.0
617,37,19.0
617,47,12.0
617,48,10.0
617,91,141.0
617,120,10677.55
617,142,10.0
617,171,20.0
617,218,8.0
617,228,54.0
617,238,4.0
617,253,162.0
617,284,20.0
617,289,31.0
617,335,3807.05
617,360,15.0
617,423,10.0
617,433,10.0
617,491,14.0
617,576,13.0
617,582,12.0
617,593,12.0
617,600,10.0
617,630,10.0
617,670,96.0
617,702,13.0
617,813,1095.8
617,822,55.0
617,836,411.5
617,856,10.0
617,864,10.0
617,922,37.0
617,967,10.0
617,981,10.0
617,992,15.0
617,1055,10.0
617,1074,17.0
617,1102,10.0
617,1104,13.0
617,1108,10.0
617,1128,28.0
617,1178,41.0
617,1184,37.5
617,1214,9.0
617,1218,10.0
617,1220,10.0
617,1246,86.0
617,1248,207.0
617,1344,2465.7
617,1363,17.0
618,19,2529.0
618,26,10.0
618,52,551.0
618,101,7960.65
618,227,8839.15
618,247,14.0
618,336,42.0
618,379,12.0
618,502,24.0
618,503,5.0
618,529,10.0
618,531,10.0
618,541,86.0
618,605,424.0
618,606,7.0
618,666,4683.65
618,709,20.0
618,771,5954.3
618,792,95.0
618,861,10.0
618,873,10.0
618,884,12.0
618,919,16.0
618,953,30.0
618,986,10.0
618,1006,18.0
618,1035,17.0
618,1040,47.0
618,1053,3640.2
618,1087,101.0
618,1099,10.0
618,1181,12.0
618,1303,12.0
618,1349,11.0
620,9,20.0
620,52,160.0
620,58,10.0
620,213,37.0
620,374,5994.05
620,381,110.0
620,508,28.0
620,540,64.0
620,645,10.0
620,676,27.0
620,744,6347.9
620,778,24.0
620,795,54.0
620,845,20.0
620,859,5002.85
620,928,10.0
620,957,46.0
620,1049,66.0
620,1062,24.0
620,1086,7152.15
620,1096,10.0
620,1139,7371.6
620,1146,4290.65
620,1167,3.0
620,1237,10.0
620,1270,6.0
620,1287,7.0
620,1290,105.0
620,1305,361.0
621,23,1513.0
621,58,2483.0
621,84,10.0
621,178,2013.0
621,196,2339.15
621,209,45.0
621,220,37.0
621,248,18.0
621,271,2184.2
621,285,10.0
621,334,2826.0
621,337,365.0
621,340,15.0
621,425,4032.6
621,431,10.0
621,440,1631.75
621,444,26.0
621,486,10.0
621,550,17.0
621,587,10.0
621,622,13.0
621,654,116.0
621,668,20.5
621,701,15.0
621,713,10.0
621,733,20.0
621,826,2244.0
621,896,12.0
621,902,31.0
621,903,41.0
621,910,19.0
621,926,46.0
621,939,10.0
621,942,955.95
621,998,10.0
621,1015,14.0
621,1047,13.0
621,1051,10.0
621,1080,59.0
621,1083,105.0
621,1221,55.0
621,1233,11.0
621,1262,10.0
621,1305,175.0
621,1309,10.0
622,41,55.0
622,102,215.0
622,185,10.0
622,189,241.0
622,213,10.0
622,219,73.0
622,225,30.0
622,243,14.0
622,255,10.0
622,323,11.0
622,343,10.0
622,397,50.0
622,443,37.0
622,541,18.0
622,568,10.0
622,571,9390.7
622,610,32.8
622,621,13.0
622,645,13.0
622,651,10.0
622,654,48.55
622,694,4.0
622,738,6547.75
622,760,6308.45
622,795,51.0
622,826,10.0
622,845,10.0
622,860,690.0
622,877,8025.65
622,896,53.0
622,906,8440.7
622,916,10.0
622,939,10.0
622,943,222.0
622,1084,125.0
622,1113,88.0
622,1120,20.5
622,1140,66.0
622,1144,9526.4
622,1166,10.0
622,1193,14.0
622,1281,52.0
622,1286,18.0
622,1305,13.0
622,1322,10.0
623,40,671.0
623,80,10.0
623,154,528.0
623,215,5131.4
623,225,20.0
623,259,538.0
623,271,11.0
623,306,1065.0
623,309,10.0
623,311,12.0
623,323,411.0
623,368,26.0
623,370,97.0
623,389,690.0
623,411,10.0
623,415,419.0
623,431,32.0
623,477,10.0
623,499,6.0
623,506,30.0
623,550,381.0
623,584,89.0
623,594,23.0
623,634,27.0
623,690,10.0
623,693,370.15
623,703,10.0
623,727,3855.2
623,751,3817.7
623,778,405.0
623,891,30.0
623,916,42.0
623,940,10.0
623,954,10.0
623,957,119.0
623,1018,8.0
623,1062,40.0
623,1117,280.0
623,1132,10.0
623,1140,24.6
623,1142,18.0
623,1146,10.0
623,1150,16.0
623,1180,32.0
623,1206,37.0
623,1224,20.0
623,1284,30.0
623,1328,10.0
624,55,10.0
624,59,10.0
624,96,26.0
624,177,20.0
624,182,7253.2
624,331,20.0
624,351,10.0
624,383,31.0
624,386,10.0
624,432,10.0
624,438,10.0
624,534,10.0
624,580,2812.8
624,608,44.0
624,661,10260.95
624,706,10.0
624,747,11.0
624,805,19.0
624,841,41.0
624,864,6553.75
624,971,15.0
624,987,65.0
624,1037,50.0
624,1058,10.0
624,1125,13.0
624,1158,10.0
624,1207,20.0
624,1214,49.0
624,1232,260.0
624,1245,10.0
624,1258,10.0
624,1326,10.0
624,1346,13.0
624,1356,44.0
625,9,232.55
625,46,1648.0
625,122,190.0
625,124,10.0
625,125,4798.65
625,207,10.0
625,209,4827.05
625,280,17.0
625,294,31.8
625,302,22.0
625,450,72.0
625,484,291.0
625,540,6.0
625,703,10.0
625,744,10.0
625,751,26.0
625,776,73.0
625,779,30.0
625,832,10.0
625,838,4882.3
625,859,51.0
625,872,10.0
625,902,12.0
625,904,392.0
625,905,58.0
625,921,10.0
625,986,21.0
625,994,15.0
625,1042,54.0
625,1087,10.0
625,1099,10182.85
625,1111,4256.05
625,1137,10.0
625,1186,38.0
625,1221,22.0
625,1326,10.0
625,1356,12.0
626,13,11.0
626,28,5.0
626,68,924.0
626,75,92.0
626,78,50.0
626,101,40.0
626,119,6.0
626,157,10.0
626,162,16.0
626,176,13.0
626,190,17.0
626,211,149.0
626,247,42.0
626,248,10.0
626,268,45.0
626,368,6.0
626,413,5543.0
626,428,10.0
626,476,15.0
626,521,7.0
626,529,446.0
626,531,15.0
626,537,10.0
626,557,10.0
626,584,7.0
626,693,10.0
626,716,10.0
626,729,90.0
626,744,11.0
626,758,6.0
626,804,14.0
626,806,104.0
626,851,10.0
626,877,10.0
626,888,11.0
626,893,10.0
626,923,10.0
626,964,13.0
626,1032,134.0
626,1155,1815.15
626,1233,60.0
626,1237,10.0
627,18,27.0
627,47,10.0
627,98,10.0
627,133,86.0
627,158,14.0
627,167,2556.0
627,168,18.0
627,173,15.0
627,182,322.0
627,206,11.0
627,210,105.0
627,318,9041.65
627,493,146.0
627,535,19.0
627,548,33.0
627,569,10.0
627,612,10.0
627,673,10.0
627,844,131.0
627,855,10.0
627,880,167.0
627,981,6.0
627,984,38.0
627,990,10.0
627,1075,143.0
627,1101,175.0
627,1122,11.0
627,1175,45.0
627,1178,10.0
627,1189,23.0
627,1220,17.0
627,1244,10.0
627,1280,9285.95
627,1288,23.0
627,1346,10.0
628,171,24.0
628,293,23.0
628,347,10.0
628,360,52.0
628,372,2532.15
628,448,3797.0
628,457,27.0
628,473,10.0
628,515,10.0
628,520,19.0
628,523,20.0
628,548,10.0
628,593,18.0
628,678,3212.45
628,683,16.0
628,702,1484.0
628,801,20.0
628,844,105.0
628,850,21.0
628,854,140.0
628,885,11.0
628,955,10.0
628,985,10.0
628,1069,10.0
628,1075,171.0
628,1126,21.0
628,1212,11.0
628,1246,10.0
628,1276,45.0
628,1288,36.0
628,1310,8557.0
628,1313,17.0
628,1345,7644.25
628,1363,10.0
629,41,10.0
629,116,10.0
629,130,10.0
629,137,21.0
629,242,12.0
629,244,2541.2
629,290,10.0
629,300,15.0
629,417,10.0
629,519,202.0
629,536,10.0
629,580,28.0
629,634,10.0
629,688,14.0
629,700,10.0
629,706,20.0
629,747,53.0
629,805,16.0
629,829,10.0
629,894,72.0
629,1003,115.0
629,1070,10.0
629,1093,14.0
629,1107,6886.5
629,1158,128.0
629,1184,14.0
629,1207,10.0
629,1278,10.0
629,1283,11.0
629,1327,11017.45
629,1339,16.0
630,112,1890.0
630,120,10.0
630,130,23.0
630,134,29.0
630,167,2133.4
630,218,1546.0
630,546,103.0
630,548,10.0
630,562,10.0
630,576,10.0
630,578,10.0
630,617,10.0
630,663,10.0
630,705,381.0
630,720,10.0
630,765,7889.5
630,813,12.0
630,885,86.0
630,1046,140.0
630,1069,1608.0
630,1074,25.0
630,1104,10.0
630,1116,28.0
630,1125,12.0
630,1184,25.0
630,1188,11.0
630,1214,10.0
630,1250,11.0
630,1280,4.0
630,1360,20.0
630,1363,9766.95
631,3,83.0
631,20,7697.8
631,28,180.0
631,78,11.0
631,107,11.0
631,195,9998.25
631,338,10.0
631,340,13.0
631,345,26.5
631,434,10.0
631,503,58.0
631,529,37.0
631,531,3672.55
631,540,31.0
631,554,27.0
631,557,1811.55
631,642,22.0
631,682,189.0
631,796,183.0
631,822,26.5
631,852,25.0
631,853,112.0
631,890,12.0
631,897,10.0
631,959,89.0
631,961,15.0
631,976,72.0
631,999,10.0
631,1124,17.0
631,1199,10.0
631,1225,2911.75
631,1241,10.0
631,1299,99.0
631,1309,190.0
632,68,11.0
632,73,7505.95
632,84,10.0
632,85,10.0
632,133,26.5
632,204,10.0
632,280,11.0
632,368,13.0
632,440,10.0
632,500,12.0
632,503,10.0
632,533,1410.3
632,616,11.0
632,666,10.0
632,744,16.0
632,779,4684.1
632,810,16.0
632,838,10.0
632,869,10.0
632,882,46.0
632,943,12.0
632,998,6839.65
632,1051,2760.0
632,1077,10.0
632,1084,31.0
632,1109,8893.0
632,1200,10.0
632,1216,10.0
632,1233,13.0
632,1273,10.0
634,19,12.0
634,36,10.0
634,110,10.0
634,143,10.0
634,154,156.0
634,160,10.0
634,172,91.0
634,188,10.0
634,208,10.0
634,219,26.0
634,259,13.0
634,348,15.0
634,363,4502.1
634,370,10.0
634,415,10.0
634,450,29.15
634,460,81.0
634,466,1316.1
634,502,11.0
634,568,7015.55
634,623,27.0
634,629,10.0
634,637,10.0
634,659,10.0
634,714,10.0
634,830,10.0
634,866,14.0
634,891,13.0
634,893,31.8
634,905,7754.3
634,939,667.0
634,943,44.0
634,949,509.0
634,1011,10.0
634,1027,252.0
634,1062,8375.5
634,1084,108.0
634,1087,10.0
634,1130,10.0
634,1168,10.0
634,1179,16.0
634,1234,44.0
634,1241,42.0
634,1256,10.0
634,1281,1577.8
634,1284,11162.3
635,12,39.0
635,71,47.0
635,76,28.0
635,132,6.0
635,154,39.0
635,160,10.0
635,207,7808.4
635,213,259.0
635,221,80.0
635,229,10.0
635,285,991.0
635,288,84.0
635,306,3.0
635,311,218.0
635,320,104.0
635,329,206.0
635,340,11.0
635,365,15.0
635,374,30.0
635,412,25.0
635,416,13.0
635,419,21.0
635,450,110.0
635,452,12.0
635,567,10.0
635,568,30.0
635,572,1496.0
635,577,10.0
635,588,105.0
635,646,10.0
635,701,52.0
635,710,188.0
635,780,44.0
635,790,4452.85
635,812,10.0
635,833,10.0
635,861,1010.0
635,863,12.0
635,952,12.0
635,961,127.0
635,1021,10.0
635,1054,10.0
635,1057,10.0
635,1064,10.0
635,1111,59.0
635,1130,16.0
635,1168,29.0
635,1190,24.0
635,1277,79.0
635,1303,40.0
635,1311,602.4
636,27,10.0
636,44,10.0
636,151,10.0
636,258,1740.0
636,291,48.0
636,315,104.0
636,337,2652.15
636,349,2673.55
636,402,10.0
636,502,123.0
636,534,34.85
636,560,1504.0
636,590,913.0
636,643,10.0
636,646,10.0
636,655,723.0
636,657,10.0
636,665,10.0
636,842,5102.1
636,937,20.0
636,968,11.0
636,1002,11.0
636,1091,23.0
636,1110,26.0
636,1132,59.0
636,1142,38.0
636,1185,7866.35
636,1305,3.0
637,71,10.0
637,113,51.0
637,172,115.0
637,188,30.0
637,204,19.0
637,220,10.0
637,234,10.0
637,272,125.0
637,337,10.0
637,398,10.0
637,541,10.0
637,564,5.0
637,634,10.0
637,669,3592.0
637,736,14.0
637,790,10.0
637,866,62.0
637,911,12.0
637,943,13.0
637,948,10.0
637,978,10.0
637,1057,10661.65
637,1072,10.0
637,1084,11.0
637,1150,12.0
637,1151,10.0
637,1156,23.0
637,1197,10.0
637,1252,595.0
637,1293,1260.4
637,1320,17.0
637,1358,10.0
638,1,10.0
638,58,2562.7
638,73,10.0
638,81,26.0
638,164,10.0
638,178,2876.95
638,180,10.0
638,216,10.0
638,225,10.0
638,345,10.0
638,599,14.0
638,605,10.0
638,749,10.0
638,756,1185.0
638,830,1664.05
638,910,10.0
638,940,6276.8
638,993,10.0
638,1086,1896.0
638,1120,10.0
638,1160,13.0
638,1208,10.0
638,1269,10.0
638,1301,22.0
638,1302,2153.85
639,25,31.0
639,99,6.0
639,173,10.0
639,208,16.0
639,300,33.0
639,324,71.0
639,331,10.0
639,343,10.0
639,372,10285.75
639,427,20.0
639,555,25.0
639,600,10.0
639,662,10.0
639,675,87.0
639,685,10.0
639,789,10.0
639,844,13.0
639,854,8963.25
639,874,10.0
639,1010,18.0
639,1029,4913.8
639,1087,6.0
639,1101,10.0
639,1126,10.0
639,1128,6.0
639,1162,14.0
639,1188,17.0
639,1204,10.0
639,1228,6741.8
639,1279,10.0
639,1282,38.0
639,1288,10.0
639,1339,3909.95
639,1345,8490.05
639,1346,10.0
639,1350,25.0
641,3,12.0
641,19,601.0
641,585,15.0
641,656,10372.25
641,750,16.0
641,833,1101.0
641,944,14.0
641,950,10.0
641,963,2382.0
641,1036,10.0
641,1105,197.0
641,1127,4.0
641,1164,34.45
641,1215,16.0
641,1237,10.0
641,1254,194.0
641,1266,959.0
642,1,16.0
642,17,10.0
642,31,27.0
642,36,19.0
642,111,102.0
642,175,291.0
642,197,90.0
642,212,28.0
642,224,10.0
642,236,63.0
642,247,10.0
642,291,174.0
642,338,10.0
642,363,41.0
642,382,10.0
642,385,10.0
642,398,19.0
642,407,26.0
642,435,61.0
642,461,825.0
642,466,4.0
642,479,1153.0
642,507,63.0
642,538,10.0
642,558,10.0
642,583,10.0
642,587,32.0
642,631,22.0
642,663,10.0
642,773,14.0
642,775,18.0
642,798,10.0
642,808,20.0
642,809,10.0
642,812,271.45
642,847,14.0
642,881,15.0
642,906,15.0
642,918,14.0
642,935,13.0
642,939,48.0
642,947,10.0
642,949,10.0
642,988,173.0
642,994,20.0
642,1001,189.0
642,1022,13.0
642,1052,46.0
642,1064,206.0
642,1072,7867.549999999999
642,1082,10.0
642,1089,12.0
642,1115,10.0
642,1215,507.0
642,1312,881.0
643,51,11.0
643,58,13.0
643,81,95.0
643,104,84.0
643,153,106.0
643,178,64.0
643,285,11.0
643,400,10.0
643,431,1343.4
643,484,3295.95
643,517,5452.6
643,559,138.0
643,567,20.0
643,572,20.0
643,574,66.0
643,611,4190.9
643,636,10.0
643,753,107.0
643,757,25.0
643,809,3277.35
643,935,2575.9
643,952,10.0
643,1002,10.0
643,1022,125.0
643,1034,14.0
643,1065,82.0
643,1143,2005.2
643,1169,8.0
643,1185,4.0
643,1215,10.0
643,1291,54.0
643,1321,10.0
643,1340,21.0
643,1359,35.0
644,55,10317.8
644,59,16.0
644,130,10.0
644,133,1668.9
644,156,10.0
644,177,72.0
644,192,26.5
644,238,13.0
644,266,10.0
644,270,2045.8
644,276,10.0
644,351,10.0
644,354,10.0
644,394,10.0
644,403,10.0
644,433,764.0
644,478,14.0
644,516,6.0
644,543,10.0
644,551,24.0
644,555,10.0
644,566,55.5
644,673,6766.85
644,687,366.0
644,705,10.0
644,710,3.0
644,717,10.0
644,726,10.0
644,832,10.0
644,841,12.0
644,864,3.0
644,909,39.0
644,962,10.0
644,995,10.0
644,1000,10.0
644,1037,3335.7
644,1063,11.0
644,1066,24.0
644,1220,373.0
644,1244,14.0
644,1245,10.0
644,1250,11.0
644,1310,10.0
644,1314,20.0
644,1354,10.0
645,140,11.0
645,225,66.0
645,255,10.0
645,285,36.0
645,323,44.0
645,334,42.0
645,388,10.0
645,397,10.0
645,451,10.0
645,508,6068.15
645,550,10.0
645,568,10.0
645,620,10.0
645,622,13.0
645,652,16.0
645,778,29.0
645,795,6675.95
645,861,16.0
645,891,72.0
645,923,16.0
645,961,10.0
645,977,10.0
645,1091,3504.4
645,1140,73.0
645,1146,6348.35
645,1203,131.0
645,1226,3479.0
645,1234,21.0
645,1281,68.0
645,1286,17.0
645,1301,49.0
645,1303,27.0
645,1322,2132.0
645,1336,22.0
646,23,10.0
646,44,6026.2
646,69,7.0
646,71,10.0
646,104,10.0
646,164,10.0
646,198,10.0
646,199,10.0
646,243,10.0
646,258,20.5
646,291,26.5
646,390,28.0
646,412,10.0
646,419,176.0
646,517,10.0
646,560,5043.25
646,607,10.0
646,635,10.0
646,636,10.0
646,655,18.0
646,657,37.0
646,738,12.0
646,817,10.0
646,842,10.0
646,993,6.0
646,1089,162.0
646,1120,95.0
646,1169,37.0
646,1188,14.0
646,1203,10.0
646,1210,166.0
646,1277,148.0
646,1311,11.0
647,1,10500.95
647,28,4061.9
647,30,2869.0
647,172,10.0
647,176,191.0
647,209,10.0
647,222,10.0
647,275,20.0
647,331,10.0
647,340,36.0
647,375,10.0
647,405,175.0
647,406,37.0
647,503,11.0
647,602,10.0
647,694,10.0
647,853,11.0
647,886,833.0
647,902,21.0
647,942,10.0
647,950,403.0
647,953,10.0
647,1028,5437.25
647,1053,29.0
647,1058,44.0
647,1061,5.0
647,1080,140.0
647,1082,18.0
647,1112,4061.8500000000004
647,1121,7672.450000000001
647,1161,582.0
647,1216,118.5
647,1222,310.0
647,1252,10.0
647,1299,25.0
648,88,17.0
648,137,10.0
648,165,225.2
648,277,10.0
648,305,184.0
648,317,14.0
648,360,39.0
648,383,7.0
648,424,10.0
648,430,10.0
648,565,162.0
648,612,24.0
648,674,10.0
648,700,12.0
648,789,12.0
648,813,22.0
648,823,15.0
648,829,4500.3
648,835,11.0
648,850,6786.95
648,887,9365.85
648,985,29.0
648,1093,14.0
648,1148,7112.9
648,1165,12.0
648,1242,10.0
648,1246,2998.5
648,1339,10.0
648,1346,10.0
648,1355,10.0
648,1361,10.0
649,7,47.0
649,38,12.0
649,49,31.0
649,77,20.5
649,122,10.0
649,136,12.0
649,190,12.0
649,231,10.0
649,244,10.0
649,281,10.0
649,300,25.0
649,341,827.0
649,368,10.0
649,379,10.0
649,461,47.0
649,482,10.0
649,540,10.0
649,568,14.0
649,583,4574.25
649,584,6.0
649,758,10942.95
649,785,9868.3
649,803,155.0
649,867,10.0
649,878,11.0
649,893,10.0
649,897,26.5
649,898,189.0
649,927,28.0
649,928,168.0
649,945,10.0
649,961,10.0
649,964,6.0
649,966,11.0
649,969,159.0
649,997,2837.0
649,1044,10.0
649,1045,140.0
649,1047,17.0
649,1077,3410.4500000000003
649,1085,20.5
649,1179,118.0
649,1238,20.5
649,1327,20.5
650,57,10.0
650,59,236.0
650,197,10.0
650,202,10.0
650,226,14.0
650,228,29.15
650,262,7.0
650,308,19.0
650,552,10.0
650,589,11.0
650,686,18.0
650,746,1110.0
650,788,594.25
650,814,22.0
650,822,1693.3
650,874,24.0
650,885,10.0
650,1012,10.0
650,1039,10.0
650,1048,1038.0
650,1141,26.5
650,1145,2132.0
650,1184,14.0
650,1192,3717.05
650,1244,382.0
650,1279,9111.75
651,11,10.0
651,81,10.0
651,99,48.0
651,102,71.0
651,126,81.0
651,141,10.0
651,151,14.0
651,155,11.0
651,164,6624.3
651,189,33.0
651,215,111.0
651,243,10.0
651,246,49.0
651,315,55.0
651,320,38.0
651,328,10.0
651,343,13.0
651,443,257.0
651,477,27.0
651,508,10.0
651,560,10.0
651,579,14.0
651,607,177.0
651,610,5839.849999999999
651,611,48.0
651,622,10.0
651,654,17.0
651,725,10.0
651,727,10.0
651,755,9.0
651,842,16.0
651,846,10.0
651,847,10.0
651,907,10.0
651,931,10.0
651,948,36.0
651,1096,18.0
651,1140,10.0
651,1155,40.0
651,1201,6.0
651,1203,23.0
651,1207,42.0
651,1221,10.0
651,1257,238.0
651,1291,9453.3
651,1318,10.0
651,1341,9209.2
652,26,10.0
652,36,10962.45
652,68,6.0
652,176,18.0
652,188,8569.85
652,201,18.0
652,211,6665.7
652,275,31.0
652,333,6.0
652,375,578.0
652,385,275.0
652,405,14.0
652,431,27.0
652,455,7524.0
652,479,10.0
652,538,293.0
652,568,10.0
652,645,16.0
652,924,199.0
652,930,10.0
652,947,16.0
652,1040,15.0
652,1045,38.0
652,1053,53.0
652,1115,184.0
652,1127,21.0
652,1234,11.0
652,1335,59.0
652,1356,10.0
653,31,10.0
653,97,13.0
653,99,10.0
653,118,183.5
653,189,10.0
653,201,39.65
653,229,12.0
653,243,80.0
653,348,2415.35
653,386,10.0
653,451,294.0
653,455,70.0
653,482,26.5
653,575,22.0
653,603,153.0
653,606,50.0
653,731,10.0
653,757,46.0
653,790,192.0
653,831,28.0
653,860,190.5
653,906,12.0
653,925,2349.75
653,943,10.0
653,961,2341.5
653,968,27.0
653,971,10.0
653,973,6.0
653,987,2550.05
653,1035,2326.5
653,1042,10.0
653,1047,76.0
653,1083,317.0
653,1084,14.0
653,1127,45.0
653,1143,10.0
653,1155,7.0
653,1235,110.0
653,1275,195.0
653,1286,5.0
653,1289,2852.4
653,1326,29.0
653,1342,1605.2
654,17,10.0
654,41,10.0
654,123,10.0
654,125,10.0
654,151,194.0
654,189,10.0
654,209,54.0
654,225,28.0
654,246,10.0
654,255,21.0
654,264,10.0
654,278,91.0
654,304,22.0
654,331,10.0
654,334,10.0
654,362,10.0
654,391,175.0
654,397,8713.6
654,444,10.0
654,469,11.0
654,502,11.0
654,541,10.0
654,547,16.0
654,550,72.0
654,559,7.0
654,571,85.0
654,574,19.0
654,621,116.0
654,622,48.55
654,651,17.0
654,676,709.3
654,725,20.5
654,730,10.0
654,738,6459.25
654,744,14.0
654,760,10.0
654,778,20.5
654,782,10.0
654,795,20.0
654,845,77.0
654,897,12.0
654,906,120.0
654,910,48.0
654,926,10077.65
654,954,87.0
654,972,10.0
654,1052,10.0
654,1106,10.0
654,1110,36.5
654,1111,10.0
654,1113,88.0
654,1144,6295.9
654,1211,10.0
654,1221,24.5
654,1270,10821.95
654,1281,11.0
654,1302,77.0
654,1305,60.0
654,1322,33.0
655,50,12.0
655,119,34.0
655,157,66.0
655,299,10.0
655,349,8646.2
655,388,10.0
655,395,15.0
655,412,219.0
655,419,4403.5
655,482,10.0
655,498,10.0
655,558,10.0
655,584,47.0
655,611,1995.0
655,636,723.0
655,646,18.0
655,657,86.0
655,735,102.0
655,752,47.0
655,826,42.0
655,883,11.0
655,935,39.0
655,951,10.0
655,952,7481.65
655,968,10.0
655,1089,10.0
655,1175,10.0
655,1185,15.0
655,1210,37.0
655,1259,14.0
655,1291,86.0
655,1314,24.0
655,1341,10.0
656,9,10.0
656,19,271.0
656,80,12.0
656,132,7.0
656,243,10.0
656,247,10.0
656,404,45.0
656,461,10.0
656,641,10372.25
656,690,10.0
656,757,2157.1
656,963,2380.0
656,982,28.0
656,1222,1303.0
656,1237,31.0
656,1254,221.0
657,83,10.0
657,114,21.0
657,129,18.0
657,207,10.0
657,216,7746.75
657,291,10.0
657,321,20.5
657,390,10604.4
657,419,10.0
657,636,10.0
657,646,37.0
657,655,86.0
657,665,13.0
657,716,11.0
657,750,15.0
657,791,10.0
657,1065,23.0
657,1089,14.0
657,1098,10.0
657,1120,19.0
657,1169,11.0
657,1275,10.0
657,1277,10.0
659,12,56.0
659,74,11.0
659,180,198.0
659,207,13.0
659,285,10.0
659,314,10.0
659,379,3.0
659,426,11.0
659,450,23.0
659,488,35.0
659,502,10.0
659,568,3195.6
659,605,16.0
659,634,10.0
659,780,130.0
659,851,29.0
659,861,10.0
659,873,36.0
659,893,5477.0
659,913,103.0
659,951,6.0
659,957,44.0
659,978,4919.8
659,1009,5.0
659,1047,140.0
659,1054,116.0
659,1062,7849.45
659,1120,10.0
659,1129,9578.3
659,1139,10.0
659,1168,34.0
659,1180,53.0
659,1236,6.0
659,1264,105.0
659,1265,20.0
659,1281,23.0
659,1283,33.0
659,1284,880.0
659,1286,10.0
659,1301,9584.35
659,1309,20.5
659,1322,10.0
659,1336,1058.0
659,1356,357.0
660,91,10.0
660,95,10.0
660,120,15.0
660,126,11.0
660,158,2415.3
660,192,6495.9
660,228,10.0
660,245,10.0
660,256,7283.65
660,289,11.0
660,345,23.0
660,354,47.0
660,403,183.0
660,414,60.0
660,417,10.0
660,429,39.0
660,463,10.0
660,514,18.0
660,530,10.0
660,566,10.0
660,578,10.0
660,746,56.0
660,763,4869.9
660,772,20.0
660,820,269.0
660,841,108.0
660,922,17.0
660,947,40.0
660,956,5.0
660,974,10.0
660,981,18.0
660,990,32.0
660,1066,3.0
660,1122,69.0
660,1223,194.0
660,1313,10.0
660,1325,46.0
661,63,10.0
661,71,10.0
661,95,2485.7
661,123,10.0
661,182,13.0
661,223,17.0
661,356,10.0
661,362,887.0
661,383,17.0
661,394,24.0
661,546,7.0
661,580,1251.45
661,600,82.0
661,608,10.0
661,624,10260.95
661,724,15.0
661,726,21.0
661,747,22.0
661,805,12.0
661,823,20.0
661,841,95.0
661,856,1620.95
661,864,3678.0
661,946,10.0
661,971,14.0
661,973,28.0
661,987,10.0
661,1025,10.0
661,1037,30.0
661,1122,72.0
661,1207,10.0
661,1212,845.3
661,1214,26.0
661,1245,20.0
661,1307,10.0
661,1326,10.0
661,1356,23.0
662,95,10.0
662,154,53.0
662,189,10.0
662,331,42.0
662,476,34.0
662,536,50.0
662,602,14.0
662,639,10.0
662,703,8801.0
662,833,10.0
662,878,2034.0
662,947,144.0
662,948,15.0
662,950,6728.6
662,963,10.0
662,982,41.0
662,1011,16.0
662,1023,8403.1
662,1142,10.0
662,1266,10.0
663,58,13.0
663,107,10.0
663,118,15.0
663,178,11.0
663,224,1545.85
663,325,11.0
663,375,10.0
663,451,96.0
663,488,14.0
663,630,10.0
663,642,10.0
663,703,10.0
663,736,2785.0
663,773,60.0
663,798,16.0
663,808,18.0
663,865,58.0
663,915,10.0
663,1136,10705.45
663,1137,10.0
663,1153,34.0
663,1188,10.0
663,1191,21.0
663,1272,47.0
663,1315,10.0
663,1332,5.0
664,53,30.0
664,66,10.0
664,83,80.0
664,175,20.0
664,266,114.0
664,277,10.0
664,284,10.0
664,322,25.0
664,347,23.0
664,399,25.0
664,421,4981.25
664,435,21.0
664,458,18.0
664,478,10.0
664,487,60.0
664,493,48.0
664,535,67.0
664,536,10.0
664,573,10.0
664,582,16.0
664,695,10.0
664,697,55.0
664,747,10.0
664,885,10.0
664,990,15.0
664,1033,78.0
664,1055,171.0
664,1123,127.45
664,1126,12.0
664,1162,199.0
664,1242,10831.45
664,1244,200.9
664,1271,108.0
664,1343,10.0
664,1344,18.55
664,1350,20.0
664,1363,7.0
665,23,15.0
665,32,12.0
665,60,6.0
665,114,2683.0
665,219,17.0
665,254,525.0
665,291,2289.85
665,324,536.0
665,337,42.0
665,353,20.0
665,367,136.0
665,388,5081.5
665,460,19.0
665,509,10.0
665,591,10.0
665,595,10.0
665,636,10.0
665,657,13.0
665,716,15.0
665,739,9599.3
665,818,9074.15
665,842,10.0
665,903,10.0
665,907,33.0
665,988,2762.15
665,1026,613.0
665,1088,28.0
665,1145,10.0
665,1201,33.0
665,1263,44.0
666,20,7449.450000000001
666,26,10.0
666,47,10.0
666,80,10.0
666,107,9990.9
666,227,3846.1
666,299,26.0
666,314,14.0
666,352,27.0
666,425,15.0
666,459,10.0
666,497,46.0
666,503,27.0
666,533,10.0
666,605,31.0
666,618,4683.65
666,632,10.0
666,771,6926.2
666,806,2138.75
666,954,15.0
666,958,30.0
666,960,10.0
666,976,49.0
666,998,16.0
666,1009,14.0
666,1045,10.0
666,1082,15.0
666,1101,6.0
666,1111,608.0
666,1130,10.0
666,1131,31.0
666,1274,36.0
666,1359,10.0
667,48,18.0
667,153,170.0
667,197,10.0
667,238,20.0
667,253,14.0
667,254,10.0
667,275,10.0
667,289,40.0
667,296,10.0
667,300,12.0
667,372,10.0
667,396,26.0
667,420,154.0
667,426,14.0
667,458,65.0
667,463,2151.3
667,491,178.0
667,510,13.0
667,515,1731.2
667,537,85.0
667,576,4855.4
667,614,1609.0
667,615,8966.95
667,669,10.0
667,689,135.0
667,719,3.0
667,747,59.0
667,828,43.0
667,839,10.0
667,909,21.0
667,1010,10.0
667,1055,16.0
667,1067,10.0
667,1085,10.0
667,1102,10.0
667,1108,10.0
667,1126,38.0
667,1182,32.8
667,1188,49.0
667,1192,11.0
667,1214,10.0
667,1218,10.0
667,1221,63.0
667,1254,14.0
667,1355,10.0
668,12,68.0
668,19,70.0
668,84,10.0
668,97,13.0
668,103,16.0
668,184,37.0
668,222,11074.0
668,271,44.0
668,294,26.0
668,374,20.0
668,381,20.5
668,409,28.0
668,425,10.0
668,444,10.0
668,482,37.0
668,486,10.0
668,499,10.0
668,544,28.0
668,613,100.85
668,621,20.5
668,754,30.0
668,799,10.0
668,824,10.0
668,838,8.0
668,953,280.0
668,964,23.0
668,986,33.0
668,1013,11.0
668,1023,11.0
668,1106,297.0
668,1124,46.0
668,1154,15.0
668,1210,10.0
668,1264,10.0
668,1299,10.0
669,26,10.0
669,36,10.0
669,45,22.0
669,80,10.0
669,101,10.0
669,155,7.0
669,251,10.0
669,367,10.0
669,398,267.0
669,464,10.0
669,547,47.0
669,637,3592.0
669,667,10.0
669,694,27.0
669,711,12.0
669,776,10.0
669,798,20.0
669,809,558.0
669,827,14.0
669,893,10.0
669,895,54.0
669,912,10774.0
669,951,10.0
669,1019,9.0
669,1075,13.0
669,1105,10.0
669,1143,10.0
669,1180,3177.35
669,1240,10.0
669,1252,14.0
669,1293,534.1
669,1298,84.0
669,1304,10.0
670,116,10.0
670,126,10.0
670,134,10.0
670,142,2686.0
670,290,39.0
670,298,6488.2
670,318,199.0
670,330,7465.1
670,360,128.0
670,424,56.0
670,432,10.0
670,551,15.0
670,555,140.0
670,582,27.0
670,617,96.0
670,678,43.0
670,740,34.0
670,885,10.0
670,967,6.0
670,1017,18.0
670,1068,14.0
670,1141,10.0
670,1214,10.0
670,1229,10.0
670,1250,10.0
670,1307,150.0
670,1360,6531.45
671,26,10.0
671,110,3945.55
671,111,40.0
671,128,10.0
671,227,10.0
671,229,12.0
671,306,41.0
671,382,10674.5
671,465,3235.1000000000004
671,483,27.0
671,709,10.0
671,735,11.0
671,736,779.0
671,803,10.0
671,849,10.0
671,865,5289.6
671,898,98.0
671,945,10.0
671,951,10.0
671,953,3.0
671,979,10.0
671,998,166.0
671,1035,10.0
671,1060,7174.75
671,1080,18.0
671,1082,3406.7
671,1106,10.0
671,1206,99.0
671,1322,10.0
672,29,59.0
672,63,10.0
672,114,10.0
672,123,54.0
672,131,149.0
672,185,10.0
672,204,10.0
672,225,10.0
672,265,10202.3
672,333,10.0
672,367,458.85
672,371,8671.85
672,467,26.0
672,496,11.0
672,514,24.0
672,528,10.0
672,547,10.0
672,548,15.0
672,563,10.0
672,603,24.0
672,679,156.5
672,704,700.75
672,748,45.0
672,791,10.0
672,824,10.0
672,907,10.0
672,908,174.9
672,935,21.0
672,958,47.0
672,968,12.0
672,1088,25.0
672,1118,38.0
672,1120,328.0
672,1156,19.0
672,1169,10.0
672,1201,8984.3
672,1203,441.0
672,1215,10.0
672,1270,14.0
672,1275,41.0
673,18,10.0
673,112,10.0
673,137,279.0
673,158,9986.3
673,167,30.0
673,175,26.0
673,210,10.0
673,223,10.0
673,245,27.0
673,256,37.5
673,270,1537.3
673,277,10.0
673,305,14.0
673,394,10.0
673,418,15.0
673,433,10.0
673,435,61.0
673,442,10.0
673,566,13.0
673,627,10.0
673,644,6766.85
673,683,171.0
673,719,103.0
673,820,10.0
673,828,14.0
673,956,10.0
673,981,394.0
673,984,270.0
673,990,108.0
673,995,10789.2
673,1037,6327.5
673,1066,188.0
673,1090,28.0
673,1108,39.0
673,1116,10.0
673,1122,2186.45
673,1126,10.0
673,1151,10.0
673,1162,10.0
673,1189,16.0
673,1207,10.0
673,1324,10.0
673,1343,6.0
673,1344,48.0
674,50,10.0
674,57,10.0
674,116,15.0
674,175,15.0
674,208,10.0
674,324,10.0
674,435,73.0
674,471,10.0
674,511,946.65
674,588,13.0
674,596,10.0
674,601,12.0
674,604,10.0
674,608,21.0
674,648,10.0
674,675,53.0
674,688,10.0
674,703,10.0
674,735,10.0
674,789,25.0
674,823,10.0
674,827,265.0
674,881,10.0
674,920,10.0
674,932,10.0
674,934,10.0
674,1016,4388.85
674,1017,10.0
674,1035,10.0
674,1101,10.0
674,1113,10.0
674,1165,11155.15
674,1173,10.0
674,1206,11.0
674,1228,10.0
674,1258,10.0
674,1276,10.0
674,1282,10.0
674,1321,7953.85
674,1326,10.0
674,1339,6.0
675,161,13.0
675,262,10.0
675,269,1375.0
675,275,124.0
675,296,43.0
675,305,21.0
675,317,1226.0
675,372,12.0
675,399,15.0
675,433,20.0
675,463,10.0
675,516,31.0
675,526,387.0
675,535,10.0
675,553,133.0
675,566,12.0
675,580,23.0
675,582,22.0
675,639,87.0
675,674,53.0
675,687,32.0
675,697,9.0
675,746,10.0
675,789,10805.9
675,823,10.0
675,856,10.0
675,909,10.0
675,946,1398.5
675,955,45.0
675,959,118.0
675,1069,12.0
675,1070,26.5
675,1108,10.0
675,1116,1356.0
675,1158,287.0
675,1165,10.0
675,1172,55.0
675,1242,11.0
675,1310,10.0
675,1317,10.0
675,1343,10.0
676,23,10.0
676,63,25.0
676,79,10.0
676,80,88.0
676,179,35.0
676,239,10.0
676,246,10.0
676,255,10.0
676,288,10.0
676,349,758.0
676,384,4.0
676,397,3178.95
676,477,10.0
676,508,20.0
676,509,10.0
676,520,93.0
676,550,4045.4
676,568,25.0
676,620,27.0
676,654,709.3
676,715,28.0
676,793,3902.0
676,826,56.0
676,842,10.0
676,851,139.0
676,940,66.0
676,962,41.0
676,971,30.0
676,976,13.0
676,1012,49.0
676,1091,43.0
676,1110,4209.0
676,1140,49.0
676,1142,6112.5
676,1158,88.0
676,1166,20.5
676,1263,6.0
676,1270,4007.0
676,1311,60.0
676,1318,168.0
677,18,14.0
677,66,37.0
677,152,10.0
677,277,21.0
677,284,24.0
677,290,10.0
677,362,20.0
677,478,10.0
677,515,10.0
677,589,17.0
677,609,113.0
677,719,10.0
677,772,10.0
677,788,195.0
677,797,10771.7
677,829,15.0
677,885,10.0
677,992,47.0
677,1030,12.0
677,1033,24.0
677,1076,19.0
677,1085,61.0
677,1090,15.0
677,1101,5103.0
677,1128,10.0
677,1141,10.0
677,1182,10.0
677,1187,7723.35
677,1202,36.0
677,1238,35.0
677,1296,10.0
678,65,34.0
678,89,11.0
678,91,178.0
678,96,52.0
678,98,9793.5
678,126,10.0
678,208,34.0
678,253,10.0
678,300,46.0
678,356,278.5
678,396,24.0
678,435,28.0
678,448,8292.55
678,493,3.0
678,553,10.0
678,596,14.0
678,614,10.0
678,628,3212.45
678,670,43.0
678,685,10385.3
678,689,11.0
678,691,10.0
678,724,10.0
678,730,10.0
678,740,1454.0
678,828,29.0
678,864,10.0
678,981,11.0
678,1046,10.0
678,1151,10.0
678,1178,84.0
678,1192,10.0
678,1228,4.0
678,1283,26.5
678,1345,9166.25
678,1346,21.0
679,29,93.0
679,44,10.0
679,117,107.0
679,131,11162.3
679,164,64.0
679,185,17.0
679,215,10.0
679,265,346.0
679,315,360.0
679,333,10.0
679,366,10.0
679,371,10.0
679,496,48.0
679,508,162.0
679,563,9196.75
679,603,26.5
679,672,156.5
679,739,264.0
679,760,10.0
679,791,7.0
679,817,45.0
679,877,57.0
679,889,41.0
679,993,8087.5
679,1007,10.0
679,1008,16.0
679,1012,10.0
679,1089,9468.1
679,1091,242.0
679,1096,10.0
679,1169,10.0
679,1181,10.0
679,1191,14.0
679,1201,20.5
679,1259,11.0
679,1275,20.5
679,1281,12.0
679,1289,11.0
679,1341,54.0
680,60,50.0
680,198,2914.3
680,209,10.0
680,219,10.0
680,220,10.0
680,224,10.0
680,240,2956.65
680,255,16.0
680,305,141.0
680,306,172.0
680,311,41.0
680,388,11.0
680,390,36.0
680,400,7.0
680,412,10.0
680,484,1506.0
680,513,22.0
680,752,4627.15
680,823,62.0
680,824,10.0
680,871,19.0
680,896,10.0
680,907,10.0
680,911,5607.1
680,930,10.0
680,963,39.0
680,1008,10.0
680,1015,30.0
680,1018,11.0
680,1086,281.0
680,1159,11.0
680,1174,10.0
680,1194,10.0
680,1211,10.0
680,1224,85.0
680,1262,62.0
680,1287,199.0
681,64,38.0
681,83,12.0
681,95,10.0
681,128,6881.0
681,134,10.0
681,173,14.0
681,296,2852.45
681,356,2056.15
681,493,9314.0
681,553,3206.1
681,562,105.0
681,685,854.0
681,686,16.0
681,687,9532.55
681,859,6.0
681,1033,15.0
681,1063,10.0
681,1080,10.0
681,1102,1769.9
681,1175,20.5
681,1228,16.0
681,1242,10.0
681,1271,15.0
681,1345,26.0
682,3,62.0
682,28,1901.0
682,108,51.0
682,129,2201.0
682,195,141.0
682,268,10.0
682,387,1777.0
682,464,79.0
682,526,10.0
682,537,10.0
682,572,6.0
682,606,14.0
682,631,189.0
682,803,15.0
682,853,9947.0
682,945,41.0
682,953,10.0
682,959,81.0
682,970,13.0
682,979,10.0
682,1051,10.0
682,1062,72.0
682,1106,1424.3
682,1321,20.5
683,112,291.0
683,137,7851.85
683,151,23.0
683,161,654.0
683,177,10.0
683,199,10.0
683,245,24.0
683,330,10.0
683,439,13.0
683,519,161.0
683,530,180.0
683,628,16.0
683,673,171.0
683,727,10.0
683,735,29.0
683,743,20.5
683,768,12.0
683,788,10.0
683,790,10.0
683,854,280.0
683,887,20.5
683,929,17.0
683,957,10.0
683,962,10.0
683,964,10.0
683,970,10.0
683,995,251.0
683,1012,10.0
683,1033,89.0
683,1102,54.0
683,1158,14.0
683,1165,12.0
683,1221,10.0
683,1234,17.0
685,18,159.0
685,57,10.0
685,91,18.0
685,173,17.0
685,206,10.0
685,208,10.0
685,210,47.0
685,253,6.0
685,332,16.0
685,356,8851.7
685,417,10.0
685,448,1429.0
685,493,7763.200000000001
685,494,10.0
685,596,29.0
685,639,10.0
685,678,10385.3
685,681,854.0
685,740,10119.1
685,885,10.0
685,981,39.0
685,1162,15.0
685,1178,16.0
685,1202,10.0
685,1220,37.0
685,1228,3289.45
685,1283,10.0
685,1310,22.55
685,1345,4469.25
686,115,13.0
686,116,10.0
686,137,9005.75
686,161,10.0
686,335,129.0
686,414,29.0
686,430,3278.85
686,487,10.0
686,519,46.0
686,578,79.0
686,589,10.0
686,612,2897.5
686,650,18.0
686,681,16.0
686,720,10.0
686,887,7479.7
686,1125,89.0
686,1229,182.0
686,1250,204.0
686,1282,14.0
687,37,51.0
687,55,58.0
687,64,8687.6
687,128,4607.35
687,168,8.0
687,182,75.0
687,228,10.0
687,245,10.0
687,254,38.0
687,284,10.0
687,296,74.0
687,324,55.0
687,421,35.0
687,458,44.0
687,487,23.0
687,493,3302.4
687,516,121.0
687,543,10.0
687,551,10.0
687,553,143.0
687,644,366.0
687,675,32.0
687,681,9532.55
687,689,1649.5
687,695,50.0
687,700,10.0
687,717,12.0
687,789,16.0
687,836,56.0
687,850,14.0
687,934,10.0
687,1012,3369.0
687,1066,10.0
687,1123,25.0
687,1125,4.0
687,1151,10.0
687,1288,10.0
687,1331,12.0
687,1343,10.0
687,1353,199.0
688,22,10.0
688,53,94.0
688,63,191.0
688,66,187.0
688,69,46.0
688,152,10.0
688,171,10.0
688,187,137.0
688,218,83.0
688,296,10.0
688,300,59.0
688,322,10.0
688,360,53.0
688,435,16.0
688,458,22.0
688,515,32.0
688,520,10.0
688,530,92.0
688,609,148.0
688,629,14.0
688,674,10.0
688,723,24.0
688,747,10.0
688,769,149.0
688,788,10.0
688,825,9272.45
688,854,176.0
688,856,10.0
688,864,10.0
688,920,17.0
688,934,11.0
688,956,81.0
688,971,18.0
688,983,52.0
688,992,63.0
688,1003,10.0
688,1067,161.0
688,1074,119.0
688,1085,38.0
688,1165,46.0
688,1175,207.0
688,1187,23.0
688,1198,110.0
688,1202,10.0
688,1204,30.0
688,1332,10.0
689,64,7139.55
689,65,10879.05
689,91,10.0
689,128,6586.25
689,152,4734.2
689,153,335.0
689,192,10.0
689,197,11.0
689,218,49.0
689,261,16.0
689,278,10.0
689,289,50.0
689,360,5835.55
689,424,29.0
689,470,10.0
689,515,15.0
689,522,10.0
689,546,11.0
689,565,26.5
689,614,33.0
689,667,135.0
689,678,11.0
689,687,1649.5
689,726,10.0
689,763,24.0
689,764,10.0
689,765,8.0
689,885,4.0
689,983,10.0
689,996,6.0
689,1010,41.0
689,1012,26.5
689,1055,47.0
689,1074,75.0
689,1075,10.0
689,1085,29.0
689,1119,10.0
689,1126,31.0
689,1177,28.0
689,1188,10.0
689,1300,16.0
690,20,75.0
690,52,20.0
690,107,6.0
690,179,8.0
690,221,10.0
690,285,11.0
690,294,26.5
690,297,70.0
690,345,10.0
690,368,10.0
690,425,11162.3
690,465,178.0
690,483,10.0
690,521,14.0
690,525,38.0
690,544,374.0
690,605,59.0
690,623,10.0
690,656,10.0
690,701,10.0
690,733,27.0
690,824,126.0
690,865,11.0
690,925,10.0
690,998,48.0
690,1061,16.0
690,1109,56.0
690,1124,7.0
690,1186,7301.1
690,1233,14.0
690,1274,20.0
690,1294,10.0
691,18,12.0
691,33,12.0
691,144,10.0
691,205,9566.95
691,240,10.0
691,289,18.0
691,356,10.0
691,366,10.0
691,370,29.0
691,374,10.0
691,395,55.0
691,453,7926.9
691,454,5975.85
691,537,25.0
691,612,17.0
691,678,10.0
691,700,10.0
691,756,90.0
691,815,20.5
691,907,10.0
691,934,10.0
691,1033,19.0
691,1039,26.0
691,1129,10.0
691,1130,173.0
691,1221,17.0
691,1228,869.0
691,1241,40.0
691,1282,10174.35
691,1283,1432.6
691,1327,10.0
692,4,14.0
692,45,40.0
692,46,10.0
692,78,30.5
692,123,115.0
692,155,12.0
692,183,11.0
692,191,12.0
692,224,10.0
692,251,10.0
692,312,10.0
692,314,10.0
692,503,10.0
692,513,2689.5
692,531,13.0
692,564,10.0
692,569,10.0
692,577,10.0
692,601,10.0
692,731,12.0
692,780,191.0
692,810,50.0
692,863,352.0
692,866,86.0
692,977,6454.700000000001
692,987,10.0
692,990,10.0
692,1019,10.0
692,1054,418.0
692,1130,10.0
692,1137,5280.4
692,1165,10.0
692,1179,10.0
692,1196,10514.65
692,1206,25.3
693,23,44.0
693,31,10.0
693,36,41.0
693,215,10638.15
693,254,16.0
693,255,10.0
693,257,12.0
693,367,10.0
693,371,52.0
693,384,22.0
693,400,10.0
693,426,18.0
693,445,10.0
693,459,18.0
693,539,10.0
693,540,10.0
693,574,10.0
693,623,370.15
693,626,10.0
693,727,8257.7
693,731,10.0
693,751,3334.0
693,782,1124.0
693,842,10.0
693,916,4191.2
693,991,26.0
693,1052,18.0
693,1096,24.0
693,1118,10.0
693,1144,10.0
693,1155,818.0
693,1169,65.0
693,1203,77.0
693,1235,11.0
693,1315,10.0
693,1316,25.0
693,1358,27.0
694,23,10.0
694,81,10.0
694,121,83.0
694,144,59.0
694,169,597.0
694,186,39.0
694,187,40.0
694,201,10.0
694,212,485.0
694,241,225.0
694,246,316.0
694,249,22.0
694,257,6.0
694,272,36.0
694,274,10.0
694,275,97.0
694,281,10.0
694,294,16.0
694,304,34.0
694,312,10.0
694,315,1238.0
694,333,213.0
694,397,19.0
694,428,8.0
694,446,10.0
694,467,50.0
694,476,15.0
694,488,20.0
694,508,10.0
694,517,12.0
694,559,21.0
694,571,308.0
694,574,49.0
694,591,10.0
694,622,4.0
694,647,10.0
694,669,27.0
694,712,10.0
694,725,37.0
694,791,889.05
694,845,25.0
694,908,180.0
694,947,11.0
694,965,24.0
694,976,192.0
694,1080,98.0
694,1088,10.0
694,1089,121.0
694,1144,10.0
694,1158,23.0
694,1169,134.0
694,1181,10.0
694,1206,13.0
694,1216,10.0
694,1269,68.0
694,1273,92.0
694,1341,13.0
695,70,10.0
695,179,3.0
695,182,65.0
695,289,8722.65
695,315,5.0
695,362,50.0
695,421,511.0
695,423,10.0
695,442,58.0
695,458,10.0
695,514,6.0
695,523,187.0
695,552,176.0
695,664,10.0
695,687,50.0
695,746,194.0
695,763,30.0
695,946,194.0
695,1025,3.0
695,1038,4853.55
695,1055,8983.75
695,1083,3.0
695,1123,9427.0
695,1131,12.0
695,1204,10.0
697,161,14.0
697,282,10.0
697,284,74.0
697,296,10.0
697,347,10.0
697,403,24.0
697,442,21.0
697,478,897.0
697,516,10.0
697,535,10164.5
697,565,141.0
697,664,55.0
697,675,9.0
697,858,10.0
697,876,53.0
697,1033,102.0
697,1037,7375.05
697,1076,12.0
697,1122,5393.3
697,1123,34.0
697,1189,10.25
697,1242,52.0
697,1343,40.0
698,84,46.0
698,94,13.0
698,109,182.0
698,124,10.0
698,221,29.0
698,281,10.0
698,288,10.0
698,416,29.0
698,451,16.0
698,479,10.0
698,544,6.0
698,588,10.0
698,721,14.0
698,758,10.0
698,780,10.0
698,790,19.0
698,803,82.0
698,860,711.0
698,866,10.0
698,918,119.0
698,925,3291.25
698,928,259.0
698,961,4484.35
698,1001,4.0
698,1004,12.0
698,1006,10.0
698,1021,10.0
698,1060,10.0
698,1124,1013.0
698,1179,7554.299999999999
698,1208,17.0
698,1215,108.0
698,1240,21.0
698,1252,26.0
698,1254,32.0
698,1289,2183.25
698,1356,12.0
699,9,6.0
699,38,61.0
699,40,49.0
699,45,10.0
699,49,10.0
699,75,925.85
699,103,12.0
699,143,30.0
699,160,5025.0
699,172,10.0
699,201,27.0
699,207,71.0
699,271,66.0
699,340,53.0
699,374,191.0
699,438,3192.45
699,450,20.0
699,466,55.0
699,474,440.0
699,568,17.0
699,709,139.0
699,796,3307.2
699,806,79.0
699,809,11.0
699,851,10.0
699,861,37.0
699,867,78.0
699,893,10.0
699,898,11.0
699,905,112.0
699,957,6.0
699,961,76.0
699,962,10.0
699,964,10.0
699,968,10.0
699,1022,10.0
699,1045,6.0
699,1062,206.0
699,1087,20.0
699,1139,12.0
699,1150,55.0
699,1168,146.0
699,1190,10.0
699,1193,10.0
699,1206,148.0
699,1225,10.0
699,1234,10.0
699,1241,312.0
699,1256,11.0
699,1265,3152.5
699,1290,242.0
699,1318,10.0
699,1349,18.0
700,77,43.0
700,116,10.0
700,126,6.0
700,132,19.0
700,138,77.0
700,165,10.0
700,175,11.0
700,208,8770.0
700,244,8.0
700,261,10.0
700,292,10.0
700,296,27.0
700,300,7971.25
700,433,10.0
700,492,10.0
700,516,86.0
700,530,6146.4
700,551,10.0
700,573,35.0
700,582,28.0
700,609,10.0
700,629,10.0
700,648,12.0
700,687,10.0
700,691,10.0
700,768,111.0
700,855,10.0
700,934,11.0
700,1030,10.0
700,1093,10796.95
700,1158,10.0
700,1192,28.0
700,1283,6.0
700,1300,10.0
700,1361,211.15
701,3,10.0
701,19,10.0
701,52,442.0
701,76,30.0
701,213,79.0
701,229,47.0
701,288,20.0
701,329,20.0
701,340,50.0
701,352,10.0
701,382,11.0
701,425,27.0
701,444,38.0
701,452,20.0
701,521,10.0
701,524,4885.95
701,525,10.0
701,588,205.0
701,621,15.0
701,635,52.0
701,690,10.0
701,710,9137.85
701,721,10.0
701,733,10.0
701,802,13.0
701,804,45.0
701,824,175.0
701,884,81.0
701,942,50.0
701,957,10.0
701,964,13.0
701,998,16.0
701,1079,10.0
701,1080,17.0
701,1109,39.0
701,1209,10.0
701,1256,37.0
701,1294,10.0
701,1326,63.0
702,5,10.0
702,57,3133.7
702,64,16.0
702,120,10.0
702,133,29.0
702,153,10.0
702,208,10.0
702,242,10.0
702,244,16.0
702,266,3598.45
702,335,8.0
702,347,10.0
702,456,10.0
702,468,10.0
702,493,6.0
702,596,7307.55
702,617,13.0
702,628,1484.0
702,724,11.0
702,801,21.0
702,822,55.0
702,850,15.0
702,858,10.0
702,955,33.0
702,1010,96.0
702,1012,10.0
702,1033,22.0
702,1069,33.0
702,1070,7447.35
702,1126,96.0
702,1148,13.0
702,1158,10.0
702,1175,19.0
702,1253,57.0
702,1276,10.0
702,1307,40.0
702,1310,9730.4
702,1313,46.0
702,1331,10.0
702,1345,26.5
702,1346,5875.900000000001
702,1360,29.0
703,251,10.0
703,280,6.0
703,410,493.0
703,500,10.0
703,623,10.0
703,625,10.0
703,662,8801.0
703,663,10.0
703,674,10.0
703,820,16.0
703,869,10.0
703,878,2464.2
703,921,10.0
703,924,6.0
703,951,10.0
703,965,12.0
703,1066,33.0
703,1075,10.0
703,1079,3971.85
703,1150,10.0
703,1167,10.0
704,10,2260.5
704,50,10.0
704,89,55.0
704,114,222.0
704,140,29.0
704,164,13.0
704,169,185.0
704,196,46.0
704,241,53.0
704,320,24.0
704,353,76.0
704,367,3405.45
704,496,52.0
704,616,330.0
704,672,700.75
704,877,25.0
704,903,2132.0
704,931,10.0
704,939,10.0
704,954,31.0
704,972,117.0
704,991,10.0
704,1019,5.0
704,1088,10.0
704,1091,37.0
704,1146,16.0
704,1154,302.0
704,1191,42.0
704,1201,20.5
704,1226,12.0
704,1235,10.0
704,1259,17.0
704,1263,9500.4
704,1323,324.0
706,54,107.0
706,63,10.0
706,96,70.0
706,134,10.0
706,142,307.0
706,167,10.0
706,226,47.0
706,266,10.0
706,289,39.0
706,335,1839.8
706,414,12.0
706,463,10.0
706,515,10.0
706,520,10.0
706,552,1363.0
706,562,10.0
706,589,652.0
706,612,10.0
706,624,10.0
706,629,20.0
706,723,3.0
706,740,30.0
706,765,10.0
706,813,40.0
706,814,11.0
706,816,29.0
706,822,10.0
706,823,10.0
706,876,182.0
706,885,10.0
706,932,10.0
706,946,11.0
706,967,2338.45
706,1039,3407.3
706,1066,2902.65
706,1067,10.0
706,1074,39.0
706,1093,6.0
706,1125,12.0
706,1175,15.0
706,1184,10975.3
706,1189,10.0
706,1245,6.0
706,1324,309.0
706,1338,13.0
706,1339,49.0
706,1357,4801.0
709,38,38.0
709,75,26.0
709,103,10.0
709,222,4401.25
709,229,10.0
709,302,639.0
709,306,57.0
709,365,647.0
709,375,7.0
709,379,10.0
709,398,10.0
709,413,78.0
709,451,13.0
709,466,62.0
709,592,10.0
709,602,4604.8
709,613,2083.7
709,618,20.0
709,671,10.0
709,699,139.0
709,729,1887.85
709,755,53.0
709,847,10.0
709,861,42.0
709,863,10.0
709,901,10.0
709,905,109.0
709,913,10.0
709,924,609.0
709,949,27.0
709,987,10.0
709,1011,4.0
709,1057,17.0
709,1109,10.0
709,1161,10.0
709,1197,10.0
709,1206,10.0
709,1233,10.0
709,1335,579.0
710,32,6.0
710,52,231.0
710,139,10.0
710,184,10.0
710,213,127.0
710,229,32.0
710,275,34.85
710,288,13.0
710,382,10.0
710,425,10.0
710,428,10.0
710,466,13.0
710,524,8960.75
710,588,224.0
710,602,27.0
710,616,2225.8
710,635,188.0
710,644,3.0
710,701,9137.85
710,733,107.0
710,749,17.0
710,804,6.0
710,812,43.0
710,834,9.0
710,884,28.0
710,942,10.0
710,964,12.0
710,965,10.0
710,986,34.0
710,1021,10.0
710,1064,172.0
710,1109,40.0
710,1139,10.0
710,1154,5116.2
710,1161,16.0
710,1290,10.0
710,1312,10.0
710,1326,118.0
711,17,13.0
711,32,15.0
711,45,139.0
711,56,867.7
711,71,10.0
711,80,3321.3
711,87,1311.4
711,101,45.0
711,186,8107.05
711,479,1668.0
711,587,10.0
711,669,12.0
711,776,10.0
711,798,9272.65
711,848,11.0
711,851,14.0
711,897,31.0
711,963,11.0
711,971,60.0
711,1041,10.0
711,1127,35.0
711,1150,167.0
711,1196,15.0
711,1240,11.0
712,71,10.0
712,124,18.0
712,184,10.0
712,186,587.0
712,188,10.0
712,191,3602.35
712,249,12.0
712,375,49.0
712,408,10.0
712,434,10.0
712,476,19.0
712,694,10.0
712,756,10.0
712,821,13.0
712,845,10.0
712,893,10.0
712,905,11.0
712,921,21.0
712,941,20.0
712,963,10.0
712,982,8102.1
712,1047,26.5
712,1083,12.0
712,1130,10.0
712,1180,10.0
712,1205,4558.75
712,1234,96.0
712,1241,24.0
712,1255,3655.75
712,1269,11089.3
712,1285,164.0
713,111,10.0
713,198,307.0
713,202,10.0
713,240,330.0
713,259,10.0
713,285,20.0
713,392,10.0
713,431,159.0
713,443,10.0
713,559,1456.0
713,569,397.0
713,579,44.0
713,587,10.0
713,621,10.0
713,818,10.0
713,861,14.0
713,865,11.0
713,910,296.0
713,915,943.0
713,923,654.0
713,961,20.5
713,962,10.0
713,969,10.0
713,988,12.0
713,1058,10.0
713,1079,4634.95
713,1083,1322.0
713,1174,37.0
713,1224,200.0
713,1286,10.0
714,34,2390.3
714,75,10.0
714,109,18.0
714,110,6982.65
714,149,27.0
714,153,184.0
714,201,12.0
714,229,10.0
714,281,123.0
714,348,16.0
714,408,10.0
714,413,10.0
714,471,21.0
714,486,3683.25
714,488,10.0
714,532,2545.2
714,581,7586.95
714,584,10.0
714,592,6980.5
714,602,10.0
714,634,10.0
714,770,27.0
714,773,10.0
714,806,10.0
714,819,10.0
714,827,10.0
714,898,6.0
714,913,16.0
714,941,10.0
714,1023,10.0
714,1035,159.0
714,1060,3146.0
714,1064,10.0
714,1082,205.15
714,1094,4.0
714,1115,10.0
714,1284,42.0
714,1289,10.0
714,1303,10.0
715,1,26.0
715,12,21.0
715,13,10.0
715,14,10.0
715,45,254.0
715,56,20.5
715,80,10796.65
715,85,40.0
715,87,2842.0
715,107,12.0
715,149,10.0
715,157,11.0
715,180,10.0
715,185,39.0
715,186,8530.15
715,207,17.0
715,249,139.0
715,299,2705.0
715,325,10.0
715,336,13.0
715,361,15.0
715,408,13.0
715,416,10.0
715,479,15.0
715,485,11.0
715,532,102.0
715,538,10.0
715,584,29.0
715,616,13.0
715,676,28.0
715,731,10.0
715,733,11.0
715,736,10.0
715,782,10.0
715,804,9.0
715,811,24.0
715,821,18.0
715,872,10.0
715,933,10.0
715,965,1204.05
715,1004,10.0
715,1021,33.0
715,1035,10.0
715,1094,10.0
715,1111,74.0
715,1112,10.0
715,1115,1823.0
715,1154,26.0
715,1199,10.0
715,1216,20.0
715,1292,36.5
715,1303,113.0
715,1328,17.0
716,79,11.0
716,104,31.0
716,114,13.0
716,155,6.0
716,185,10.0
716,199,14.0
716,315,22.0
716,319,17.0
716,368,10.0
716,424,11.0
716,431,13.0
716,586,10857.2
716,595,10.0
716,604,20.5
716,626,10.0
716,657,11.0
716,665,15.0
716,910,18.0
716,979,7203.15
716,999,3467.5
717,53,9.0
717,54,14.0
717,57,10.0
717,83,18.0
717,99,91.0
717,144,10.0
717,175,10.0
717,197,31.5
717,199,68.0
717,202,10.0
717,262,10309.4
717,266,8.0
717,299,10.0
717,321,13.0
717,360,44.0
717,468,10.0
717,511,129.0
717,644,10.0
717,687,12.0
717,797,10.0
717,831,10.0
717,844,53.0
717,1000,82.0
717,1010,20.0
717,1025,1320.0
717,1076,28.0
717,1085,10.0
717,1119,92.0
717,1126,6017.0
717,1202,11.0
717,1220,13.0
717,1356,10.0
718,12,10.0
718,234,6795.6
718,267,2074.2
718,431,21.0
718,507,17.0
718,564,3.0
718,742,648.0
718,895,903.0
718,950,660.0
718,1009,11.0
719,15,2827.15
719,89,13.0
719,96,13.0
719,169,12.0
719,194,46.0
719,210,14.0
719,253,69.0
719,332,3.0
719,418,14.35
719,420,11.0
719,433,15.0
719,468,10.0
719,491,16.0
719,530,10.0
719,536,12.0
719,565,10.0
719,566,10.0
719,667,3.0
719,673,103.0
719,677,10.0
719,746,10.0
719,789,10.0
719,797,21.0
719,832,790.8
719,856,10.0
719,862,13.0
719,887,18.0
719,892,17.0
719,1063,6286.75
719,1090,9441.45
719,1189,46.0
719,1192,191.0
719,1220,20.0
719,1271,10.0
719,1324,16.0
719,1353,50.35
719,1361,10.0
720,16,11.0
720,55,20.0
720,63,41.0
720,112,50.0
720,133,10.0
720,142,1448.0
720,173,10.0
720,177,23.0
720,218,2049.1
720,238,10.0
720,290,10.0
720,478,18.0
720,516,10474.3
720,573,48.0
720,630,10.0
720,686,10.0
720,746,10.0
720,747,10.0
720,815,16.0
720,851,37.0
720,885,23.0
720,892,10.0
720,971,26.0
720,1033,8079.15
720,1039,96.0
720,1046,2764.2
720,1207,10.0
720,1229,251.0
720,1244,11.0
720,1250,8938.85
720,1316,10.0
720,1331,3884.5
720,1357,204.0
720,1361,10.0
721,7,90.0
721,68,10.0
721,76,8519.8
721,94,116.0
721,211,10.0
721,281,3825.9
721,297,9.0
721,312,10.0
721,331,8638.3
721,397,10.0
721,428,96.0
721,451,10672.65
721,602,10.0
721,698,14.0
721,701,10.0
721,731,10.0
721,756,10.0
721,796,230.0
721,865,10.0
721,897,26.5
721,951,17.0
721,963,151.0
721,978,212.0
721,987,3921.0
721,997,32.0
721,1086,96.0
721,1109,8.0
721,1129,137.0
721,1136,10.0
721,1252,36.0
721,1349,49.0
723,54,13.0
723,69,80.0
723,171,37.0
723,182,15.0
723,205,10.0
723,245,208.0
723,277,10.0
723,290,10.0
723,300,32.8
723,360,10.0
723,372,27.0
723,417,13.0
723,439,12.0
723,494,21.0
723,516,363.0
723,579,10.0
723,599,22.0
723,688,24.0
723,706,3.0
723,816,11.0
723,850,15.0
723,854,210.0
723,934,8587.1
723,956,10.0
723,985,8871.6
723,1029,10.0
723,1033,11.0
723,1067,14.0
723,1093,10.0
723,1207,10.0
723,1288,21.0
723,1307,171.0
723,1310,22.0
723,1339,148.0
724,115,15.0
724,223,10585.3
724,296,21.0
724,330,11.0
724,399,10.0
724,417,8.2
724,436,181.6
724,442,10.0
724,456,10.0
724,578,10.0
724,599,10.0
724,661,15.0
724,678,10.0
724,684,10.0
724,702,11.0
724,726,43.0
724,797,10.0
724,835,7919.1
724,845,22.0
724,929,3.0
724,971,10.0
724,981,12.0
724,1037,17.0
724,1074,42.0
724,1090,10.0
724,1122,40.0
724,1189,22.0
724,1192,414.0
724,1202,10.0
724,1214,44.0
724,1220,10.0
724,1246,10.0
724,1271,10.0
724,1279,382.0
724,1283,679.0
724,1296,325.1
724,1310,29.0
724,1314,3196.9
724,1325,14.0
725,45,13.0
725,81,81.0
725,102,97.0
725,140,20.5
725,189,60.0
725,219,417.0
725,243,10.0
725,264,10704.3
725,291,89.0
725,294,10.0
725,323,11.0
725,340,5.0
725,443,34.0
725,460,371.0
725,571,10.0
725,651,10.0
725,654,20.5
725,694,37.0
725,738,10.0
725,744,17.0
725,859,36.0
725,860,10.0
725,926,32.55
725,939,20.5
725,954,8860.5
725,972,6427.2
725,1018,22.0
725,1026,161.0
725,1113,10.0
725,1166,6845.35
725,1197,10.0
725,1225,10.0
725,1257,36.0
725,1259,20.5
725,1270,34.0
725,1305,11.0
725,1320,10.0
726,15,10.0
726,55,10.0
726,63,36.0
726,91,10.0
726,112,169.15
726,120,10.0
726,128,12.0
726,167,22.55
726,177,10.0
726,194,3.0
726,202,10.0
726,223,88.0
726,228,10.0
726,276,2024.5
726,284,10855.3
726,298,10.0
726,394,5638.65
726,407,10.0
726,414,26.0
726,519,15.0
726,530,10.0
726,546,10.0
726,566,7.0
726,644,10.0
726,661,21.0
726,689,10.0
726,705,2797.25
726,724,43.0
726,747,59.0
726,763,11.0
726,765,45.1
726,805,10.0
726,841,17.0
726,855,11.0
726,856,10.0
726,967,7.0
726,971,21.0
726,1037,10.0
726,1038,10.0
726,1069,12.0
726,1122,20.0
726,1135,1522.0
726,1188,63.0
726,1192,10.0
726,1214,38.0
726,1238,24.0
726,1245,13.0
726,1310,10.0
726,1314,10.0
726,1343,16.0
726,1350,13.0
726,1360,13.0
726,1363,12.0
727,12,10.0
727,49,10.0
727,79,15.0
727,108,19.0
727,209,10.0
727,212,10.0
727,215,10455.5
727,254,25.0
727,255,23.0
727,294,977.6
727,314,18.0
727,328,27.0
727,336,12.0
727,353,24.0
727,371,18.0
727,384,16.0
727,412,597.0
727,464,27.0
727,467,17.0
727,574,29.0
727,602,93.0
727,623,3855.2
727,651,10.0
727,683,10.0
727,693,8257.7
727,751,3756.25
727,778,11.0
727,782,20.0
727,795,12.0
727,844,10.0
727,868,10.0
727,891,10.0
727,931,10.0
727,991,18.0
727,999,10.0
727,1026,29.0
727,1089,47.0
727,1169,71.0
727,1190,10.0
727,1201,19.0
727,1203,113.0
727,1295,15.0
727,1305,14.0
727,1311,1081.0
727,1315,10.0
727,1351,10.0
727,1358,10.0
729,13,6.0
729,56,10.0
729,106,10.0
729,117,27.0
729,146,10.0
729,172,10.0
729,190,10.0
729,237,20.5
729,247,11.0
729,248,10.0
729,299,21.0
729,348,10.0
729,404,10.0
729,406,66.0
729,409,14.0
729,455,18.0
729,459,14.0
729,499,41.0
729,529,16.0
729,533,364.7
729,537,10.0
729,585,28.7
729,588,291.0
729,601,20.0
729,613,4271.85
729,626,90.0
729,709,1887.85
729,756,10.0
729,779,4611.95
729,863,11.0
729,878,20.5
729,889,4.0
729,902,34.0
729,928,3.0
729,942,16.0
729,1011,3.0
729,1028,13.0
729,1059,10.0
729,1156,15.0
729,1165,15.0
729,1166,20.5
729,1181,10.0
729,1188,16.0
729,1196,529.0
729,1197,12.0
729,1225,14.0
729,1316,27.0
730,0,10.0
730,5,10.0
730,22,10.0
730,27,10.0
730,88,3617.0
730,89,10.0
730,96,19.0
730,115,10.0
730,144,396.0
730,187,1030.0
730,202,304.0
730,228,58.0
730,240,10.0
730,269,3760.85
730,305,14.0
730,322,26.0
730,372,26.5
730,383,10.0
730,392,10955.65
730,407,10.0
730,414,30.0
730,431,10.0
730,441,13.0
730,473,11.0
730,512,10.0
730,523,36.0
730,565,35.0
730,573,10.0
730,579,102.0
730,609,11.0
730,654,10.0
730,678,10.0
730,778,79.0
730,819,10.0
730,910,19.0
730,914,173.0
730,920,1722.8
730,962,20.5
730,985,10.0
730,988,10.0
730,1016,10.0
730,1018,155.0
730,1036,19.0
730,1093,10.0
730,1158,3372.0
730,1224,31.0
730,1310,10.0
730,1317,11.0
730,1321,10.0
731,4,11162.3
731,61,12.0
731,132,495.0
731,136,2708.85
731,239,12.0
731,257,532.0
731,348,42.0
731,385,58.0
731,387,77.0
731,416,10.0
731,450,73.0
731,469,12.0
731,524,16.0
731,542,10.0
731,544,43.0
731,571,11.0
731,591,20.0
731,606,10.0
731,653,10.0
731,692,12.0
731,693,10.0
731,715,10.0
731,721,10.0
731,757,885.0
731,782,12.0
731,792,897.0
731,796,13.0
731,824,66.0
731,827,11.0
731,845,11.0
731,851,14.0
731,881,12.0
731,914,24.0
731,925,4.0
731,943,880.0
731,977,22.0
731,1022,19.0
731,1027,23.0
731,1045,20.0
731,1052,5665.05
731,1062,78.0
731,1130,10.0
731,1142,10.0
731,1201,10.0
731,1234,10.0
731,1237,66.0
731,1240,18.0
731,1241,10.0
731,1252,7514.35
731,1275,10.0
731,1290,29.0
731,1323,113.0
731,1342,17.0
732,15,10.0
732,59,583.45
732,152,10.0
732,226,14.0
732,232,41.0
732,293,639.0
732,328,10.0
732,357,10.0
732,478,12.0
732,494,10.0
732,523,10.0
732,551,10.0
732,552,3878.1
732,592,10.0
732,604,41.0
732,708,49.0
732,746,10.0
732,801,635.0
732,813,42.6
732,874,963.0
732,1063,336.0
732,1076,1066.0
732,1104,13.0
732,1242,1120.25
732,1244,2213.7
732,1247,6.0
732,1251,10.0
732,1343,12.0
733,1,10.0
733,75,20.5
733,76,10.0
733,80,10.0
733,87,10.0
733,127,28.0
733,229,34.0
733,236,5104.25
733,387,50.0
733,425,40.0
733,507,10.0
733,621,20.0
733,690,27.0
733,701,10.0
733,710,107.0
733,715,11.0
733,804,10690.2
733,884,64.0
733,945,707.0
733,958,317.0
733,969,15.0
733,970,5075.7
733,986,1461.0
733,998,121.0
733,1137,5842.05
733,1159,2218.0
733,1290,13.0
733,1328,9012.8
735,26,67.0
735,40,450.0
735,70,81.0
735,99,44.0
735,119,6.0
735,157,10.0
735,160,196.0
735,172,6991.95
735,291,20.0
735,299,1239.85
735,321,10.0
735,334,45.0
735,352,10.0
735,416,10.0
735,419,10.0
735,438,11.0
735,458,10.0
735,464,10.0
735,507,10.0
735,584,47.0
735,598,12.0
735,655,102.0
735,671,11.0
735,674,10.0
735,683,29.0
735,696,10.0
735,851,421.35
735,871,17.0
735,896,18.0
735,898,10.0
735,943,26.5
735,945,72.0
735,957,12.0
735,963,10.0
735,970,17.0
735,991,10.0
735,1018,12.0
735,1022,20.0
735,1030,14.0
735,1044,20.0
735,1045,10.0
735,1077,10.0
735,1084,32.8
735,1193,19.0
735,1208,29.0
735,1215,2054.1
735,1265,10.0
735,1291,28.0
735,1292,4361.4
735,1293,8.0
735,1356,69.0
736,75,11.0
736,185,10.0
736,188,10.0
736,191,2829.2
736,206,175.0
736,224,10.0
736,270,10.0
736,272,10.0
736,274,84.0
736,325,10.0
736,336,28.0
736,375,6.0
736,382,71.0
736,412,102.0
736,473,157.0
736,476,10.0
736,519,103.0
736,526,10.0
736,637,14.0
736,663,2785.0
736,671,779.0
736,715,10.0
736,755,3.0
736,811,10.0
736,871,10.0
736,878,10.0
736,921,51.0
736,980,19.0
736,1023,174.0
736,1041,3476.9
736,1043,14.0
736,1057,10.0
736,1153,4691.15
736,1205,8682.7
736,1206,548.0
736,1295,10.0
736,1351,10.0
737,54,2890.95
737,69,45.0
737,141,6.0
737,175,2498.75
737,184,49.0
737,329,10.0
737,333,10.0
737,366,7208.35
737,373,10640.3
737,386,25.0
737,407,874.0
737,418,10.0
737,427,420.15
737,511,217.0
737,547,10.0
737,548,453.0
737,550,47.0
737,555,2131.0
737,564,17.0
737,608,13.0
737,778,51.0
737,829,11.0
737,1016,26.5
737,1117,532.0
737,1231,22.0
737,1293,242.0
737,1321,17.0
737,1332,4357.5
737,1342,10.0
738,69,12.0
738,81,110.0
738,83,160.0
738,99,48.0
738,136,84.0
738,160,10.0
738,164,10.0
738,246,66.0
738,291,110.0
738,316,15.0
738,333,10.0
738,390,10.0
738,392,13.0
738,514,21.0
738,517,26.0
738,539,26.5
738,541,15.0
738,567,143.0
738,571,78.0
738,611,53.0
738,622,6547.75
738,646,12.0
738,654,6459.25
738,725,10.0
738,784,10.0
738,860,62.0
738,906,9712.3
738,926,6833.55
738,954,285.0
738,972,39.0
738,1025,127.0
738,1026,10.0
738,1089,107.0
738,1110,12.0
738,1113,34.0
738,1120,8403.55
738,1144,6638.65
738,1169,35.0
738,1210,106.0
738,1265,76.0
738,1275,10.0
739,40,3.0
739,70,10.0
739,131,194.0
739,164,56.0
739,233,15.0
739,240,2483.05
739,291,2333.0
739,353,10.0
739,397,10.0
739,400,22.0
739,488,27.0
739,505,10.0
739,569,10.0
739,610,186.0
739,665,9599.3
739,679,264.0
739,757,11.0
739,760,10.0
739,791,70.0
739,817,61.0
739,818,10.0
739,826,10.0
739,877,169.0
739,1034,239.9
739,1088,10.0
739,1091,89.0
739,1118,11.0
739,1210,7301.799999999999
739,1236,10.0
739,1263,15.0
739,1289,91.0
739,1311,67.0
740,5,10.0
740,63,56.0
740,98,51.15
740,173,33.0
740,210,15.0
740,356,10.0
740,417,10.0
740,418,10.0
740,430,10.0
740,448,1461.0
740,453,107.35
740,457,3.0
740,492,10.0
740,493,4444.4
740,520,2609.1
740,565,10.0
740,596,52.0
740,670,34.0
740,678,1454.0
740,685,10119.1
740,706,30.0
740,814,13.0
740,995,38.0
740,1012,2090.85
740,1093,10.0
740,1178,10.0
740,1184,30.0
740,1220,10.0
740,1228,2877.6
740,1232,10.0
740,1283,6002.9
740,1345,26.5
740,1346,56.0
744,49,1692.05
744,52,485.0
744,58,13.0
744,143,10.0
744,153,10.0
744,209,71.0
744,213,88.0
744,264,10.0
744,374,965.0
744,375,1015.0
744,415,76.0
744,476,13.0
744,540,10.0
744,571,33.0
744,620,6347.9
744,625,10.0
744,626,11.0
744,632,16.0
744,654,14.0
744,725,17.0
744,859,11162.3
744,918,10.0
744,941,7.0
744,957,13.0
744,1062,10.0
744,1086,20.5
744,1139,104.5
744,1140,35.0
744,1146,10.0
744,1221,22.0
744,1241,10.0
744,1281,106.0
744,1287,10.0
744,1290,71.0
744,1305,46.0
744,1322,10.0
745,95,10.0
745,100,21.0
745,135,9401.85
745,171,3101.95
745,318,25.0
745,442,14.0
745,468,10.0
745,822,10.0
745,835,10.0
745,880,10.0
745,885,16.0
745,967,12.0
745,990,3620.75
745,992,15.0
745,1037,23.0
745,1039,10.0
745,1063,10.0
745,1075,10.0
745,1107,10.0
745,1122,10.0
745,1247,6.0
745,1325,14.0
745,1357,12.0
746,18,19.0
746,37,10.0
746,59,10.0
746,96,10.0
746,130,11.0
746,210,10.0
746,226,7903.2
746,386,10.0
746,393,10.0
746,407,10.0
746,421,22.0
746,537,10.0
746,552,1033.0
746,567,10.0
746,578,10.0
746,650,1110.0
746,660,56.0
746,675,10.0
746,695,194.0
746,719,10.0
746,720,10.0
746,732,10.0
746,763,11.0
746,801,931.0
746,836,19.0
746,946,10.0
746,964,10.0
746,1089,10.0
746,1104,10.0
746,1123,1305.0
746,1125,30.0
746,1178,27.0
746,1184,110.0
746,1207,10.0
746,1244,14.0
747,25,49.0
747,59,10.0
747,142,9.0
747,144,10.0
747,152,580.15
747,153,2735.3
747,169,20.5
747,197,68.0
747,244,10.0
747,291,24.0
747,300,48.0
747,305,10.0
747,324,16.0
747,360,7768.5
747,372,10.0
747,407,70.0
747,445,10.0
747,470,20.0
747,534,10.0
747,536,10.0
747,565,9031.1
747,624,11.0
747,629,53.0
747,661,22.0
747,664,10.0
747,667,59.0
747,688,10.0
747,720,10.0
747,726,59.0
747,753,3777.1
747,805,10691.6
747,825,10.0
747,854,10.0
747,889,29.0
747,909,5706.95
747,1003,50.0
747,1128,131.0
747,1135,11.0
747,1144,53.0
747,1187,7.0
747,1188,137.0
747,1206,3.0
747,1238,10.0
747,1278,92.0
747,1327,10.0
747,1339,21.0
749,29,11.0
749,51,615.0
749,87,10.0
749,97,13.0
749,221,13.0
749,285,10.0
749,387,14.0
749,408,11.0
749,513,115.0
749,538,10.0
749,541,15.0
749,638,10.0
749,710,17.0
749,756,4838.549999999999
749,790,10.0
749,810,10.0
749,824,10.0
749,860,32.0
749,886,10.0
749,891,47.0
749,927,21.0
749,957,7037.85
749,1032,10.0
749,1041,10.0
749,1049,7.0
749,1053,19.0
749,1083,28.0
749,1111,20.0
749,1130,2295.3500000000004
749,1156,10.0
749,1159,73.0
749,1161,80.0
749,1168,7709.55
749,1241,10.0
749,1269,10.0
749,1270,46.0
749,1303,13.0
749,1309,6636.45
749,1326,10.0
749,1352,1008.6
750,151,10.0
750,246,70.0
750,251,104.0
750,285,12.0
750,395,226.0
750,412,1656.4
750,559,479.4
750,572,24.0
750,574,2885.1
750,587,217.75
750,641,16.0
750,657,15.0
750,812,10.0
750,823,10.0
750,861,50.0
750,890,10.0
750,907,10.0
750,915,23.0
750,937,154.0
750,1022,10.0
750,1036,8747.3
750,1065,19.0
750,1082,10.0
750,1098,10.0
750,1132,10.0
750,1287,15.0
751,23,26.0
751,36,10.0
751,40,43.0
751,108,29.0
751,123,13.0
751,141,10.0
751,151,15.0
751,209,45.05
751,215,6125.3
751,225,10.0
751,229,28.0
751,254,10.0
751,255,29.0
751,265,10.0
751,304,10.0
751,314,547.0
751,328,10.0
751,333,10.0
751,343,16.0
751,353,23.0
751,397,31.0
751,412,1135.0
751,426,15.0
751,541,25.0
751,559,27.0
751,564,10.0
751,568,23.0
751,623,3817.7
751,625,26.0
751,693,3334.0
751,727,3756.25
751,760,14.0
751,778,63.0
751,782,3.0
751,842,48.0
751,844,28.0
751,891,770.0
751,991,10.0
751,1007,36.0
751,1026,449.0
751,1065,10.0
751,1096,10.0
751,1140,258.0
751,1155,14.0
751,1166,20.5
751,1169,11.0
751,1201,55.0
751,1203,372.0
751,1295,31.0
751,1305,22.0
751,1311,11.0
751,1315,128.0
751,1316,10.0
751,1341,116.0
751,1351,4.0
751,1358,10.0
752,70,377.0
752,198,26.5
752,242,10.0
752,259,16.0
752,288,10.0
752,334,7774.45
752,337,7.0
752,419,51.0
752,444,92.0
752,655,47.0
752,680,4627.15
752,826,11070.6
752,831,10.0
752,915,10.0
752,926,10.0
752,972,10.0
752,985,10.0
752,988,10.0
752,1026,10.0
752,1052,21.0
752,1120,10.0
752,1185,4.0
752,1257,6.0
753,47,10.0
753,153,8222.75
753,156,335.0
753,169,20.5
753,187,16.0
753,197,914.25
753,200,10.0
753,214,22.0
753,546,125.0
753,600,622.0
753,643,107.0
753,708,92.0
753,747,3777.1
753,775,10.0
753,820,10.0
753,839,351.0
753,844,2955.6
753,846,331.05
753,862,371.0
753,909,3106.25
753,940,27.0
753,975,103.0
753,1010,12.0
753,1065,34.0
753,1126,10.0
753,1145,58.0
753,1204,1188.0
753,1232,6905.15
753,1248,333.0
753,1313,21.0
753,1348,270.0
753,1350,10.0
753,1353,784.0
754,43,10.0
754,52,10.0
754,107,3429.6
754,207,16.0
754,222,35.0
754,227,8348.45
754,247,26.0
754,409,11079.55
754,500,10.0
754,525,10.0
754,545,3.0
754,581,10.0
754,583,31.0
754,668,30.0
754,771,9.0
754,799,31.0
754,819,8.0
754,838,12.0
754,958,10.0
754,959,10.0
754,986,3.0
754,1011,8187.799999999999
754,1106,13.0
754,1167,8467.0
754,1190,46.0
754,1191,10.0
754,1225,47.1
754,1358,15.0
755,4,10.0
755,26,10.0
755,56,2737.05
755,75,17.0
755,124,10.0
755,176,5790.35
755,201,10.0
755,314,181.0
755,321,15.0
755,325,31.0
755,404,10.0
755,461,10.0
755,469,52.0
755,479,10.0
755,502,51.0
755,529,3.0
755,651,9.0
755,696,10.0
755,709,53.0
755,736,3.0
755,799,10704.35
755,803,436.0
755,831,10.0
755,860,10.0
755,871,11.0
755,904,88.0
755,944,10.0
755,1006,2292.6
755,1042,146.0
755,1062,10.0
755,1136,12.0
755,1137,10.0
755,1150,59.0
755,1188,10.0
755,1197,100.0
755,1206,21.0
755,1208,462.0
755,1320,10.0
756,9,11.0
756,38,10.0
756,49,12.0
756,71,84.0
756,184,25.0
756,209,10.0
756,211,122.0
756,213,256.0
756,221,76.0
756,229,10.0
756,236,18.0
756,274,9.0
756,302,77.0
756,306,11.0
756,307,10.0
756,314,144.0
756,329,29.0
756,340,78.0
756,370,69.0
756,374,218.0
756,380,10.0
756,395,10.0
756,412,10.0
756,426,116.0
756,450,10.0
756,512,59.0
756,538,16.0
756,568,58.0
756,592,70.0
756,638,1185.0
756,691,90.0
756,712,10.0
756,721,10.0
756,729,10.0
756,749,4838.549999999999
756,779,23.0
756,798,92.0
756,830,10.0
756,833,43.0
756,851,10.0
756,867,14.0
756,886,32.0
756,891,158.0
756,893,60.0
756,922,93.0
756,924,10.0
756,951,16.0
756,957,36.6
756,961,10.0
756,977,12.0
756,982,10.0
756,1021,15.0
756,1086,1672.0
756,1111,10.0
756,1129,24.0
756,1130,5431.15
756,1137,75.0
756,1161,50.0
756,1168,15.0
756,1216,65.0
756,1225,33.0
756,1228,147.0
756,1234,4664.35
756,1237,36.0
756,1241,3870.6
756,1252,6.0
756,1256,61.0
756,1302,17.0
756,1309,3550.7
756,1359,10.0
757,31,10.0
757,38,206.0
757,71,1809.85
757,81,96.0
757,103,10.0
757,104,119.0
757,216,99.0
757,365,10.0
757,397,10.0
757,398,10.0
757,505,10.0
757,533,10.0
757,567,47.0
757,574,11.0
757,575,33.5
757,594,10.0
757,643,25.0
757,653,46.0
757,656,2157.1
757,731,885.0
757,739,11.0
757,833,953.95
757,930,19.0
757,937,12.0
757,940,20.5
757,943,24.0
757,961,17.0
757,998,335.0
757,1006,20.0
757,1021,11.0
757,1022,37.0
757,1034,12.0
757,1065,10.0
757,1084,25.0
757,1105,10.0
757,1147,93.0
757,1240,307.0
757,1286,335.0
757,1315,20.5
758,12,36.0
758,94,10.0
758,97,10.0
758,306,25.0
758,341,345.0
758,365,15.0
758,451,14.0
758,476,28.45
758,483,22.0
758,486,21.0
758,499,10.0
758,529,10.0
758,583,12.0
758,613,116.0
758,626,6.0
758,649,10942.95
758,698,10.0
758,779,21.0
758,803,12.0
758,897,3649.7999999999997
758,898,25.0
758,928,93.0
758,961,10.0
758,964,31.0
758,969,38.0
758,997,10830.7
758,1042,10.0
758,1044,10.0
758,1045,13.0
758,1064,20.5
758,1106,10.0
758,1130,27.0
758,1137,13.0
758,1179,146.0
758,1252,37.0
758,1254,3351.75
758,1264,10.0
758,1358,10.0
759,985,72.0
759,1362,52.0
760,23,10.0
760,50,16.0
760,81,10.0
760,140,304.0
760,151,12.0
760,155,10.0
760,164,1714.0
760,315,20.5
760,333,10.0
760,464,10.0
760,505,45.0
760,508,10.0
760,579,14.0
760,610,9716.6
760,622,6308.45
760,654,10.0
760,679,10.0
760,739,10.0
760,751,14.0
760,818,10.0
760,842,10.0
760,849,10.0
760,860,283.0
760,877,7945.65
760,906,7816.45
760,931,1984.0
760,939,10.0
760,989,10.0
760,993,11.0
760,1088,11.0
760,1096,5892.1
760,1169,63.0
760,1191,31.0
760,1193,10.0
760,1259,23.0
760,1294,549.0
760,1311,13.0
760,1323,14.0
760,1341,716.4
760,1351,10.0
761,70,10.0
761,81,8133.4
761,88,11.0
761,99,54.0
761,115,22.0
761,175,85.0
761,233,13.0
761,239,8761.85
761,243,10.0
761,245,21.0
761,294,11.0
761,353,5079.05
761,370,10.0
761,388,92.0
761,407,23.0
761,412,10.0
761,416,57.0
761,483,16.0
761,488,14.0
761,542,4815.45
761,567,10.0
761,595,7472.5
761,910,10.0
761,988,6219.7
761,1052,10.0
761,1098,14.0
761,1129,45.0
761,1142,194.0
761,1190,25.0
761,1201,38.0
761,1208,43.0
761,1275,10.0
762,495,10.0
762,500,10.0
763,5,57.0
763,18,4890.95
763,63,10.0
763,126,10.0
763,158,967.0
763,192,10.0
763,256,26.5
763,270,5065.35
763,289,11.0
763,354,10.0
763,394,36.5
763,403,12.0
763,410,12.0
763,429,11.0
763,433,198.0
763,476,3.0
763,514,15.0
763,536,31.0
763,541,3.0
763,552,10.0
763,555,27.0
763,566,10.0
763,578,10.0
763,599,8.0
763,660,4869.9
763,689,24.0
763,695,30.0
763,726,11.0
763,746,11.0
763,841,18.0
763,892,10.0
763,922,10.0
763,956,11.0
763,990,10.0
763,1068,170.0
763,1102,36.0
763,1122,84.0
763,1135,9095.55
763,1148,46.0
763,1175,10.0
763,1188,10.0
763,1214,258.0
763,1223,282.0
763,1251,10.0
763,1275,10.0
763,1307,10.0
763,1313,76.0
763,1325,24.0
763,1343,20.5
763,1360,21.0
765,33,11.0
765,37,11.0
765,91,10.0
765,173,10.0
765,238,10.0
765,266,149.0
765,357,10.0
765,433,156.0
765,491,10.0
765,533,20.5
765,562,10977.45
765,582,25.0
765,596,10.0
765,630,7889.5
765,689,8.0
765,706,10.0
765,726,45.1
765,868,7975.0
765,922,13.0
765,940,10.0
765,946,10.0
765,955,10.0
765,967,19.0
765,1039,10.0
765,1066,10.0
765,1068,227.0
765,1074,231.0
765,1122,28.0
765,1148,192.0
765,1162,224.0
765,1207,10.0
765,1246,29.0
765,1248,10.0
765,1250,110.0
765,1313,1940.0
765,1357,11.0
765,1363,6117.9
767,295,5360.75
767,409,2847.7000000000003
767,464,10.0
767,500,7510.55
767,506,11.0
767,525,11.0
767,554,46.0
767,904,14.0
767,944,10.0
767,1011,45.0
767,1032,10.0
767,1042,374.0
767,1051,10.0
767,1061,7122.0
767,1099,10.0
767,1164,6392.8
767,1167,5840.95
767,1181,10.0
767,1264,24.0
767,1272,10.0
768,133,56.0
768,194,34.0
768,282,52.0
768,300,10.0
768,330,16.0
768,372,10.0
768,436,10.0
768,439,50.0
768,510,10.0
768,536,20.0
768,573,10.0
768,614,23.0
768,683,12.0
768,700,111.0
768,790,10.0
768,805,23.0
768,829,1762.0
768,1093,2601.55
768,1148,17.0
768,1189,6.0
768,1207,13.0
768,1278,11.0
768,1325,10.0
768,1361,2851.95
769,63,64.0
769,115,10.0
769,173,51.0
769,175,10.0
769,210,6075.35
769,218,10.0
769,244,14.0
769,296,10.0
769,366,10.0
769,418,111.0
769,429,10.0
769,433,10.0
769,435,31.0
769,442,10.0
769,468,15.0
769,493,14.0
769,515,30.0
769,566,117.0
769,596,10.0
769,600,14.0
769,688,149.0
769,772,7301.2
769,828,76.0
769,841,10.0
769,887,26.0
769,996,12.0
769,1029,201.0
769,1046,13.0
769,1070,16.0
769,1074,36.0
769,1126,81.0
769,1172,214.0
769,1175,20.0
769,1202,11.0
769,1212,10.0
769,1214,22.0
769,1278,10.0
769,1288,10.0
769,1339,13.0
769,1348,62.9
769,1354,16.0
770,7,10.0
770,9,11.0
770,20,521.0
770,107,13.0
770,272,16.0
770,307,16.0
770,340,10.0
770,404,20.5
770,466,10.0
770,479,23.0
770,485,10.0
770,714,27.0
770,884,5463.25
770,886,10.0
770,897,10.0
770,919,10.0
770,953,20.5
770,958,49.5
770,960,11046.75
770,1013,68.0
770,1027,10.0
770,1045,11.0
770,1106,26.5
770,1112,5131.75
770,1216,2978.1
770,1255,10.0
770,1305,67.0
771,1,20.0
771,19,1932.0
771,20,15.0
771,72,835.0
771,97,52.0
771,107,17.0
771,172,10.0
771,190,968.0
771,209,10.0
771,229,13.0
771,268,1405.0
771,307,2837.0
771,345,10.0
771,363,10.0
771,380,13.0
771,404,10.0
771,406,10.0
771,497,9215.15
771,503,1070.0
771,506,10.0
771,513,24.0
771,529,477.0
771,531,511.0
771,537,1165.0
771,557,888.0
771,585,10.0
771,616,10.0
771,618,5954.3
771,666,6926.2
771,754,9.0
771,780,63.0
771,806,3671.15
771,810,10.0
771,853,25.0
771,860,10.0
771,866,10.0
771,902,21.0
771,942,35.0
771,945,27.0
771,958,22.0
771,970,66.0
771,976,37.0
771,978,41.0
771,1022,27.0
771,1054,11.0
771,1059,10.0
771,1082,35.0
771,1131,8941.75
771,1155,17.0
771,1213,8.0
771,1264,10.0
771,1359,11.0
772,18,227.0
772,57,10.0
772,66,24.0
772,106,52.0
772,187,15.0
772,292,10.0
772,360,10.0
772,362,219.0
772,429,10940.05
772,439,6499.25
772,530,31.0
772,601,8.0
772,660,20.0
772,677,10.0
772,769,7301.2
772,839,1257.0
772,990,10.0
772,1122,6.0
772,1178,117.0
772,1220,25.0
772,1325,13.0
772,1348,6837.75
773,56,10.0
773,61,143.0
773,118,18.0
773,183,4507.3
773,285,10.0
773,368,43.0
773,415,10.0
773,440,15.0
773,476,10.0
773,483,5616.6
773,524,10.0
773,544,10.0
773,581,19.0
773,587,12.0
773,642,14.0
773,663,60.0
773,714,10.0
773,851,40.0
773,865,22.0
773,889,8345.6
773,918,10.0
773,923,10.0
773,941,9218.2
773,987,15.0
773,998,8.0
773,1001,159.0
773,1022,10.0
773,1026,10.0
773,1035,10.0
773,1124,2074.45
773,1136,21.0
773,1179,2440.35
773,1196,178.0
773,1208,10.0
773,1273,6.0
773,1286,123.0
773,1312,106.0
775,45,3.0
775,73,10.0
775,75,10.0
775,94,823.6
775,113,10.0
775,122,10.0
775,123,19.0
775,124,6.0
775,186,39.0
775,207,11.0
775,224,113.0
775,274,13.0
775,281,2580.8
775,329,17.0
775,331,2797.6
775,382,7439.35
775,385,10.0
775,412,17.0
775,428,17.0
775,476,38.0
775,488,10.0
775,525,4.0
775,532,13.0
775,577,11.0
775,642,18.0
775,696,5303.25
775,753,10.0
775,811,10.0
775,881,16.0
775,895,2034.0
775,904,10.0
775,914,10.0
775,918,26.0
775,948,14.0
775,1060,4149.2
775,1234,10.0
775,1235,10.0
775,1241,14.0
775,1298,1517.0
775,1323,15.0
775,1342,17.0
775,1359,114.0
776,164,15.0
776,201,10.0
776,247,21.0
776,275,10.0
776,281,86.0
776,338,10.0
776,459,12.0
776,500,569.0
776,525,7109.85
776,585,11.0
776,598,578.0
776,625,73.0
776,669,10.0
776,711,10.0
776,779,10.0
776,808,53.0
776,848,21.0
776,863,10.0
776,866,10.0
776,871,168.0
776,915,29.0
776,921,10.0
776,982,11.0
776,1013,10.0
776,1023,3.0
776,1064,16.0
776,1109,44.0
776,1254,62.0
776,1303,31.0
776,1304,24.0
776,1328,13.0
778,23,10.0
778,41,19.0
778,101,61.0
778,179,118.0
778,236,10.0
778,255,53.0
778,259,44.0
778,264,20.5
778,333,10.0
778,371,35.0
778,392,51.0
778,397,8805.65
778,411,494.0
778,415,324.0
778,494,15.0
778,539,20.5
778,550,426.0
778,574,19.0
778,588,6.0
778,608,10.0
778,620,24.0
778,623,405.0
778,645,29.0
778,654,20.5
778,727,11.0
778,730,79.0
778,737,51.0
778,751,63.0
778,792,27.0
778,827,28.0
778,845,10.0
778,895,43.0
778,926,20.5
778,930,6.0
778,948,77.0
778,1072,10.0
778,1110,1675.0
778,1117,10.0
778,1166,8849.4
778,1252,10.0
778,1298,82.0
779,47,14.0
779,58,287.0
779,73,37.0
779,84,10.0
779,143,135.0
779,178,354.0
779,204,346.0
779,285,77.0
779,340,83.0
779,363,10.0
779,379,106.0
779,382,10.0
779,412,11.0
779,434,10.0
779,440,10.0
779,445,230.0
779,452,61.0
779,503,10.0
779,533,4972.95
779,625,30.0
779,632,4684.1
779,696,14.0
779,729,4611.95
779,756,23.0
779,758,21.0
779,776,10.0
779,809,99.0
779,824,161.0
779,832,626.0
779,861,21.0
779,891,93.0
779,949,10.0
779,961,110.0
779,976,18.0
779,997,28.0
779,1021,115.0
779,1023,10.0
779,1028,8.0
779,1056,10.0
779,1057,21.0
779,1075,10.0
779,1099,42.0
779,1101,15.0
779,1156,328.0
779,1256,66.0
779,1349,18.0
780,30,10.0
780,51,532.0
780,125,36.0
780,136,22.0
780,190,17.0
780,307,147.0
780,331,10.0
780,374,52.0
780,450,25.0
780,466,7.0
780,488,10.0
780,503,10.0
780,531,10.0
780,592,10.0
780,635,44.0
780,659,130.0
780,692,191.0
780,698,10.0
780,771,63.0
780,798,10.0
780,848,3.0
780,913,19.0
780,951,19.0
780,1001,10.0
780,1003,10.0
780,1018,10.0
780,1021,18.0
780,1043,16.0
780,1047,13.0
780,1054,9287.75
780,1111,17.0
780,1161,3.0
780,1186,90.0
780,1264,16.0
780,1283,111.0
780,1301,136.0
780,1336,129.0
780,1356,28.0
782,4,227.0
782,46,10.0
782,132,30.0
782,136,13.0
782,160,27.0
782,195,10.0
782,302,54.0
782,323,815.0
782,365,41.0
782,502,7344.2
782,524,10.0
782,547,10.0
782,564,4.0
782,572,10.0
782,654,10.0
782,693,1124.0
782,715,10.0
782,727,20.0
782,731,12.0
782,751,3.0
782,806,43.0
782,845,112.0
782,884,42.0
782,902,10.0
782,977,18.0
782,1023,35.0
782,1034,10.0
782,1065,3597.65
782,1083,32.55
782,1147,38.0
782,1190,11.0
782,1201,194.0
782,1203,446.0
782,1277,37.0
782,1292,26.0
782,1299,10.0
782,1349,10.0
782,1359,4972.7
784,81,10.0
784,154,17.0
784,252,25.0
784,291,11.0
784,311,14.0
784,320,7242.25
784,419,3486.5
784,505,88.0
784,577,17.0
784,591,4376.15
784,611,17.0
784,738,10.0
784,930,10.0
784,937,5298.0
784,952,8606.9
784,961,10.0
784,1069,18.0
784,1147,16.0
784,1252,10.0
784,1277,10.0
784,1291,79.0
785,9,14.0
785,38,660.0
785,97,58.0
785,103,692.0
785,132,17.0
785,224,57.0
785,339,10.0
785,403,160.0
785,441,10.0
785,476,7462.1
785,479,16.0
785,488,20.0
785,513,35.0
785,583,7883.15
785,606,33.0
785,649,9868.3
785,790,6.0
785,812,13.0
785,860,31.0
785,871,10.0
785,886,10.0
785,897,14.0
785,947,10.0
785,997,343.0
785,1022,10.0
785,1043,10.0
785,1064,45.0
785,1117,314.9
785,1205,45.0
785,1254,24.6
785,1271,10.0
785,1272,63.0
785,1292,34.0
785,1302,14.0
785,1303,14.0
785,1359,10.0
786,261,1480.0
786,543,964.0
786,1173,18.0
788,66,10.0
788,68,10.0
788,152,10.0
788,308,12.0
788,393,12.0
788,470,10.0
788,523,57.4
788,609,95.0
788,650,594.25
788,677,195.0
788,683,10.0
788,688,10.0
788,823,19.0
788,974,3731.15
788,1046,22.0
788,1083,16.0
788,1137,10.0
788,1145,559.0
788,1182,10.0
788,1248,20.5
788,1279,1473.6
789,47,17.0
789,95,10.0
789,96,9.0
789,158,10.0
789,182,52.0
789,208,20.0
789,245,10.0
789,254,10.0
789,275,124.0
789,296,14.0
789,305,114.0
789,317,133.0
789,324,25.0
789,420,10.0
789,427,11.0
789,458,122.0
789,520,10.0
789,526,187.0
789,553,117.0
789,580,65.0
789,639,10.0
789,648,12.0
789,674,25.0
789,675,10805.9
789,687,16.0
789,708,10.0
789,719,10.0
789,823,45.0
789,825,10.0
789,856,19.0
789,909,65.0
789,959,148.0
789,962,8.0
789,1148,19.0
789,1158,1307.0
789,1165,10.0
789,1172,39.0
789,1207,10.0
790,70,294.0
790,78,3.0
790,115,16.0
790,125,10.0
790,132,26.5
790,160,91.0
790,207,5621.55
790,271,17.0
790,302,43.0
790,306,28.0
790,334,389.0
790,365,17.0
790,379,11.0
790,381,10.0
790,386,16.0
790,415,9.0
790,416,3961.4
790,438,93.0
790,443,156.0
790,450,58.0
790,451,16.0
790,452,50.0
790,465,19.0
790,500,10.0
790,577,10.0
790,592,10.0
790,603,3.0
790,635,4452.85
790,637,10.0
790,653,192.0
790,683,10.0
790,698,19.0
790,749,10.0
790,768,10.0
790,785,6.0
790,806,6.0
790,861,440.0
790,916,10.0
790,925,20.0
790,961,10.0
790,999,21.0
790,1021,337.0
790,1083,270.0
790,1084,10.0
790,1110,10.0
790,1206,10.0
790,1215,26.5
790,1277,83.0
790,1359,34.0
791,10,65.0
791,14,10.0
791,36,10.0
791,44,10.0
791,79,10.0
791,104,10.0
791,164,27.0
791,219,31.0
791,243,24.0
791,252,214.0
791,258,14.0
791,314,10.0
791,329,13.0
791,371,6272.55
791,467,10.0
791,505,18.0
791,550,62.0
791,563,15.0
791,569,13.0
791,586,10.0
791,590,10.0
791,594,49.0
791,595,10.0
791,611,20.0
791,657,10.0
791,672,10.0
791,679,7.0
791,694,889.05
791,739,70.0
791,817,10.0
791,818,24.0
791,877,10.0
791,908,6371.55
791,968,16.0
791,993,10.0
791,1019,7.0
791,1026,127.0
791,1028,13.0
791,1102,17.0
791,1113,10.0
791,1118,9539.15
791,1174,31.0
791,1190,10.0
791,1252,10.0
791,1287,10.0
791,1294,832.0
791,1341,16.0
792,4,10.0
792,176,23.0
792,304,10.0
792,336,12.0
792,365,28.0
792,405,10.0
792,494,10.0
792,507,13.0
792,588,5804.0
792,618,95.0
792,731,897.0
792,778,27.0
792,803,20.5
792,812,13.0
792,860,1718.75
792,863,16.0
792,884,14.0
792,943,2736.45
792,961,169.0
792,1022,12.0
792,1064,13.0
792,1084,2820.5
792,1087,108.0
792,1105,17.0
792,1117,29.0
792,1127,58.0
792,1160,10.0
792,1197,341.0
792,1215,234.0
792,1289,3057.65
792,1342,7805.7
793,60,14.0
793,84,14.0
793,155,11.0
793,216,19.0
793,219,28.0
793,297,36.0
793,319,10.0
793,437,10.0
793,484,23.0
793,517,18.0
793,550,6590.299999999999
793,611,10.0
793,676,3902.0
793,817,33.0
793,819,10.0
793,878,11.0
793,891,14.0
793,926,20.5
793,930,16.0
793,940,15.0
793,1002,24.0
793,1007,13.0
793,1110,20.5
793,1132,18.0
793,1142,125.55
793,1201,10.0
793,1211,9220.1
793,1221,8732.15
793,1270,3250.05
793,1287,5079.45
794,56,10.0
794,63,10.0
794,96,10.0
794,132,10.0
794,208,39.0
794,351,16.0
794,393,10.0
794,424,11.0
794,430,11.0
794,816,10.0
794,985,153.0
794,1031,13.0
794,1148,1011.9499999999999
794,1151,10.0
794,1184,12.0
794,1229,8646.55
794,1231,10.0
794,1317,10.0
794,1339,20.0
794,1363,16.0
795,49,10.0
795,51,10.0
795,119,26.5
795,157,10.0
795,241,10.0
795,334,23.0
795,397,27.0
795,508,6174.05
795,583,19.0
795,620,54.0
795,622,51.0
795,645,6675.95
795,654,20.0
795,727,12.0
795,810,10.0
795,906,64.0
795,923,10.0
795,926,15.0
795,1015,10.0
795,1022,10.0
795,1049,21.0
795,1058,11.0
795,1088,10.0
795,1091,10.0
795,1107,10.0
795,1140,43.0
795,1146,58.15
795,1169,27.0
795,1234,14.0
795,1241,11.0
795,1281,24.0
795,1303,19.0
795,1318,10.0
795,1322,10546.15
796,19,84.0
796,28,110.0
796,45,73.0
796,75,12.0
796,76,10.0
796,85,319.0
796,109,10.0
796,129,10.0
796,160,1318.45
796,183,63.0
796,191,10.0
796,195,228.0
796,201,10.0
796,229,10.0
796,236,10.0
796,241,32.0
796,331,28.0
796,352,6.0
796,438,4384.5
796,444,10.0
796,451,256.0
796,483,30.0
796,512,10.0
796,544,10.0
796,569,4308.35
796,602,10.0
796,631,183.0
796,699,3307.2
796,721,230.0
796,731,13.0
796,830,11.0
796,848,8743.3
796,865,20.0
796,872,8038.15
796,964,57.0
796,998,10.0
796,1004,25.0
796,1088,63.0
796,1105,10.0
796,1124,10.0
796,1129,10.0
796,1136,10.0
796,1190,572.0
796,1265,9219.5
796,1311,591.0
796,1358,12.0
797,138,10.0
797,161,10.0
797,243,10.0
797,262,26.0
797,296,13.0
797,347,3051.3
797,360,10.0
797,362,48.0
797,478,10.0
797,493,18.0
797,536,10.0
797,565,16.0
797,566,22.0
797,589,29.0
797,677,10771.7
797,717,10.0
797,719,21.0
797,724,10.0
797,920,10.0
797,1030,29.0
797,1085,23.0
797,1101,1437.4
797,1162,11.0
797,1182,19.0
797,1192,15.0
797,1202,10.0
797,1345,6.0
797,1348,10.0
798,32,6007.0
798,45,139.0
798,61,12.0
798,87,4453.55
798,101,10.0
798,123,10.0
798,140,10.0
798,216,372.0
798,251,108.0
798,299,820.0
798,325,6746.0
798,370,10.0
798,416,10.0
798,426,31.0
798,453,11.0
798,479,4536.6
798,488,7.0
798,507,10.0
798,537,10.0
798,587,88.0
798,642,10.0
798,663,16.0
798,669,20.0
798,711,9272.65
798,756,92.0
798,780,10.0
798,838,10.0
798,851,10.0
798,865,12.0
798,897,18.0
798,922,10.0
798,924,308.0
798,953,11.0
798,954,10.0
798,964,284.5
798,1044,20.0
798,1057,11.0
798,1072,10.0
798,1083,10.0
798,1127,11.0
798,1150,10.0
798,1192,32.0
798,1208,12.0
798,1254,367.0
798,1292,34.85
798,1335,194.0
799,56,6743.6
799,113,18.0
799,129,11.0
799,176,20.5
799,178,20.5
799,201,10.0
799,314,386.0
799,315,10.0
799,325,31.0
799,336,11.0
799,398,29.0
799,409,44.0
799,434,18.0
799,459,8738.1
799,461,25.0
799,469,50.0
799,479,5809.3
799,502,107.0
799,532,10.0
799,583,26.0
799,668,10.0
799,696,235.0
799,754,31.0
799,755,10704.35
799,803,176.0
799,831,626.0
799,904,123.0
799,948,40.0
799,976,10.0
799,1006,2639.7
799,1042,79.0
799,1112,20.0
799,1150,25.0
799,1179,10.0
799,1197,68.0
799,1199,10.0
799,1252,10.0
799,1266,171.0
799,1292,154.0
799,1320,159.0
800,129,17.0
800,227,4.0
800,251,2987.5
800,255,10.0
800,274,3989.95
800,285,110.0
800,374,3083.9
800,412,4221.95
800,513,10.0
800,524,10.0
800,559,20.5
800,587,703.25
800,605,30.0
800,817,16.0
800,859,2476.15
800,871,16.0
800,921,3930.25
800,982,41.0
800,1041,16.0
800,1053,15.0
800,1140,2757.25
800,1159,11.0
800,1233,10.0
800,1237,15.0
800,1264,10.0
800,1274,28.0
801,5,10.0
801,55,10.0
801,100,3371.6
801,177,947.15
801,202,136.0
801,226,265.0
801,244,22.0
801,293,10525.55
801,360,29.0
801,421,10.0
801,442,10.0
801,468,43.0
801,552,950.0
801,628,20.0
801,702,21.0
801,732,635.0
801,746,931.0
801,844,30.0
801,868,10.0
801,894,6.0
801,1039,14.0
801,1069,47.0
801,1075,16.0
801,1172,141.0
801,1202,10.0
801,1212,25.0
801,1229,181.0
801,1232,10.0
801,1280,12.0
801,1307,36.0
801,1313,25.0
801,1339,73.0
801,1357,14.0
802,7,144.0
802,14,2782.1
802,76,10.0
802,118,244.0
802,273,17.0
802,306,62.0
802,331,10.0
802,428,69.0
802,598,20.5
802,611,10.0
802,701,13.0
802,803,10.0
802,811,1363.5
802,824,266.0
802,831,10.0
802,871,237.0
802,994,8869.65
802,1041,12.0
802,1054,10.0
802,1115,20.5
802,1216,10.0
802,1271,20.5
803,19,666.0
803,20,3.0
803,36,10.0
803,76,10.0
803,220,10.0
803,229,19.0
803,306,12.0
803,312,35.0
803,345,10.0
803,352,13.0
803,363,10.0
803,382,18.0
803,428,10.0
803,465,10.0
803,483,10.0
803,592,10.0
803,602,14.0
803,649,155.0
803,671,10.0
803,682,15.0
803,698,82.0
803,755,436.0
803,758,12.0
803,792,20.5
803,799,176.0
803,802,10.0
803,809,10.0
803,827,10.0
803,865,16.0
803,884,12.0
803,898,111.0
803,925,2404.0
803,928,10.0
803,945,404.0
803,953,12.0
803,961,8.0
803,964,10.0
803,997,15.0
803,998,10.0
803,1001,72.0
803,1022,10.0
803,1044,69.0
803,1045,47.0
803,1072,27.0
803,1106,1431.0
803,1124,55.0
803,1139,27.0
803,1197,10.0
803,1205,3.0
803,1273,70.0
803,1289,6237.1
803,1342,166.05
804,76,24.0
804,78,10.0
804,80,38.0
804,85,10.0
804,97,10.0
804,123,10.0
804,124,18.0
804,127,10.0
804,299,10.0
804,307,10.0
804,352,4.0
804,382,9.0
804,398,10.0
804,483,23.0
804,485,10.0
804,503,10.0
804,532,10.0
804,583,10.0
804,592,16.0
804,626,14.0
804,701,45.0
804,710,6.0
804,715,9.0
804,733,10690.2
804,810,10.0
804,824,12.0
804,942,12.0
804,958,177.0
804,964,10.0
804,970,48.0
804,977,2825.9
804,986,10099.15
804,1130,10.0
804,1137,1905.0
804,1159,5520.4
804,1290,8425.1
804,1309,35.0
804,1328,1637.0
805,25,40.0
805,116,12.0
805,124,10.0
805,144,1335.05
805,152,3775.4
805,153,5532.25
805,169,5837.0
805,197,87.0
805,284,10.0
805,289,10.0
805,291,157.0
805,308,11.0
805,360,7605.2
805,394,10.0
805,418,10.0
805,454,28.0
805,516,13.0
805,523,14.0
805,615,10.0
805,624,19.0
805,629,16.0
805,661,12.0
805,726,10.0
805,747,10691.6
805,768,23.0
805,839,10.0
805,854,10.0
805,889,52.0
805,894,14.0
805,909,15.0
805,1003,126.0
805,1055,14.0
805,1085,19.0
805,1102,40.0
805,1128,10.0
805,1144,68.0
805,1188,256.0
805,1206,10.0
805,1278,19.0
805,1307,3.0
805,1327,6.0
806,1,10.0
806,7,24.0
806,20,5348.1
806,78,286.0
806,86,10.0
806,107,10.0
806,268,48.0
806,302,10.0
806,307,10.0
806,345,10.0
806,348,15.0
806,370,12.0
806,374,56.0
806,381,10.0
806,404,64.0
806,413,34.0
806,426,12.0
806,498,39.0
806,512,31.0
806,529,49.0
806,537,29.0
806,626,104.0
806,666,2138.75
806,699,79.0
806,714,10.0
806,771,3671.15
806,782,43.0
806,790,6.0
806,808,10.0
806,827,10.0
806,851,13.0
806,867,184.0
806,881,24.0
806,889,10.0
806,902,28.0
806,942,78.0
806,964,8579.05
806,977,405.0
806,1032,69.0
806,1072,11.0
806,1105,12.0
806,1131,9229.3
806,1159,14.0
806,1225,202.0
806,1237,16.0
806,1241,6.0
806,1277,29.0
806,1290,18.0
806,1293,6.0
808,17,10.0
808,20,15.0
808,61,1982.35
808,118,11.0
808,172,10.0
808,176,10.0
808,188,164.0
808,281,124.0
808,375,11162.3
808,460,15.0
808,482,57.0
808,500,10.0
808,504,12.0
808,507,10.0
808,558,865.5
808,642,20.0
808,663,18.0
808,776,53.0
808,806,10.0
808,809,36.0
808,851,10.0
808,978,10.0
808,1001,783.9
808,1009,10.0
808,1042,10.0
808,1053,10.0
808,1180,2580.55
808,1181,10.0
808,1216,10.0
808,1225,13.0
808,1281,38.0
808,1285,32.5
808,1293,2496.3
808,1319,10.0
809,29,10.0
809,40,3.0
809,41,542.0
809,103,10.0
809,136,32.0
809,172,10.0
809,178,10.0
809,180,4779.7
809,222,10.0
809,272,142.0
809,285,10.0
809,309,30.0
809,333,11.0
809,363,97.0
809,371,23.0
809,375,3401.1
809,385,78.0
809,387,10.0
809,397,20.0
809,400,168.0
809,452,70.0
809,461,27.0
809,465,10.0
809,471,18.0
809,479,20.0
809,484,5622.25
809,538,10.0
809,569,10.0
809,642,10.0
809,643,3277.35
809,669,558.0
809,699,11.0
809,779,99.0
809,803,10.0
809,808,36.0
809,830,10.0
809,861,46.0
809,918,10.0
809,945,12.0
809,961,16.0
809,982,10.0
809,1021,14.0
809,1113,10.0
809,1143,10625.9
809,1155,16.0
809,1160,2255.5
809,1179,10.0
809,1180,20.5
809,1252,209.0
809,1289,22.0
809,1304,1378.0
809,1356,282.0
810,38,10.0
810,43,10.0
810,51,9736.9
810,103,10.0
810,175,15.0
810,185,10.0
810,190,30.0
810,307,59.0
810,331,8.0
810,334,17.0
810,369,1020.4
810,416,76.0
810,435,130.0
810,461,77.0
810,464,1856.3
810,503,218.0
810,529,366.0
810,531,15.0
810,557,21.0
810,595,30.0
810,632,16.0
810,692,50.0
810,749,10.0
810,771,10.0
810,795,10.0
810,804,10.0
810,821,10.0
810,958,10.0
810,976,210.0
810,998,20.0
810,1052,10.0
810,1053,10.0
810,1061,11.0
810,1208,74.0
810,1213,3.0
810,1266,57.0
811,14,7634.5
811,29,213.0
811,45,23.0
811,53,10.0
811,61,10.0
811,68,7598.6
811,185,28.0
811,204,44.0
811,229,12.0
811,273,5641.9
811,299,10.0
811,325,146.0
811,370,3.0
811,466,10.0
811,532,236.0
811,544,10.0
811,591,124.0
811,598,115.0
811,715,24.0
811,736,10.0
811,775,10.0
811,802,1363.5
811,889,31.0
811,965,10.0
811,980,10.0
811,1004,10.0
811,1042,2418.95
811,1117,10.0
811,1316,16.0
811,1326,12.0
812,32,155.0
812,56,39.0
812,61,103.0
812,75,10.0
812,87,10.0
812,109,26.0
812,175,29.0
812,181,23.0
812,197,53.0
812,198,10.0
812,213,17.0
812,274,10.0
812,285,10.0
812,319,10.0
812,336,76.0
812,341,2806.65
812,407,49.0
812,412,65.0
812,416,18.0
812,435,139.0
812,484,44.0
812,488,7.0
812,538,10.0
812,558,1105.0
812,588,166.0
812,635,10.0
812,642,271.45
812,710,43.0
812,750,10.0
812,785,13.0
812,792,13.0
812,818,10.0
812,819,11.0
812,825,10.0
812,847,755.0
812,853,19.0
812,889,10.0
812,893,49.0
812,918,11.0
812,951,34.0
812,988,229.0
812,1004,10.0
812,1045,8.0
812,1059,15.0
812,1064,11036.25
812,1107,10.0
812,1117,5247.3
812,1154,10.0
812,1213,10.0
812,1254,4389.9
812,1285,10.0
812,1295,46.0
812,1312,227.0
812,1319,12.0
812,1326,179.0
812,1342,18.0
812,1351,658.0
813,18,20.0
813,59,3542.4
813,66,140.0
813,100,10.0
813,120,1542.0
813,130,10.0
813,134,13.0
813,166,313.0
813,289,10.0
813,290,34.0
813,396,243.0
813,515,30.0
813,552,10.0
813,609,223.0
813,617,1095.8
813,630,12.0
813,648,22.0
813,705,14.0
813,706,40.0
813,732,42.6
813,816,30.0
813,828,10.0
813,836,12.0
813,864,10.0
813,932,12.0
813,967,15.0
813,1050,15.0
813,1066,1487.0
813,1068,46.0
813,1074,41.0
813,1104,5217.95
813,1108,5073.2
813,1126,10.0
813,1178,10.0
813,1184,59.0
813,1244,2589.0
813,1344,10.0
813,1363,168.0
814,5,14.0
814,133,50.0
814,138,1355.5
814,175,11.0
814,206,11.0
814,223,2326.5
814,238,70.0
814,347,13.0
814,360,22.0
814,367,45.0
814,392,10.0
814,393,116.0
814,417,10066.05
814,436,9495.3
814,487,10.0
814,650,22.0
814,706,11.0
814,708,10.0
814,740,13.0
814,825,10.0
814,855,10.0
814,934,10.0
814,945,10.0
814,1030,7584.8
814,1033,10.0
814,1074,3261.7
814,1108,10.0
814,1165,10.0
814,1184,13.0
814,1238,10.0
814,1246,10.0
814,1278,14.0
814,1296,2117.0
814,1331,12.0
814,1338,10.0
815,33,10797.5
815,141,56.0
815,316,6.0
815,454,4268.5
815,562,10.0
815,582,14.0
815,691,20.5
815,720,16.0
815,854,3073.9500000000003
815,856,75.0
815,892,21.0
815,920,23.0
815,1019,23.0
815,1101,381.0
815,1187,10.0
815,1250,10.0
815,1339,5655.45
816,15,10.0
816,37,10.0
816,128,4.0
816,130,13.0
816,138,167.85
816,165,15.0
816,171,16.0
816,449,1432.0
816,706,29.0
816,723,11.0
816,794,10.0
816,813,30.0
816,850,10909.3
816,858,8725.85
816,880,10.0
816,922,10.0
816,985,10.0
816,1016,10.0
816,1074,58.0
816,1104,13.0
816,1184,15.0
816,1229,7683.55
816,1355,33.0
816,1361,4236.7
816,1363,10.0
817,44,29.0
817,50,10.0
817,104,10.0
817,121,15.0
817,131,46.0
817,140,87.0
817,216,47.0
817,224,59.0
817,225,10.0
817,241,129.0
817,337,34.0
817,366,483.0
817,400,145.0
817,438,10.0
817,505,9.0
817,508,29.0
817,511,37.0
817,541,10.0
817,646,10.0
817,679,45.0
817,739,61.0
817,791,10.0
817,793,33.0
817,800,16.0
817,907,10.0
817,926,10.0
817,935,10.0
817,937,154.0
817,954,10.0
817,972,4.0
817,989,64.0
817,993,13.0
817,1088,104.0
817,1159,71.0
817,1169,10.0
817,1190,10.0
817,1207,10.0
817,1259,30.0
817,1272,76.0
817,1289,528.0
817,1291,18.0
818,23,15.0
818,81,3064.5
818,97,10.0
818,197,10.0
818,219,28.0
818,243,63.0
818,291,47.0
818,304,10.0
818,320,10.0
818,328,17.0
818,337,17.0
818,349,38.0
818,353,10.0
818,357,23.0
818,388,945.0
818,460,19.0
818,467,12.0
818,484,24.0
818,496,10.0
818,505,10.0
818,550,10.0
818,563,10.0
818,567,10.0
818,591,11.0
818,611,108.0
818,665,9074.15
818,713,10.0
818,739,10.0
818,760,10.0
818,791,24.0
818,812,10.0
818,819,10.0
818,842,73.0
818,914,13.0
818,917,6.0
818,988,10944.95
818,1007,22.0
818,1064,26.0
818,1075,10.0
818,1118,10.0
818,1144,10.0
818,1210,8003.25
818,1294,219.0
818,1311,10.0
818,1351,43.0
818,1358,6.0
819,31,23.0
819,45,10.0
819,49,10.0
819,88,153.0
819,132,10.0
819,143,10.0
819,181,21.0
819,190,28.0
819,197,107.0
819,198,1916.0
819,209,10.0
819,220,49.0
819,307,130.0
819,375,3297.35
819,407,276.0
819,484,11162.3
819,498,12.0
819,502,8.0
819,529,23.0
819,558,39.0
819,568,11.0
819,714,10.0
819,730,10.0
819,754,8.0
819,793,10.0
819,812,11.0
819,818,10.0
819,878,416.0
819,902,12.0
819,912,153.6
819,914,165.0
819,988,10.0
819,997,6.0
819,1023,113.0
819,1047,17.0
819,1052,10.0
819,1064,20.0
819,1083,24.0
819,1155,27.0
819,1221,56.0
819,1224,10.0
819,1235,2734.0
819,1270,36.0
819,1289,186.0
819,1293,20.5
819,1305,19.0
819,1351,10.0
820,95,10.0
820,96,272.65
820,100,10.0
820,173,87.0
820,223,18.0
820,354,5160.7
820,396,54.0
820,403,198.0
820,410,10925.3
820,414,658.05
820,453,10.0
820,493,12.0
820,520,33.0
820,543,8.0
820,546,43.05
820,547,10.0
820,615,10.0
820,660,269.0
820,673,10.0
820,703,16.0
820,753,10.0
820,829,21.0
820,885,10.0
820,975,6.15
820,981,3997.15
820,984,3478.9
820,995,10.0
820,996,1670.3
820,1003,10.0
820,1070,10.0
820,1188,10.0
820,1189,927.5
820,1223,4403.35
820,1354,14.0
821,211,14.0
821,299,10.0
821,338,164.0
821,361,10567.15
821,398,1760.7
821,459,35.0
821,544,10.0
821,569,396.0
821,575,1568.0
821,712,13.0
821,715,18.0
821,810,10.0
821,848,10.0
821,852,10.0
821,924,6012.8
821,973,5.0
821,978,129.0
821,998,11.0
821,1001,35.0
821,1072,50.0
821,1161,10.0
821,1164,15.0
821,1258,10.0
821,1303,8701.3
821,1320,623.2
822,47,13.0
822,59,10.0
822,95,12.0
822,120,12.0
822,166,71.0
822,167,10.0
822,177,32.0
822,210,14.0
822,242,10.0
822,293,11.0
822,420,10.0
822,445,24.0
822,473,10.0
822,576,10.0
822,582,15.0
822,596,22.0
822,608,27.0
822,614,8.0
822,617,55.0
822,631,26.5
822,650,1693.3
822,702,55.0
822,706,10.0
822,745,10.0
822,974,10.0
822,1031,50.0
822,1125,54.0
822,1175,10.0
822,1187,10.0
822,1192,9811.1
822,1212,10.0
822,1231,10.0
822,1245,23.0
822,1246,88.0
822,1279,626.5
822,1283,81.0
822,1288,297.0
822,1300,10.0
822,1346,185.0
822,1360,12.0
823,53,11.0
823,69,37.0
823,89,51.0
823,96,17.0
823,118,3.0
823,126,5298.4
823,151,54.0
823,169,10.0
823,226,10.0
823,245,35.0
823,296,19.0
823,300,6.0
823,305,9473.35
823,306,10.0
823,364,12.0
823,386,10.0
823,395,316.0
823,445,5831.4
823,494,13.0
823,587,10.0
823,608,10.0
823,648,15.0
823,661,20.0
823,674,10.0
823,675,10.0
823,680,62.0
823,706,10.0
823,750,10.0
823,788,19.0
823,789,45.0
823,861,206.0
823,894,45.0
823,995,17.0
823,1018,10.0
823,1025,5634.45
823,1036,10.0
823,1075,258.0
823,1105,41.0
823,1126,1020.0
823,1148,10.0
823,1184,10.0
823,1192,18.0
823,1207,822.45
823,1262,38.0
823,1278,10.0
823,1287,220.0
824,3,10.0
824,28,3.0
824,29,74.0
824,56,20.0
824,71,19.0
824,76,110.0
824,85,13.0
824,109,26.5
824,111,19.0
824,131,78.0
824,146,23.0
824,164,10.0
824,204,14.0
824,233,20.5
824,265,33.0
824,271,10.0
824,306,203.0
824,331,10.0
824,352,62.0
824,367,14.0
824,382,12.0
824,425,12.0
824,428,17.0
824,440,12.0
824,488,16.0
824,525,202.0
824,528,219.0
824,544,4232.35
824,583,151.0
824,668,10.0
824,672,10.0
824,680,10.0
824,690,126.0
824,701,175.0
824,731,66.0
824,748,18.0
824,749,10.0
824,779,161.0
824,802,266.0
824,804,12.0
824,831,140.0
824,833,10.0
824,845,8.0
824,865,115.0
824,882,11.0
824,897,10.0
824,898,4942.35
824,908,101.0
824,918,10.0
824,919,303.0
824,949,75.0
824,958,14.0
824,976,16.0
824,994,108.0
824,1004,2423.0
824,1027,2855.15
824,1051,10.0
824,1061,38.0
824,1082,10.0
824,1146,27.0
824,1156,53.0
824,1169,10.0
824,1179,10.0
824,1191,147.0
824,1209,10.0
824,1254,18.0
824,1256,10.0
824,1286,2473.0
824,1356,10.0
825,53,10.0
825,134,6.0
825,137,22.0
825,205,31.0
825,244,12.0
825,262,10.0
825,269,10.0
825,302,161.0
825,347,10042.45
825,478,79.0
825,487,33.0
825,494,10.0
825,516,63.0
825,688,9272.45
825,708,10.0
825,747,10.0
825,789,10.0
825,812,10.0
825,814,10.0
825,839,31.0
825,858,12.0
825,867,130.0
825,1030,20.0
825,1033,29.0
825,1076,10.0
825,1135,28.0
825,1202,10.0
825,1225,173.0
825,1242,15.0
825,1296,84.0
825,1332,636.0
825,1343,20.5
825,1348,78.0
826,10,10.0
826,70,27.0
826,119,10.0
826,121,10.0
826,151,41.0
826,241,10.0
826,246,31.0
826,259,15.0
826,333,69.0
826,334,5716.0
826,337,4906.3
826,349,10.0
826,415,10.0
826,419,229.0
826,584,10.0
826,621,2244.0
826,622,10.0
826,655,42.0
826,676,56.0
826,739,10.0
826,752,11070.6
826,883,56.6
826,906,12.0
826,907,10.0
826,926,4.0
826,1008,10.0
826,1089,13.0
826,1113,10.0
826,1131,105.0
826,1169,32.0
826,1185,2975.95
826,1257,10.0
826,1291,10.0
826,1319,10.0
827,14,10.0
827,87,10.0
827,118,93.5
827,124,54.0
827,127,10.0
827,232,10.0
827,259,10.0
827,280,10.0
827,348,7686.35
827,365,6.0
827,373,10.0
827,398,10.0
827,400,10.0
827,450,23.0
827,470,20.5
827,471,3767.75
827,476,10.0
827,506,10.0
827,532,2298.65
827,564,15.0
827,566,16.0
827,608,10.0
827,669,14.0
827,674,265.0
827,714,10.0
827,731,11.0
827,778,28.0
827,803,10.0
827,806,10.0
827,851,288.0
827,881,4381.3
827,893,14.0
827,919,10.0
827,941,14.0
827,951,24.0
827,991,10.0
827,1001,18.0
827,1035,2776.0
827,1043,10.0
827,1060,10.0
827,1087,6.0
827,1165,10.0
827,1206,10.0
827,1234,16.0
827,1237,25.0
827,1252,20.0
827,1285,10.0
827,1290,17.0
828,59,1272.5
828,202,10.0
828,208,10.0
828,317,10.0
828,322,14.0
828,324,10.0
828,345,10.0
828,347,8.0
828,356,18.0
828,357,3540.5
828,362,10.0
828,394,10.0
828,399,17.0
828,423,146.0
828,442,18.0
828,546,10.0
828,552,385.4
828,566,36.0
828,596,20.0
828,614,10.0
828,615,130.0
828,667,43.0
828,673,14.0
828,678,29.0
828,769,76.0
828,813,10.0
828,862,492.0
828,892,10.0
828,922,10.0
828,946,2889.6
828,967,10.0
828,995,17.0
828,1039,10.0
828,1066,15.0
828,1067,55.0
828,1108,9413.3
828,1133,10.0
828,1175,54.0
828,1182,10.0
828,1212,10.0
828,1244,68.0
828,1247,3334.3
828,1356,20.0
829,83,12.0
829,165,6994.0
829,208,20.0
829,223,10.0
829,399,35.0
829,441,10.0
829,453,20.0
829,566,77.0
829,591,10.0
829,629,10.0
829,648,4500.3
829,677,15.0
829,737,11.0
829,768,1762.0
829,820,21.0
829,887,3693.3
829,981,10.0
829,996,10.0
829,1030,35.0
829,1033,15.0
829,1135,83.0
829,1189,88.0
829,1238,84.0
829,1296,10.0
829,1327,109.0
829,1361,76.5
830,20,40.0
830,129,375.0
830,190,4.0
830,209,45.0
830,220,12.0
830,271,10.0
830,385,14.0
830,416,10.0
830,425,14.0
830,455,13.0
830,500,354.0
830,513,10.0
830,538,10.0
830,583,31.0
830,634,10.0
830,638,1664.05
830,756,10.0
830,796,11.0
830,809,10.0
830,863,10.0
830,886,14.0
830,940,45.0
830,957,10.0
830,966,10.0
830,999,13.0
830,1022,35.0
830,1047,108.0
830,1127,144.0
830,1130,5509.9
830,1139,12.0
830,1140,6.0
830,1143,24.0
830,1150,10.0
830,1161,42.0
830,1168,10.0
830,1179,210.0
830,1205,16.0
830,1302,10354.3
830,1305,28.0
830,1352,10.0
832,15,9180.3
832,138,3873.5
832,151,10.0
832,228,4.0
832,322,14.0
832,436,10.0
832,596,12.0
832,625,10.0
832,644,10.0
832,719,790.8
832,779,626.0
832,850,10.0
832,855,2107.5
832,932,14.0
832,1017,11.0
832,1050,9150.25
832,1099,38.0
832,1107,10.0
832,1128,17.0
832,1173,10.0
833,71,10275.15
833,121,10.0
833,149,16.0
833,213,15.0
833,221,82.0
833,329,15.0
833,375,40.0
833,482,12.0
833,513,17.0
833,525,104.0
833,635,10.0
833,641,1101.0
833,662,10.0
833,756,43.0
833,757,953.95
833,824,10.0
833,891,47.0
833,924,10.0
833,963,6017.1
833,987,120.0
833,1009,11.0
833,1013,39.0
833,1023,10.0
833,1059,18.0
833,1061,112.0
833,1077,10.0
833,1105,10.0
833,1117,29.0
833,1124,10.0
833,1130,72.0
833,1147,95.0
833,1265,11.0
833,1266,10.0
834,36,20.5
834,38,10.0
834,43,10.0
834,124,64.0
834,125,10.0
834,143,10.0
834,181,54.0
834,188,2410.3
834,191,181.0
834,297,10.0
834,385,981.0
834,412,10.0
834,434,11.0
834,476,35.0
834,537,14.0
834,538,3150.45
834,557,10.0
834,588,64.0
834,606,27.0
834,710,9.0
834,851,75.0
834,889,6.0
834,904,6677.75
834,947,15.0
834,957,72.0
834,979,10.0
834,1035,3.0
834,1042,6729.65
834,1043,8300.95
834,1054,10.0
834,1094,114.0
834,1139,10.0
834,1215,10.0
834,1256,10.0
834,1326,21.0
835,15,10.0
835,95,42.0
835,130,19.0
835,138,5.0
835,161,10.0
835,162,19.0
835,223,9027.1
835,266,104.0
835,330,22.0
835,419,10.0
835,433,104.0
835,468,57.0
835,573,12.0
835,599,10195.6
835,648,11.0
835,724,7919.1
835,745,10.0
835,858,10.0
835,928,10.0
835,929,10.0
835,984,11.0
835,1000,10.0
835,1069,119.0
835,1102,30.0
835,1104,11.0
835,1162,93.0
835,1188,39.0
835,1204,7.0
835,1212,23.0
835,1231,10.0
835,1278,10.0
835,1307,10.0
835,1314,10255.45
835,1325,17.0
835,1350,10.0
835,1353,58.0
835,1360,11.0
836,16,14.0
836,18,738.95
836,22,17.0
836,37,11008.15
836,57,11.0
836,59,978.0
836,112,2899.1
836,116,10.0
836,119,23.0
836,120,1287.65
836,144,22.0
836,187,10.0
836,335,16.0
836,403,18.0
836,430,229.0
836,580,10.0
836,617,411.5
836,687,56.0
836,746,19.0
836,813,12.0
836,868,55.05
836,956,10.0
836,958,10.0
836,967,10.0
836,1125,10.0
836,1151,12.0
836,1178,1443.65
836,1184,12.0
836,1202,35.0
836,1223,31.0
836,1232,650.0
836,1253,1240.0
836,1284,21.0
836,1325,17.0
836,1338,10.0
838,1,10.0
838,9,2085.45
838,46,5720.75
838,52,22.0
838,125,10.0
838,222,13.0
838,248,10.0
838,365,2550.7
838,369,25.0
838,397,120.0
838,538,10.0
838,554,11.0
838,625,4882.3
838,632,10.0
838,668,8.0
838,754,12.0
838,798,10.0
838,890,1916.05
838,913,10.0
838,915,29.0
838,973,340.0
838,1028,26.0
838,1111,6257.15
838,1127,10.0
838,1258,561.0
839,128,163.0
839,137,30.0
839,158,10.0
839,253,4.0
839,266,35.0
839,270,2257.3
839,298,10.0
839,335,166.0
839,347,51.0
839,394,20.0
839,399,15.0
839,429,6820.95
839,478,13.0
839,487,8.0
839,516,2521.4
839,535,29.0
839,573,55.0
839,580,10.0
839,615,10.0
839,667,10.0
839,753,351.0
839,772,1257.0
839,805,10.0
839,825,31.0
839,858,10.0
839,992,10.0
839,996,100.0
839,1033,164.0
839,1037,10.0
839,1116,6350.55
839,1232,17.0
839,1331,10.0
839,1348,11081.05
839,1354,22.0
839,1360,23.0
841,55,26.0
841,59,18.0
841,134,77.0
841,138,140.0
841,165,10.0
841,177,44.0
841,423,10.0
841,429,33.0
841,449,31.0
841,553,10.0
841,566,167.0
841,576,11.0
841,578,3.0
841,615,13.0
841,624,41.0
841,644,12.0
841,660,108.0
841,661,95.0
841,726,17.0
841,763,18.0
841,769,10.0
841,864,11.0
841,955,3193.1
841,971,11.0
841,990,30.0
841,995,430.5
841,1037,26.0
841,1122,7699.75
841,1125,5547.15
841,1177,10.0
841,1214,40.0
841,1217,10.0
841,1245,21.0
841,1325,24.0
841,1355,10.0
841,1361,318.0
842,23,2166.0
842,44,10.0
842,131,10.0
842,216,10.0
842,219,3266.25
842,220,10.0
842,246,10.0
842,316,10.0
842,320,51.0
842,333,15.0
842,337,10.0
842,362,13.0
842,427,10.0
842,435,10.0
842,496,42.0
842,517,240.0
842,534,10123.8
842,550,65.0
842,563,39.0
842,591,6.0
842,607,3728.5
842,636,5102.1
842,646,10.0
842,651,16.0
842,665,10.0
842,676,10.0
842,693,10.0
842,751,48.0
842,760,10.0
842,818,73.0
842,845,48.0
842,907,3058.9
842,937,38.0
842,988,52.0
842,1019,14.0
842,1026,10.0
842,1098,10.0
842,1203,14.0
842,1275,10.0
842,1281,10.0
842,1285,79.0
844,12,537.0
844,47,192.0
844,58,466.0
844,88,10.0
844,95,16.0
844,144,1672.55
844,153,7238.25
844,167,117.0
844,178,469.0
844,197,3614.25
844,202,10.0
844,209,19.0
844,231,10.0
844,262,3497.5
844,288,1173.0
844,293,16.0
844,303,22.0
844,319,10.0
844,353,11.0
844,386,80.0
844,393,10.0
844,468,32.0
844,470,15.0
844,493,21.0
844,494,22.0
844,515,10.0
844,548,73.0
844,559,10.0
844,564,3.0
844,579,10.0
844,627,131.0
844,628,105.0
844,639,13.0
844,717,53.0
844,727,10.0
844,751,28.0
844,753,2955.6
844,801,30.0
844,856,10.0
844,1010,12.0
844,1067,10.0
844,1075,11162.3
844,1088,10.0
844,1102,20.0
844,1116,10.0
844,1119,258.0
844,1126,27.0
844,1144,35.0
844,1177,25.0
844,1188,49.0
844,1197,27.0
844,1310,144.0
844,1313,10.0
844,1318,10.0
844,1326,10.0
844,1339,11.0
844,1350,21.0
845,4,91.0
845,23,11.0
845,41,164.0
845,104,45.0
845,132,528.0
845,154,912.25
845,186,34.0
845,229,17.0
845,232,10.0
845,255,10.0
845,257,364.0
845,274,12.0
845,288,977.15
845,309,1038.0
845,314,4054.75
845,336,4449.35
845,339,10.0
845,370,1357.4
845,426,21.0
845,508,10.0
845,544,10.0
845,559,27.0
845,574,11.0
845,620,20.0
845,622,10.0
845,654,77.0
845,694,25.0
845,712,10.0
845,724,22.0
845,731,11.0
845,778,10.0
845,782,112.0
845,824,8.0
845,842,48.0
845,859,11.0
845,891,1751.9
845,906,31.0
845,985,15.0
845,1113,167.0
845,1117,10.0
845,1129,1286.3
845,1144,46.0
845,1154,10.0
845,1166,10.0
845,1201,60.0
845,1203,72.0
845,1269,16.0
845,1270,59.0
845,1295,10.0
845,1305,27.0
847,61,69.0
847,113,10.0
847,126,6.0
847,255,10.0
847,287,357.8
847,384,10.0
847,400,37.0
847,413,18.0
847,505,45.0
847,558,835.0
847,579,562.0
847,603,19.0
847,642,14.0
847,651,10.0
847,709,10.0
847,774,18.0
847,812,755.0
847,914,68.0
847,987,4.0
847,1001,10.0
847,1062,10.0
847,1113,29.0
847,1117,352.0
847,1249,301.7
847,1252,98.0
847,1312,11.0
847,1316,10.0
848,80,26.5
848,111,20.5
848,338,8932.4
848,369,14.0
848,406,4409.25
848,438,354.65
848,569,895.8
848,572,1841.75
848,608,10.0
848,711,11.0
848,776,21.0
848,780,3.0
848,796,8743.3
848,821,10.0
848,872,7485.0
848,886,188.0
848,893,329.0
848,951,229.0
848,987,10.0
848,1058,13.0
848,1106,10.0
848,1161,200.0
848,1252,19.0
848,1254,10.0
848,1265,10.0
849,34,17.0
849,56,10.0
849,73,3.0
849,144,10.0
849,154,23.0
849,188,57.0
849,209,3.0
849,215,10.0
849,225,385.0
849,271,10.0
849,333,28.0
849,374,15.0
849,426,7.0
849,450,19.0
849,461,16.0
849,479,11.0
849,584,417.0
849,592,10.0
849,608,76.0
849,671,10.0
849,760,10.0
849,863,10.0
849,870,10.0
849,916,9947.8
849,923,18.0
849,943,10.0
849,947,10.0
849,1064,10.0
849,1193,3.0
849,1199,10.0
849,1359,56.0
850,138,187.3
850,165,1785.75
850,171,39.0
850,300,10.0
850,373,10.0
850,547,10.0
850,628,21.0
850,648,6786.95
850,687,14.0
850,702,15.0
850,723,15.0
850,816,10909.3
850,832,10.0
850,858,21.0
850,894,10.0
850,934,44.0
850,985,39.0
850,1231,12.0
850,1246,20.0
850,1283,43.0
850,1310,10.0
850,1361,946.0
851,32,30.5
851,33,169.0
851,49,36.0
851,56,10.0
851,97,62.0
851,113,10.0
851,123,10.0
851,125,10.0
851,138,10.0
851,172,8112.65
851,175,124.0
851,191,59.0
851,207,12.0
851,281,10.0
851,285,81.0
851,299,7633.05
851,314,56.0
851,368,25.0
851,370,89.0
851,379,56.0
851,382,10.0
851,426,148.0
851,435,52.0
851,507,3569.7
851,568,36.0
851,613,10.0
851,616,120.0
851,626,10.0
851,659,29.0
851,676,139.0
851,699,10.0
851,711,14.0
851,720,37.0
851,731,14.0
851,735,421.35
851,756,10.0
851,773,40.0
851,798,10.0
851,806,13.0
851,808,10.0
851,827,288.0
851,834,75.0
851,861,84.0
851,873,12.0
851,921,10.0
851,923,10.0
851,933,10.0
851,941,193.0
851,977,10.0
851,987,15.0
851,1041,10.0
851,1043,185.0
851,1044,3234.15
851,1047,53.0
851,1049,48.0
851,1060,13.0
851,1062,18.0
851,1072,39.0
851,1079,25.0
851,1094,6666.2
851,1130,64.0
851,1136,20.0
851,1154,134.0
851,1168,33.0
851,1180,32.0
851,1233,10.0
851,1250,100.0
851,1281,20.0
851,1284,10.0
851,1286,34.0
851,1290,13.0
851,1293,14.0
851,1301,18.0
851,1312,142.0
851,1336,36.0
851,1356,228.0
852,9,12.0
852,27,10.0
852,107,10.0
852,122,72.0
852,127,6249.85
852,260,713.4
852,297,10.0
852,352,93.0
852,482,79.0
852,483,61.0
852,503,59.0
852,525,20.0
852,540,10.0
852,575,29.0
852,605,10.0
852,631,25.0
852,821,10.0
852,865,113.0
852,960,25.0
852,969,6347.9
852,976,108.0
852,1013,10350.95
852,1027,43.0
852,1051,14.0
852,1058,10.0
852,1061,17.0
852,1106,10.0
852,1121,24.0
852,1179,41.0
852,1265,190.0
852,1299,385.0
852,1328,1980.0
853,1,4338.4
853,3,42.0
853,28,8685.8
853,45,541.0
853,108,10.0
853,181,34.0
853,195,100.0
853,307,11.0
853,363,10.0
853,387,1611.0
853,464,73.0
853,525,10.0
853,583,17.0
853,631,112.0
853,647,11.0
853,682,9947.0
853,771,25.0
853,812,19.0
853,866,10.0
853,945,29.0
853,953,5900.3
853,959,62.0
853,969,4.0
853,970,10.0
853,1004,10.0
853,1062,18.0
853,1106,4269.5
853,1311,10.0
854,25,17.0
854,75,41.0
854,98,10.0
854,116,10.0
854,127,10.0
854,133,10.0
854,144,10.0
854,152,10.0
854,205,10.0
854,228,10.0
854,254,19.0
854,331,22.0
854,341,10.0
854,347,10.0
854,360,209.0
854,372,1804.0
854,386,10.0
854,453,2823.65
854,454,1918.35
854,555,120.0
854,596,64.0
854,628,140.0
854,639,8963.25
854,683,280.0
854,688,176.0
854,723,210.0
854,747,10.0
854,805,10.0
854,815,3073.9500000000003
854,920,19.0
854,934,11.0
854,1012,10.0
854,1067,10.0
854,1102,13.0
854,1107,18.0
854,1158,10.0
854,1228,7009.65
854,1229,18.0
854,1288,10.0
854,1323,10.0
854,1339,366.0
854,1346,20.0
856,19,10.0
856,33,11.0
856,47,10782.35
856,120,14.0
856,153,166.0
856,167,10.0
856,173,10.0
856,244,10.0
856,296,11.0
856,317,142.5
856,322,18.0
856,430,5.0
856,432,10.0
856,445,15.0
856,458,20.0
856,470,10.0
856,562,10.0
856,576,10.0
856,578,7135.9
856,580,130.0
856,600,1631.15
856,617,10.0
856,661,1620.95
856,675,10.0
856,688,10.0
856,719,10.0
856,726,10.0
856,789,19.0
856,815,75.0
856,844,10.0
856,891,22.0
856,992,13.25
856,1067,23.0
856,1075,234.0
856,1090,16.0
856,1101,10.0
856,1104,1627.0
856,1116,11.0
856,1212,10.0
856,1244,847.0
858,15,11162.3
858,16,22.0
858,130,113.0
858,135,41.0
858,282,11.0
858,330,17.0
858,335,15.0
858,347,11.0
858,449,1601.05
858,478,10.0
858,684,10.0
858,697,10.0
858,702,10.0
858,816,8725.85
858,825,12.0
858,835,10.0
858,839,10.0
858,850,21.0
858,885,58.0
858,887,37.1
858,932,104.0
858,1012,10.0
858,1074,4046.2
858,1090,3132.4
858,1107,10.0
858,1192,21.0
858,1229,5637.8
858,1238,10.0
858,1307,17.0
859,40,10.0
859,49,3224.05
859,52,467.0
859,209,54.0
859,213,115.0
859,215,10.0
859,264,10.0
859,274,36.0
859,363,4376.35
859,374,1141.8
859,381,109.0
859,469,13.0
859,499,112.0
859,524,10.0
859,540,116.0
859,568,10.0
859,620,5002.85
859,625,51.0
859,681,6.0
859,725,36.0
859,744,11162.3
859,800,2476.15
859,845,11.0
859,951,10.0
859,957,25.0
859,978,10.0
859,1026,10.0
859,1049,17.0
859,1066,10.0
859,1067,10.0
859,1086,36.5
859,1132,10.0
859,1139,61.0
859,1140,164.0
859,1270,22.0
859,1290,10.0
859,1305,53.0
860,1,26.5
860,4,14.0
860,29,19.0
860,36,19.0
860,58,157.0
860,84,49.0
860,97,18.0
860,102,266.0
860,172,15.0
860,176,10.0
860,178,240.0
860,184,10.0
860,189,298.0
860,209,10.0
860,219,67.0
860,220,10.0
860,243,134.0
860,272,16.0
860,385,47.0
860,405,16.0
860,443,96.0
860,460,128.0
860,488,25.0
860,505,12.0
860,507,24.0
860,513,50.0
860,533,44.0
860,538,10.0
860,588,5439.3
860,598,10.0
860,603,12.0
860,606,14.0
860,610,287.0
860,622,690.0
860,653,190.5
860,698,711.0
860,725,10.0
860,738,62.0
860,749,32.0
860,755,10.0
860,760,283.0
860,771,10.0
860,785,31.0
860,792,1718.75
860,871,10.0
860,898,10.0
860,906,1256.0
860,925,26.5
860,943,273.0
860,961,4500.35
860,1022,66.0
860,1023,10.0
860,1084,139.0
860,1105,648.0
860,1111,36.0
860,1120,293.0
860,1127,46.0
860,1155,3.0
860,1159,23.0
860,1160,10.0
860,1161,42.0
860,1203,21.0
860,1235,10.0
860,1257,178.0
860,1275,10.0
860,1286,11.0
860,1289,2658.95
860,1293,10.0
860,1356,7452.1
860,1359,22.0
861,31,955.0
861,38,27.0
861,75,6.0
861,103,19.0
861,139,14.0
861,143,10.0
861,151,68.0
861,184,30.0
861,204,2559.95
861,207,81.0
861,215,6.0
861,246,56.0
861,251,10.0
861,274,1018.5
861,285,6898.65
861,305,164.0
861,314,10.0
861,333,15.0
861,337,15.0
861,363,10.0
861,380,10.0
861,412,6526.0
861,434,34.0
861,443,73.0
861,444,10.0
861,450,10.0
861,479,33.0
861,517,10.0
861,528,11.0
861,534,40.0
861,559,5377.15
861,574,14.0
861,577,216.0
861,618,10.0
861,635,1010.0
861,645,16.0
861,659,10.0
861,699,37.0
861,709,42.0
861,713,14.0
861,728,7.0
861,750,50.0
861,779,21.0
861,790,440.0
861,809,46.0
861,823,206.0
861,851,84.0
861,891,26.0
861,921,10.0
861,923,47.0
861,941,28.0
861,1015,57.0
861,1022,26.0
861,1051,10.0
861,1062,10.0
861,1105,90.0
861,1118,10.0
861,1156,1452.3
861,1180,56.0
861,1234,4561.75
861,1241,32.5
861,1273,23.0
861,1281,28.0
861,1287,20.0
861,1291,23.0
861,1293,83.0
861,1301,33.0
861,1312,38.0
861,1336,62.0
861,1356,57.0
862,47,73.0
862,63,3.0
862,167,10.0
862,218,10.0
862,253,11.0
862,290,13.0
862,383,155.0
862,442,10.0
862,463,2586.4
862,470,10.0
862,491,59.0
862,494,674.0
862,600,10951.9
862,719,13.0
862,753,371.0
862,828,492.0
862,909,20.5
862,920,5.0
862,934,10.0
862,992,71.55
862,1024,10.0
862,1090,87.0
862,1107,10.0
862,1131,38.0
862,1204,452.0
862,1207,10.0
862,1212,1941.45
862,1278,10.0
862,1346,10.0
863,129,11.0
863,160,11.0
863,172,10.0
863,176,27.0
863,185,10.0
863,195,10.0
863,209,10.0
863,212,10.0
863,227,30.0
863,259,10.0
863,274,10.0
863,307,10.0
863,314,22.0
863,329,361.0
863,331,10.0
863,336,29.0
863,404,10.0
863,482,10.0
863,498,1603.7
863,512,2979.95
863,541,10.0
863,554,250.0
863,635,12.0
863,692,352.0
863,709,10.0
863,729,11.0
863,776,10.0
863,792,16.0
863,830,10.0
863,849,10.0
863,866,10328.15
863,872,28.0
863,893,10.0
863,914,21.0
863,945,162.0
863,970,17.0
863,1028,200.0
863,1057,10.0
863,1080,10.0
863,1087,19.0
863,1112,10.0
863,1150,2013.1
863,1190,296.25
863,1196,10.0
863,1197,58.0
863,1206,10.0
863,1254,65.0
863,1255,27.0
863,1277,2703.45
863,1281,10.0
863,1292,10.0
863,1303,12.0
863,1311,19.0
864,95,743.15
864,96,10.0
864,130,10.0
864,152,31.0
864,173,29.0
864,177,10.0
864,266,10.0
864,269,10.0
864,322,40.0
864,332,10.0
864,354,7747.55
864,364,12.0
864,468,18.0
864,470,31.0
864,515,55.0
864,519,10.0
864,565,113.0
864,573,14.0
864,589,10.0
864,601,10.0
864,617,10.0
864,624,6553.75
864,644,3.0
864,661,3678.0
864,678,10.0
864,688,10.0
864,743,10.0
864,813,10.0
864,841,11.0
864,874,10.0
864,992,10.0
864,1010,251.0
864,1050,10.0
864,1085,48.0
864,1101,14.0
864,1119,10.0
864,1126,67.0
864,1202,10.0
864,1212,1101.3
864,1223,4197.35
864,1232,10.0
864,1345,55.0
865,7,6.0
865,102,1742.1000000000001
865,183,10.0
865,196,12.0
865,215,10.0
865,241,16.0
865,250,1274.0
865,306,5252.0
865,312,11.0
865,352,17.0
865,382,159.05
865,398,10.0
865,425,10.0
865,444,20.0
865,456,10.0
865,465,11006.95
865,504,10.0
865,512,10.0
865,525,62.0
865,602,29.0
865,663,58.0
865,671,5289.6
865,690,11.0
865,713,11.0
865,721,10.0
865,773,22.0
865,796,20.0
865,798,12.0
865,803,16.0
865,824,115.0
865,852,113.0
865,886,10.0
865,923,21.0
865,939,262.0
865,949,929.0
865,957,10.0
865,976,51.0
865,1009,10.0
865,1013,149.0
865,1047,12.0
865,1061,10.0
865,1082,4154.4
865,1083,4.0
865,1112,105.0
865,1136,10.0
865,1216,135.0
865,1237,14.0
865,1257,3665.1499999999996
865,1299,10.0
865,1304,10.0
866,109,10.0
866,172,10.0
866,188,142.0
866,314,42.0
866,385,4.0
866,404,52.0
866,469,10.0
866,486,10.0
866,498,1628.5
866,512,76.3
866,513,3348.35
866,529,10.0
866,554,154.0
866,557,10.0
866,634,14.0
866,637,62.0
866,692,86.0
866,698,10.0
866,771,10.0
866,776,10.0
866,853,10.0
866,863,10328.15
866,889,10.0
866,945,137.0
866,970,10.0
866,987,48.0
866,1011,10.0
866,1028,388.0
866,1045,10.0
866,1150,24.0
866,1196,3427.45
866,1206,2378.7
866,1241,10.0
866,1311,22.0
867,51,1487.0
867,52,24.0
867,78,318.0
867,101,125.0
867,110,107.0
867,172,10.0
867,195,1930.4
867,209,63.0
867,227,18.0
867,260,16.0
867,271,6.0
867,275,98.0
867,295,21.0
867,302,10.0
867,340,117.0
867,369,2794.2
867,374,69.0
867,404,10.0
867,406,6.0
867,409,1479.05
867,554,25.0
867,649,10.0
867,699,78.0
867,756,14.0
867,806,184.0
867,825,130.0
867,889,17.0
867,896,30.0
867,964,10.0
867,977,12.0
867,1032,93.0
867,1053,13.0
867,1058,77.0
867,1083,9.0
867,1164,1574.0
867,1165,10.0
867,1225,10890.85
867,1234,13.0
867,1237,337.0
867,1265,95.0
867,1274,22.0
867,1290,12.0
867,1292,10.0
867,1303,10.0
867,1309,10.0
868,30,377.0
868,37,10.0
868,45,275.0
868,112,31.0
868,123,10.0
868,133,10.0
868,192,14.0
868,202,34.0
868,225,11.0
868,243,105.0
868,270,10.0
868,282,10.0
868,330,12.0
868,335,3389.4
868,356,10.0
868,362,201.0
868,439,20.0
868,442,24.0
868,446,10.0
868,515,10.0
868,546,32.0
868,578,10.0
868,590,805.0
868,727,10.0
868,765,7975.0
868,801,10.0
868,836,55.05
868,967,59.0
868,974,10.0
868,993,10.0
868,1035,10.0
868,1068,22.0
868,1172,25.0
868,1173,8.0
868,1235,32.0
868,1327,159.0
868,1354,7.0
868,1363,1278.8
869,3,10.0
869,30,38.0
869,52,658.0
869,68,10.0
869,84,4881.6
869,125,3.0
869,127,11.0
869,224,10.0
869,248,10.0
869,260,9.0
869,275,10.0
869,287,10.0
869,295,36.0
869,379,542.0
869,416,10.0
869,524,25.0
869,526,95.0
869,538,14.0
869,557,13.0
869,583,35.0
869,585,85.0
869,604,3.0
869,605,27.0
869,616,24.0
869,632,10.0
869,703,10.0
869,728,10.0
869,748,13.0
869,901,43.0
869,913,6921.9
869,925,123.0
869,986,10.0
869,1006,4660.75
869,1047,25.0
869,1053,32.0
869,1065,10.0
869,1181,10.0
869,1233,8045.5
869,1237,13.0
869,1253,46.0
869,1299,14.0
869,1309,10.0
869,1323,19.0
869,1342,10.0
870,50,12.0
870,114,10.0
870,121,205.0
870,144,69.0
870,187,125.0
870,241,17.0
870,312,11.0
870,616,12.0
870,849,10.0
870,1008,75.0
870,1019,38.0
870,1114,6439.0
870,1191,105.0
871,3,38.0
871,60,12.0
871,75,10.0
871,97,16.0
871,113,2633.45
871,127,10.0
871,160,36.0
871,172,90.0
871,188,138.0
871,190,14.0
871,273,6877.8
871,299,10.0
871,302,11.0
871,307,14.0
871,365,16.0
871,380,22.55
871,412,42.0
871,438,139.0
871,455,12.0
871,513,171.0
871,529,20.0
871,569,10.0
871,585,10.0
871,595,10.0
871,598,11096.35
871,602,10.0
871,680,19.0
871,735,17.0
871,736,10.0
871,755,11.0
871,776,168.0
871,785,10.0
871,800,16.0
871,802,237.0
871,860,10.0
871,902,37.0
871,921,25.0
871,943,225.0
871,963,22.0
871,1022,10.0
871,1023,60.0
871,1044,13.0
871,1105,143.0
871,1205,10.0
871,1208,11.0
871,1222,37.0
871,1302,19.0
871,1312,4688.75
872,27,10.0
872,75,10.0
872,102,15.0
872,117,412.0
872,220,551.0
872,273,10.0
872,295,10.0
872,338,13.0
872,340,10.0
872,404,132.0
872,406,5325.25
872,483,10.0
872,625,10.0
872,715,10.0
872,796,8038.15
872,848,7485.0
872,863,28.0
872,919,10.0
872,969,4851.4
872,1265,9641.65
872,1328,2120.0
873,12,85.0
873,32,8884.5
873,74,10899.4
873,85,488.0
873,183,420.0
873,219,10.0
873,314,52.0
873,321,10.0
873,325,8777.45
873,351,11.0
873,370,14.0
873,404,67.0
873,434,4107.45
873,459,23.0
873,588,10.0
873,618,10.0
873,659,36.0
873,851,12.0
873,972,10.0
873,1044,2312.0
873,1140,19.0
873,1147,36.0
873,1180,27.0
873,1252,13.0
873,1293,26.0
873,1301,22.0
873,1303,10.0
873,1336,24.0
873,1356,98.0
874,15,10.0
874,25,2130.0
874,57,70.0
874,65,10.0
874,77,10.0
874,138,3.0
874,152,52.0
874,158,15.0
874,244,10.0
874,360,17.0
874,478,15.0
874,519,40.0
874,530,10.0
874,578,11.0
874,589,152.0
874,614,10.0
874,639,10.0
874,650,24.0
874,732,963.0
874,864,10.0
874,934,6578.4
874,1063,10.0
874,1076,11162.3
874,1085,82.0
874,1119,10.0
874,1128,26.5
874,1202,9.0
874,1313,13.0
876,142,10.0
876,173,26.0
876,210,2933.45
876,214,10.0
876,362,10.0
876,396,51.0
876,448,12.0
876,543,106.0
876,684,10.0
876,697,53.0
876,706,182.0
876,764,86.0
876,981,14.0
876,983,231.0
876,995,56.0
876,1066,16.0
876,1068,10.0
876,1173,28.0
876,1184,273.0
876,1198,247.0
876,1245,10.0
876,1324,7128.35
876,1329,25.0
876,1331,25.0
876,1348,23.0
877,41,10.0
877,50,10.0
877,131,23.0
877,160,18.0
877,164,1489.0
877,353,7.0
877,400,20.0
877,522,10.0
877,539,33.0
877,567,10.0
877,571,8494.25
877,581,10.0
877,610,2216.0
877,622,8025.65
877,626,10.0
877,679,57.0
877,704,25.0
877,739,169.0
877,760,7945.65
877,791,10.0
877,906,11.0
877,915,47.0
877,931,1340.0
877,935,7.0
877,939,11.0
877,972,10.0
877,988,10.0
877,993,10.0
877,1026,4255.0
877,1088,200.0
877,1096,5248.5
877,1113,3616.55
877,1118,10.0
877,1120,10.0
877,1127,10.0
877,1290,10.0
877,1291,10.0
877,1311,23.0
877,1315,10.0
877,1316,10.0
877,1341,11.0
877,1358,10.0
878,52,10.0
878,84,68.0
878,176,10.0
878,184,10.0
878,222,10.0
878,271,62.0
878,294,59.0
878,438,13.0
878,461,4053.8
878,464,10.0
878,484,186.0
878,557,10.0
878,581,105.0
878,649,11.0
878,662,2034.0
878,703,2464.2
878,729,20.5
878,736,10.0
878,793,11.0
878,819,416.0
878,884,59.0
878,902,547.0
878,942,17.0
878,950,3285.75
878,964,50.0
878,966,10.0
878,978,10.0
878,1006,10.0
878,1023,2687.0
878,1079,3846.1
878,1099,10.0
878,1109,8.0
878,1111,10.0
878,1131,93.0
878,1188,47.0
878,1206,6.0
878,1222,102.0
878,1323,4473.3
881,4,3.0
881,26,10.0
881,31,10.0
881,74,10.0
881,110,21.0
881,118,188.1
881,136,2269.9
881,209,10.0
881,272,14.0
881,314,79.0
881,348,1572.0
881,370,31.0
881,379,26.0
881,384,25.0
881,405,10.0
881,451,10.0
881,471,5415.95
881,484,10.0
881,488,2680.45
881,502,11.0
881,507,17.0
881,573,10.0
881,577,24.0
881,581,72.0
881,588,10.0
881,642,15.0
881,674,10.0
881,731,12.0
881,775,16.0
881,806,24.0
881,827,4381.3
881,831,716.85
881,893,18.0
881,951,19.0
881,987,2326.7
881,1035,5673.75
881,1042,11.0
881,1060,95.0
881,1062,10.0
881,1077,270.0
881,1094,15.0
881,1096,11.0
881,1165,10.0
881,1180,10.0
881,1237,21.0
881,1252,1542.55
881,1290,10.0
881,1298,10.0
882,12,10.0
882,27,14.0
882,32,240.0
882,38,12.0
882,39,66.0
882,49,21.0
882,52,10.0
882,56,17.0
882,84,32.0
882,87,10.0
882,122,24.0
882,127,10.0
882,222,17.0
882,227,7.0
882,280,10402.7
882,281,5.0
882,329,10.0
882,371,10.0
882,379,10.0
882,409,13.0
882,455,11.0
882,533,33.0
882,561,594.0
882,568,214.0
882,632,46.0
882,824,11.0
882,893,27.0
882,898,10.0
882,951,10.0
882,953,10.0
882,976,4.0
882,982,10.0
882,1051,10.0
882,1106,3932.05
882,1112,10.0
882,1200,2561.75
882,1237,10.0
882,1265,11.0
882,1285,10.0
883,151,10.0
883,154,10.0
883,155,10.0
883,198,6.0
883,202,10.0
883,221,41.0
883,240,8.2
883,242,19.0
883,246,119.0
883,255,10.0
883,306,181.0
883,337,791.1
883,341,9.0
883,353,10.0
883,392,23.0
883,402,10095.45
883,419,11.0
883,431,15.0
883,488,10.0
883,517,10.0
883,579,104.0
883,584,112.0
883,655,11.0
883,826,56.6
883,896,82.0
883,910,212.0
883,972,10.0
883,985,14.0
883,1008,3296.4
883,1011,103.0
883,1015,14.0
883,1018,192.0
883,1185,2766.65
883,1191,4073.15
883,1224,86.0
883,1258,10.0
883,1291,134.0
883,1318,78.0
883,1319,13.0
883,1352,10.0
884,127,11.0
884,183,10.0
884,190,57.0
884,237,400.0
884,275,2880.7
884,302,10.0
884,336,27.0
884,340,8327.2
884,352,43.0
884,444,1784.15
884,506,20.0
884,526,8.2
884,540,53.0
884,541,138.0
884,557,78.0
884,618,12.0
884,701,81.0
884,710,28.0
884,733,64.0
884,770,5463.25
884,782,42.0
884,792,14.0
884,803,12.0
884,878,59.0
884,902,36.0
884,918,22.0
884,942,68.0
884,959,4549.1
884,964,41.0
884,998,12.0
884,1021,13.0
884,1023,88.0
884,1065,10.0
884,1080,48.0
884,1197,172.0
884,1216,3417.6
884,1222,20.0
884,1237,403.0
884,1256,10.0
884,1274,12.0
884,1299,26.0
884,1309,437.0
885,15,49.0
885,59,16.0
885,96,11.0
885,100,30.0
885,112,21.0
885,130,49.0
885,134,8.0
885,138,10.0
885,142,10.0
885,173,17.0
885,179,10.0
885,210,202.0
885,218,10.0
885,228,12.0
885,298,3647.75
885,332,11.0
885,394,10.0
885,415,10.0
885,433,99.0
885,463,23.0
885,477,27.0
885,556,10.0
885,566,10.0
885,592,21.0
885,593,3.0
885,600,20.0
885,628,11.0
885,630,86.0
885,650,10.0
885,664,10.0
885,670,10.0
885,677,10.0
885,685,10.0
885,689,4.0
885,705,22.0
885,706,10.0
885,720,23.0
885,745,16.0
885,820,10.0
885,858,58.0
885,896,20.0
885,932,10.0
885,1046,862.0
885,1074,47.0
885,1107,10.0
885,1146,10.0
885,1192,10.0
885,1197,10.0
885,1204,10.0
885,1223,13.0
885,1244,21.0
885,1250,4105.35
885,1317,19.0
885,1361,10.0
885,1363,32.0
886,1,827.0
886,20,88.0
886,32,376.0
886,68,100.0
886,78,42.0
886,101,5073.15
886,122,8003.0
886,143,3900.1
886,209,28.0
886,211,210.0
886,220,10.0
886,222,10.0
886,224,10.0
886,229,10.0
886,248,70.0
886,302,16.0
886,338,260.0
886,340,11.0
886,348,10.0
886,365,17.0
886,382,10.0
886,404,24.0
886,444,51.0
886,466,128.0
886,504,12.0
886,512,40.0
886,513,79.0
886,647,833.0
886,749,10.0
886,756,32.0
886,770,10.0
886,785,10.0
886,830,14.0
886,848,188.0
886,865,10.0
886,893,10.0
886,905,250.0
886,916,10.0
886,950,420.0
886,951,36.0
886,979,13.0
886,999,10.0
886,1011,5176.05
886,1022,12.0
886,1032,10.0
886,1053,26.5
886,1121,10.0
886,1130,7.0
886,1159,16.0
886,1161,9870.85
886,1205,10.0
886,1225,10.0
886,1254,10.0
886,1256,3128.55
886,1277,10.0
886,1302,10.0
886,1305,10.0
886,1349,10.0
886,1359,10.0
887,137,10.0
887,161,10.0
887,165,20.5
887,194,10.0
887,360,30.0
887,418,26.2
887,430,8795.05
887,439,10.0
887,442,63.55
887,470,10.0
887,520,10.0
887,523,13.0
887,612,10.0
887,648,9365.85
887,683,20.5
887,686,7479.7
887,719,18.0
887,769,26.0
887,829,3693.3
887,858,37.1
887,1074,18.0
887,1188,8.0
887,1192,10.0
887,1334,441.0
888,121,185.0
888,140,14.0
888,144,10.0
888,241,10.0
888,626,11.0
888,1114,10.0
888,1190,13.0
888,1191,211.0
888,1196,10.0
889,34,12.0
889,51,14.0
889,124,11162.3
889,131,9.0
889,181,26.0
889,185,11.0
889,204,24.0
889,216,39.0
889,220,10.0
889,291,10.0
889,325,120.0
889,352,9278.35
889,365,119.0
889,404,470.0
889,450,10.0
889,476,23.0
889,482,5465.9
889,483,2847.6
889,573,20.0
889,588,64.0
889,679,41.0
889,729,4.0
889,747,29.0
889,773,8345.6
889,805,52.0
889,806,10.0
889,811,31.0
889,812,10.0
889,834,6.0
889,866,10.0
889,867,17.0
889,918,22.0
889,1001,10.0
889,1043,61.0
889,1062,20.0
889,1124,6900.9
889,1206,10.0
889,1225,13.0
889,1250,81.0
889,1251,67.0
889,1254,35.0
889,1285,20.0
889,1323,10.0
889,1326,29.0
889,1335,10.0
890,9,1564.05
890,13,11.0
890,46,32.8
890,195,10.0
890,248,20.0
890,302,10.0
890,365,22.0
890,413,3.0
890,465,700.0
890,545,15.0
890,585,10.0
890,631,12.0
890,750,10.0
890,838,1916.05
890,901,30.5
890,913,10.0
890,939,35.0
890,1130,9.0
890,1154,26.0
890,1258,600.0
890,1264,15.0
890,1319,10.0
891,12,10.0
891,47,50.0
891,63,10.0
891,71,36.0
891,119,335.0
891,184,10.0
891,213,61.0
891,251,735.0
891,285,18.0
891,314,596.0
891,329,76.0
891,340,65.0
891,343,10.0
891,370,8217.55
891,380,14.0
891,385,10.0
891,412,725.0
891,426,5392.2
891,445,561.0
891,466,17.0
891,509,10.0
891,512,10.0
891,517,253.0
891,577,10.0
891,583,18.0
891,587,12.0
891,623,30.0
891,634,13.0
891,645,72.0
891,727,10.0
891,749,47.0
891,751,770.0
891,756,158.0
891,779,93.0
891,793,14.0
891,833,47.0
891,845,1751.9
891,856,22.0
891,861,26.0
891,916,10.0
891,921,5266.45
891,940,11.0
891,951,10.0
891,961,21.0
891,962,44.0
891,976,10.0
891,978,6645.35
891,994,29.0
891,1007,352.0
891,1022,10.0
891,1024,10.0
891,1052,7.0
891,1064,21.0
891,1065,10.0
891,1129,4996.1
891,1130,88.0
891,1139,21.0
891,1140,19.0
891,1158,6.0
891,1187,12.0
891,1193,19.0
891,1211,144.0
891,1216,156.0
891,1234,141.0
891,1241,10.0
891,1256,190.0
891,1273,10.0
891,1281,63.0
891,1284,14.0
891,1303,66.0
891,1322,10.0
891,1336,95.0
893,7,10.0
893,38,10.0
893,52,11.0
893,94,10.0
893,184,10.0
893,204,2953.35
893,209,345.0
893,236,24.0
893,248,21.0
893,271,15.0
893,274,39.0
893,280,25.0
893,281,15.0
893,312,36.0
893,338,13.0
893,365,6.0
893,369,401.0
893,374,20.0
893,375,804.0
893,382,10.0
893,389,32.0
893,450,6637.3
893,465,12.0
893,466,20.0
893,476,16.0
893,524,13.0
893,592,10.0
893,626,10.0
893,634,31.8
893,649,10.0
893,659,5477.0
893,669,10.0
893,699,10.0
893,712,10.0
893,756,60.0
893,812,49.0
893,827,14.0
893,848,329.0
893,863,10.0
893,881,18.0
893,882,27.0
893,886,10.0
893,905,6.0
893,921,386.0
893,947,24.0
893,951,9567.1
893,968,10.0
893,978,5217.5
893,1062,9659.9
893,1064,39.0
893,1129,10.0
893,1139,10.0
893,1156,2127.7
893,1161,164.0
893,1168,96.0
893,1234,216.0
893,1241,10.0
893,1282,63.0
893,1284,10.0
893,1309,14.0
893,1312,76.0
893,1314,10.0
893,1352,10.0
894,70,28.0
894,77,3365.95
894,96,10.0
894,126,4.0
894,128,3.0
894,205,6633.45
894,208,45.0
894,245,119.0
894,253,19.0
894,300,10.0
894,305,150.0
894,334,19.0
894,418,11.0
894,421,176.0
894,427,10.0
894,435,27.0
894,457,52.0
894,473,10.0
894,553,22.0
894,576,32.0
894,629,72.0
894,801,6.0
894,805,14.0
894,823,45.0
894,850,10.0
894,896,10.0
894,981,10.0
894,1012,10.0
894,1072,10.0
894,1107,4986.35
894,1111,331.0
894,1155,313.0
894,1189,15.0
894,1192,3.0
894,1207,10.0
894,1212,10.0
894,1229,214.0
894,1231,6.0
894,1245,70.0
894,1278,10.0
894,1282,1022.5
894,1300,2525.45
894,1327,7274.4
895,34,33.0
895,73,51.0
895,140,10.0
895,207,36.0
895,248,10.0
895,292,10.0
895,299,10.0
895,387,114.0
895,398,15.0
895,455,89.0
895,512,10.0
895,532,10.0
895,669,54.0
895,718,903.0
895,775,2034.0
895,778,43.0
895,904,15.0
895,912,66.0
895,948,68.0
895,976,10.0
895,1009,10.0
895,1129,6.0
895,1298,10640.35
895,1323,10.0
895,1349,6.0
895,1359,182.0
896,41,4316.35
896,155,87.0
896,160,10.0
896,179,104.0
896,259,50.0
896,294,147.0
896,321,27.0
896,323,10.0
896,343,9535.75
896,367,10.0
896,373,10.0
896,384,10.0
896,397,50.0
896,402,104.0
896,411,575.0
896,444,10.0
896,469,241.0
896,477,624.0
896,512,26.0
896,541,82.0
896,550,131.0
896,555,20.0
896,584,10.0
896,611,148.0
896,621,12.0
896,622,53.0
896,680,10.0
896,735,18.0
896,867,30.0
896,883,82.0
896,885,20.0
896,894,10.0
896,903,5487.4
896,954,10.0
896,973,11.0
896,1007,3173.1
896,1018,69.0
896,1026,9539.15
896,1072,681.0
896,1113,7225.6
896,1140,71.0
896,1193,55.0
896,1194,11.0
896,1197,181.0
896,1224,338.0
896,1225,207.0
896,1258,11.0
896,1265,1226.0
896,1281,37.0
897,17,10457.7
897,20,36.0
897,123,10.0
897,183,10.0
897,201,26.5
897,209,13.0
897,232,37.0
897,275,10.0
897,285,10.0
897,375,14.0
897,404,10.0
897,405,13.0
897,452,10.0
897,476,229.6
897,507,37.0
897,538,10.0
897,558,64.0
897,583,5387.25
897,631,10.0
897,649,26.5
897,654,12.0
897,711,31.0
897,721,26.5
897,758,3649.7999999999997
897,770,10.0
897,785,14.0
897,798,18.0
897,824,10.0
897,898,14.0
897,901,10.0
897,930,10.0
897,947,5002.65
897,997,3799.85
897,1040,10.0
897,1072,15.0
897,1103,13.0
897,1127,11.0
897,1140,41.0
897,1199,26.5
897,1205,74.0
897,1208,17.0
897,1270,100.0
897,1281,29.0
897,1289,13.0
898,7,10.0
898,17,1288.0
898,71,10.0
898,103,10.0
898,110,15.0
898,114,423.0
898,136,10.0
898,229,16.0
898,280,10.0
898,312,32.0
898,352,25.0
898,382,96.0
898,428,12.0
898,444,6.0
898,476,10.0
898,483,34.0
898,486,10.0
898,488,17.0
898,544,4042.4
898,649,189.0
898,671,98.0
898,699,11.0
898,714,6.0
898,735,10.0
898,758,25.0
898,803,111.0
898,824,4942.35
898,860,10.0
898,882,10.0
898,897,14.0
898,905,35.0
898,918,3210.4
898,928,99.0
898,965,10.0
898,969,225.0
898,970,10.0
898,986,132.0
898,997,7168.4
898,1044,12.0
898,1045,110.0
898,1047,30.0
898,1051,65.0
898,1058,18.0
898,1121,10.0
898,1161,63.0
898,1179,98.0
898,1265,26.0
898,1273,25.0
898,1286,4074.6
899,100,26.0
899,144,10.0
899,188,10.0
899,208,48.0
899,242,2842.6
899,300,11.0
899,373,10.0
899,393,10.0
899,457,11162.3
899,494,25.0
899,555,370.0
899,579,2550.65
899,956,20.5
899,992,12.0
899,1000,10.0
899,1003,19.0
899,1090,10.0
899,1119,12.0
899,1151,10.0
899,1189,63.0
899,1231,4398.5
901,9,10.0
901,38,20.5
901,45,11.0
901,73,32.5
901,103,94.3
901,229,4965.7
901,340,10.0
901,379,2098.4
901,484,10.0
901,545,10.0
901,554,10.0
901,583,6.0
901,585,9423.85
901,598,11.0
901,709,10.0
901,869,43.0
901,890,30.5
901,897,10.0
901,998,10.0
901,1036,10.0
901,1053,10.0
901,1065,35.0
901,1166,41.0
901,1197,7.0
901,1205,4.0
901,1215,21.0
902,9,5227.1
902,46,6204.75
902,97,12.0
902,130,10.0
902,179,10.0
902,190,70.0
902,271,2238.0
902,297,10.0
902,302,109.0
902,365,150.0
902,478,10.0
902,484,10.0
902,497,24.0
902,513,27.0
902,521,21.0
902,541,10.0
902,557,53.0
902,598,30.0
902,613,21.0
902,621,31.0
902,625,12.0
902,647,21.0
902,729,34.0
902,771,21.0
902,782,10.0
902,806,28.0
902,819,12.0
902,871,37.0
902,878,547.0
902,884,36.0
902,892,8.0
902,913,5842.7
902,923,13.0
902,942,11152.3
902,969,4.0
902,1022,28.0
902,1023,10.0
902,1080,45.0
902,1082,21.0
902,1105,33.0
902,1111,215.0
902,1155,237.0
902,1221,10.0
902,1222,154.0
902,1233,8895.25
902,1309,10.0
903,23,27.0
903,41,7076.299999999999
903,114,176.0
903,140,29.0
903,164,10.0
903,169,28.0
903,196,48.0
903,239,10.0
903,241,16.0
903,316,6.0
903,320,35.0
903,343,28.7
903,353,47.0
903,479,10.0
903,508,68.0
903,574,10.0
903,610,20.0
903,616,169.0
903,621,41.0
903,665,10.0
903,704,2132.0
903,896,5487.4
903,954,10.0
903,979,10.0
903,989,10.0
903,1007,5318.95
903,1008,10.0
903,1015,66.0
903,1091,10.0
903,1113,11.0
903,1146,52.0
903,1154,361.0
903,1190,10.0
903,1191,92.0
903,1193,77.0
903,1221,50.0
903,1226,42.0
903,1262,6.0
903,1265,197.0
903,1294,22.0
903,1305,10.0
903,1323,432.0
904,1,10.0
904,13,10.0
904,68,26.5
904,127,40.0
904,224,10.0
904,273,46.9
904,331,32.0
904,380,12.0
904,406,10.0
904,502,10.0
904,588,94.0
904,598,10.0
904,625,392.0
904,755,88.0
904,767,14.0
904,775,10.0
904,799,123.0
904,834,6677.75
904,895,15.0
904,997,10.0
904,1021,10.0
904,1042,10762.2
904,1043,1800.9
904,1094,3214.35
904,1099,14.0
904,1124,10.0
904,1206,11.0
904,1326,14.0
905,38,35.0
905,52,27.0
905,75,12.0
905,103,11.0
905,122,154.0
905,212,34.0
905,221,10.0
905,236,40.0
905,247,10.0
905,248,6.0
905,271,50.0
905,281,6.0
905,302,23.0
905,363,222.0
905,365,10.0
905,374,55.0
905,375,11.0
905,404,99.0
905,444,32.0
905,465,10.0
905,466,10143.85
905,479,28.0
905,506,13.0
905,512,75.0
905,575,10.0
905,625,58.0
905,634,7754.3
905,699,112.0
905,709,109.0
905,712,11.0
905,886,250.0
905,893,6.0
905,898,35.0
905,941,10.0
905,945,10.0
905,951,10.0
905,957,13.0
905,977,10.0
905,978,56.0
905,980,10.0
905,986,10.0
905,999,10.0
905,1058,10.0
905,1099,151.0
905,1111,25.0
905,1129,34.0
905,1139,48.0
905,1161,192.0
905,1205,32.0
905,1221,216.0
905,1234,10.0
905,1254,24.0
905,1265,16.0
905,1281,93.0
905,1284,6822.05
905,1285,10.0
905,1309,31.0
906,40,3.0
906,41,61.0
906,70,10.0
906,102,224.0
906,189,229.0
906,219,15.0
906,225,123.0
906,243,83.0
906,334,43.0
906,397,49.0
906,443,74.0
906,541,37.0
906,567,25.0
906,571,17.0
906,610,6874.0
906,622,8440.7
906,642,15.0
906,653,12.0
906,654,120.0
906,738,9712.3
906,760,7816.45
906,795,64.0
906,826,12.0
906,845,31.0
906,860,1256.0
906,877,11.0
906,926,105.0
906,943,59.0
906,954,20.5
906,1026,10.0
906,1084,281.0
906,1113,76.0
906,1120,4010.5
906,1140,73.0
906,1144,96.0
906,1166,17.0
906,1193,18.0
906,1194,12.0
906,1226,10.0
906,1281,65.0
906,1305,36.0
906,1322,60.0
907,44,4257.4
907,45,10.0
907,81,15.0
907,104,10.0
907,114,991.0
907,151,10.0
907,202,50.0
907,216,10.0
907,239,34.0
907,256,10.0
907,291,15.0
907,305,34.0
907,306,93.0
907,388,31.0
907,395,1463.0
907,402,10.0
907,411,10.0
907,431,10.0
907,453,120.0
907,477,23.0
907,509,10.0
907,538,16.0
907,542,185.0
907,567,17.0
907,590,4960.75
907,603,10.0
907,607,914.45
907,651,10.0
907,665,33.0
907,672,10.0
907,680,10.0
907,691,10.0
907,750,10.0
907,817,10.0
907,826,10.0
907,842,3058.9
907,952,10.0
907,1018,21.0
907,1036,161.0
907,1052,10.0
907,1082,20.0
907,1091,10.0
907,1098,10.0
907,1130,10.0
907,1140,44.0
907,1221,10.0
907,1228,104.0
907,1241,120.0
907,1281,10.0
907,1287,320.0
907,1293,10.0
908,23,10.0
908,29,69.0
908,131,17.0
908,265,7836.8
908,345,4.0
908,367,20.5
908,371,11068.35
908,496,10.0
908,528,79.0
908,672,174.9
908,694,180.0
908,791,6371.55
908,824,101.0
908,931,1357.4
908,963,10.0
908,1089,10.0
908,1113,10.0
908,1118,1663.85
908,1263,52.4
908,1291,940.95
910,88,10.0
910,114,10.0
910,123,10.0
910,198,6708.35
910,202,140.0
910,240,3478.75
910,267,16.0
910,319,7.0
910,328,10.0
910,388,10.0
910,431,10657.8
910,467,6.0
910,477,10.0
910,509,11.0
910,528,10.0
910,538,21.0
910,563,10.0
910,594,21.0
910,611,10.0
910,621,19.0
910,638,10.0
910,654,48.0
910,713,296.0
910,716,18.0
910,730,19.0
910,761,10.0
910,883,212.0
910,911,16.0
910,914,21.0
910,935,21.0
910,939,10.0
910,968,32.0
910,993,6.0
910,1008,3049.25
910,1174,10.0
910,1191,5441.5
910,1224,29.0
910,1235,828.2
910,1294,11.0
911,198,1993.4
911,243,33.0
911,437,20.5
911,637,12.0
911,680,5607.1
911,910,16.0
911,1057,10.0
911,1119,9.0
911,1158,10.0
911,1235,34.0
912,45,38.0
912,60,7.0
912,101,72.0
912,243,68.0
912,247,10.0
912,398,150.0
912,455,10.0
912,477,10.0
912,547,6.0
912,587,91.0
912,588,25.0
912,669,10774.0
912,819,153.6
912,895,66.0
912,948,10.0
912,988,10.0
912,1057,26.5
912,1127,10.0
912,1180,1770.8
912,1252,13.0
912,1289,355.0
912,1293,10.0
912,1294,11.0
912,1342,20.0
912,1351,84.0
912,1358,10.0
913,9,852.0
913,12,10.0
913,46,209.7
913,52,16.0
913,75,97.0
913,78,103.0
913,84,34.0
913,176,10.0
913,186,3.0
913,222,33.0
913,271,10.0
913,280,13.0
913,341,10.0
913,365,19.0
913,409,13.0
913,484,10.0
913,488,10.0
913,606,21.0
913,659,103.0
913,709,10.0
913,714,16.0
913,780,19.0
913,838,10.0
913,869,6921.9
913,890,10.0
913,902,5842.7
913,942,11.0
913,953,20.0
913,977,10.0
913,979,57.0
913,1006,7273.45
913,1032,10.0
913,1047,239.0
913,1051,10.0
913,1111,10.0
913,1115,10.0
913,1155,10.0
913,1199,15.0
913,1221,135.0
913,1233,4950.45
913,1256,11.0
913,1264,241.0
913,1283,31.0
913,1293,15.0
913,1301,67.0
913,1336,82.0
914,4,7699.35
914,88,10.0
914,119,20.0
914,123,17.0
914,139,10.0
914,197,40.0
914,211,19.0
914,263,16.0
914,392,74.0
914,407,11.0
914,415,15.0
914,431,10.0
914,469,7312.1
914,483,10.0
914,484,97.0
914,485,10.0
914,529,19.0
914,531,10.0
914,538,59.0
914,564,9.0
914,577,20.5
914,730,173.0
914,731,24.0
914,775,10.0
914,818,13.0
914,819,165.0
914,847,68.0
914,863,21.0
914,910,21.0
914,988,21.0
914,1004,10.0
914,1052,10.0
914,1059,10.0
914,1064,10.0
914,1072,907.0
914,1117,34.0
914,1174,147.0
914,1207,10.0
914,1285,13.0
914,1286,19.0
914,1294,10.0
915,9,10.0
915,56,10.0
915,78,10.0
915,160,519.0
915,184,10.0
915,247,10.0
915,251,1323.0
915,336,10.0
915,351,32.0
915,409,23.0
915,426,10.0
915,438,532.0
915,455,20.0
915,498,10.0
915,513,1329.0
915,526,1533.5
915,545,10.0
915,559,1297.0
915,574,947.0
915,587,1216.0
915,610,14.0
915,663,10.0
915,713,943.0
915,750,23.0
915,752,10.0
915,776,29.0
915,838,29.0
915,877,47.0
915,926,10.0
915,944,5159.45
915,1010,462.0
915,1041,10.0
915,1083,30.0
915,1109,11.0
915,1115,17.0
915,1167,11.0
915,1264,2177.15
915,1323,101.0
916,40,26.0
916,154,1028.0
916,188,29.0
916,259,10.0
916,370,16.0
916,389,10.0
916,397,193.0
916,452,10.0
916,467,10.0
916,532,10.0
916,584,11.0
916,608,94.0
916,622,10.0
916,623,42.0
916,693,4191.2
916,790,10.0
916,849,9947.8
916,886,10.0
916,891,10.0
916,923,16.0
916,957,37.0
916,959,34.0
916,968,123.0
916,1139,26.0
916,1259,10.0
916,1284,17.0
916,1341,10.0
916,1359,58.0
918,61,72.0
918,181,15.0
918,209,10.0
918,212,10.0
918,232,50.0
918,374,260.0
918,385,10.0
918,466,28.0
918,533,36.0
918,544,6799.450000000001
918,604,23.0
918,616,11.0
918,642,14.0
918,698,119.0
918,744,10.0
918,773,10.0
918,775,26.0
918,809,10.0
918,812,11.0
918,824,10.0
918,884,22.0
918,889,22.0
918,898,3210.4
918,997,918.05
918,1001,58.0
918,1004,10.0
918,1064,1135.9499999999998
918,1115,21.0
918,1154,10.0
918,1215,14.0
918,1254,5492.1
919,34,1371.0
919,111,13.0
919,118,10.0
919,123,7158.85
919,146,14.0
919,201,10.0
919,331,18.0
919,338,26.0
919,352,54.0
919,406,10.0
919,451,10.0
919,476,10.0
919,483,57.0
919,532,2992.85
919,583,127.0
919,618,16.0
919,696,6.0
919,770,10.0
919,824,303.0
919,827,10.0
919,872,10.0
919,987,23.0
919,1022,49.0
919,1042,19.0
919,1077,10.0
919,1195,10.0
919,1256,10.0
919,1326,11.0
920,22,10.0
920,37,10.0
920,133,55.0
920,245,45.0
920,269,6599.65
920,300,50.0
920,322,10.0
920,359,10.0
920,383,2015.9
920,392,10.6
920,555,78.0
920,674,10.0
920,688,17.0
920,730,1722.8
920,797,10.0
920,815,23.0
920,854,19.0
920,862,5.0
920,1003,10.0
920,1037,10.0
920,1038,8.0
920,1046,10.0
920,1063,56.0
920,1069,1483.0
920,1145,73.0
920,1158,3342.45
920,1178,23.0
920,1204,10933.65
920,1220,2362.5
920,1229,12.0
920,1232,10.0
920,1363,1002.0
921,34,10.0
921,78,10.0
921,146,18.0
921,184,20.5
921,186,55.0
921,204,4413.35
921,251,12.3
921,274,10291.8
921,340,166.0
921,370,20.5
921,412,1838.5
921,426,2393.85
921,452,7.0
921,476,30.0
921,508,11.0
921,529,10.0
921,531,236.0
921,557,18.0
921,568,13.0
921,585,10.0
921,625,10.0
921,703,10.0
921,712,21.0
921,736,51.0
921,776,10.0
921,800,3930.25
921,851,10.0
921,861,10.0
921,871,25.0
921,891,5266.45
921,893,386.0
921,941,34.0
921,947,96.0
921,951,10.0
921,957,27.0
921,963,16.0
921,978,1724.7
921,982,10.0
921,1064,72.0
921,1091,11.0
921,1129,65.0
921,1155,1337.0
921,1156,3361.95
921,1206,21.0
921,1265,36.0
921,1290,10.0
921,1309,1682.8
922,22,10.0
922,48,10.0
922,120,19.0
922,124,11.0
922,289,19.0
922,370,3.0
922,426,10.0
922,435,18.0
922,516,10.0
922,617,37.0
922,660,17.0
922,756,93.0
922,763,10.0
922,765,13.0
922,798,10.0
922,816,10.0
922,828,10.0
922,924,111.0
922,945,10.0
922,990,1843.65
922,991,64.0
922,1039,10.0
922,1055,15.0
922,1099,13.0
922,1108,10.0
922,1130,63.0
922,1192,10.0
922,1206,243.0
922,1313,10.0
922,1316,27.0
922,1325,10.0
922,1335,301.0
922,1355,10.0
922,1356,10.0
923,7,321.0
923,68,10.0
923,85,133.0
923,118,111.0
923,125,10.0
923,211,11.0
923,232,10.0
923,285,36.0
923,331,243.0
923,380,10.0
923,415,10.0
923,428,53.0
923,446,10.0
923,544,68.0
923,579,42.0
923,626,10.0
923,645,16.0
923,713,654.0
923,773,10.0
923,795,10.0
923,849,18.0
923,851,10.0
923,861,47.0
923,865,21.0
923,902,13.0
923,916,16.0
923,941,14.0
923,987,159.0
923,1079,1810.0
923,1087,18.0
923,1154,10.0
923,1190,10.0
923,1266,10.0
923,1281,25.0
923,1286,6.0
923,1312,44.0
924,36,244.0
924,58,10.0
924,70,10.0
924,84,10.0
924,124,10.0
924,176,23.0
924,185,10.0
924,216,10.0
924,275,10.0
924,336,10.0
924,361,2179.0
924,375,21.0
924,384,10.0
924,385,10.0
924,398,10.0
924,405,10.0
924,426,14.0
924,434,10.0
924,534,10.0
924,538,10.0
924,575,8.2
924,614,19.0
924,652,199.0
924,703,6.0
924,709,609.0
924,756,10.0
924,798,308.0
924,821,6012.8
924,833,10.0
924,922,111.0
924,927,448.0
924,957,10.0
924,964,237.0
924,982,105.0
924,1004,10.0
924,1035,31.0
924,1047,996.5
924,1099,10.0
924,1137,560.0
924,1169,10.0
924,1216,125.0
924,1222,11.0
924,1255,492.0
924,1266,37.0
924,1315,60.0
924,1335,10833.3
925,94,28.0
925,110,10.0
925,111,10.0
925,220,8778.2
925,272,140.0
925,273,47.0
925,281,35.0
925,306,20.0
925,404,130.0
925,416,32.0
925,438,10.0
925,482,9117.6
925,588,28.0
925,653,2349.75
925,690,10.0
925,698,3291.25
925,731,4.0
925,790,20.0
925,803,2404.0
925,860,26.5
925,869,123.0
925,1021,10.0
925,1042,10.0
925,1118,11.0
925,1124,32.5
925,1252,69.0
925,1254,26.0
925,1256,10.0
925,1289,3125.05
925,1326,10.0
926,23,10.0
926,245,22.0
926,275,10.0
926,278,68.0
926,315,10.0
926,331,10.0
926,336,22.0
926,397,4079.35
926,469,10.0
926,539,1389.9
926,547,24.0
926,559,17.0
926,560,10.0
926,571,51.0
926,595,10.0
926,621,46.0
926,654,10077.65
926,725,32.55
926,738,6833.55
926,752,10.0
926,778,20.5
926,793,20.5
926,795,15.0
926,817,10.0
926,826,4.0
926,906,105.0
926,915,10.0
926,954,22.55
926,972,6197.65
926,987,15.0
926,1007,10.0
926,1026,10.0
926,1072,10.0
926,1113,21.0
926,1120,7013.35
926,1140,145.0
926,1142,20.5
926,1144,73.0
926,1199,10.0
926,1208,10.0
926,1270,1688.0
926,1281,61.0
926,1305,68.0
927,408,2457.0
927,575,52.8
927,649,28.0
927,749,21.0
927,924,448.0
927,1042,10.0
927,1047,8069.9
927,1060,10.0
927,1112,832.0
927,1216,1266.0
927,1235,202.0
927,1264,22.0
927,1269,7979.35
927,1303,596.0
928,9,10.0
928,85,42.4
928,109,1626.0
928,122,10.0
928,124,10.0
928,127,42.0
928,352,30.0
928,406,4.0
928,486,44.0
928,602,10.0
928,620,10.0
928,649,168.0
928,698,259.0
928,729,3.0
928,758,93.0
928,803,10.0
928,835,10.0
928,898,99.0
928,941,210.2
928,945,24.0
928,969,185.0
928,970,12.0
928,1027,6229.05
928,1042,10.0
928,1045,165.0
928,1051,22.0
928,1139,19.0
928,1179,11155.3
928,1328,10.0
930,29,20.5
930,60,43.05
930,104,99.0
930,111,10.0
930,121,5854.9
930,151,138.0
930,216,80.0
930,246,4899.15
930,285,68.0
930,411,14.0
930,460,10.0
930,477,41.0
930,505,10.0
930,513,10.0
930,572,10.0
930,594,10604.9
930,652,10.0
930,680,10.0
930,734,10.0
930,757,19.0
930,778,6.0
930,784,10.0
930,793,16.0
930,897,10.0
930,940,21.0
930,968,10.0
930,1002,6247.2
930,1022,10.0
930,1036,26.0
930,1065,10.0
930,1082,56.0
930,1086,10.0
930,1105,33.0
930,1110,10.0
930,1118,70.0
930,1132,10.0
930,1169,21.0
930,1259,20.5
931,9,11.0
931,23,527.0
931,131,30.5
931,140,284.0
931,155,3.0
931,157,10.0
931,164,6609.2
931,196,27.0
931,199,10.0
931,243,105.0
931,265,2741.65
931,315,9175.95
931,397,10.0
931,400,26.0
931,534,54.0
931,610,1806.0
931,651,10.0
931,704,10.0
931,727,10.0
931,760,1984.0
931,877,1340.0
931,908,1357.4
931,939,10.0
931,954,26.65
931,989,19.0
931,1088,221.0
931,1174,10.0
931,1181,10.0
931,1190,19.0
931,1203,7175.45
931,1226,7.0
931,1259,19.0
931,1291,9600.95
931,1311,59.0
931,1315,10.0
931,1323,18.0
932,5,7595.35
932,69,127.7
932,282,10.0
932,290,9307.75
932,407,10.0
932,418,2581.3
932,436,10.0
932,478,81.0
932,523,341.5
932,674,10.0
932,706,10.0
932,813,12.0
932,832,14.0
932,858,104.0
932,885,10.0
932,946,10.0
932,956,2939.95
932,990,10.0
932,1003,1956.1
932,1031,10.0
932,1033,2020.25
932,1107,13.0
932,1317,4233.0
932,1331,7499.45
933,39,6803.25
933,107,20.5
933,211,10.0
933,268,10.0
933,377,21.0
933,512,5.0
933,715,10.0
933,851,10.0
933,961,1835.35
933,1009,12.0
933,1040,116.85
933,1115,11.0
933,1196,19.0
933,1240,702.35
933,1289,3117.2
933,1295,10.0
933,1335,10.0
934,69,10.0
934,205,10.0
934,245,86.0
934,261,10.0
934,296,10.0
934,300,10.0
934,322,10.0
934,360,143.0
934,494,40.0
934,516,62.0
934,582,6.0
934,674,10.0
934,687,10.0
934,688,11.0
934,691,10.0
934,700,11.0
934,723,8587.1
934,814,10.0
934,850,44.0
934,854,11.0
934,862,10.0
934,874,6578.4
934,955,10.0
934,956,10.0
934,985,17.0
934,1029,10.0
934,1033,10.0
934,1093,10.0
934,1192,10.0
934,1202,10.0
934,1207,10.0
934,1214,81.0
934,1228,13.0
934,1232,187.0
934,1253,10.0
934,1296,10.0
934,1310,10.0
934,1339,162.0
935,50,10.0
935,51,10.0
935,126,81.0
935,198,439.0
935,219,10.0
935,233,10.0
935,239,241.0
935,349,81.0
935,355,10.0
935,402,997.75
935,419,13.0
935,431,551.75
935,505,10.0
935,522,67.0
935,528,114.0
935,534,10.0
935,542,13.0
935,563,13.0
935,595,10.0
935,611,7062.95
935,642,13.0
935,643,2575.9
935,655,39.0
935,672,21.0
935,817,10.0
935,877,7.0
935,910,21.0
935,939,32.0
935,949,64.0
935,954,10.0
935,993,32.0
935,1091,10.0
935,1191,4426.7
935,1210,10.0
935,1226,35.0
935,1259,19.0
937,50,10.0
937,81,10.0
937,111,28.0
937,114,15.0
937,155,17.0
937,215,10.0
937,216,11.0
937,258,6402.75
937,305,71.0
937,315,10.0
937,320,48.0
937,337,28.0
937,349,10.0
937,390,28.0
937,395,10.0
937,400,10.0
937,419,8902.05
937,505,10.0
937,510,10.0
937,517,10.0
937,563,10.0
937,572,184.0
937,587,154.0
937,590,3363.65
937,591,44.0
937,611,39.0
937,636,20.0
937,750,154.0
937,757,12.0
937,784,5298.0
937,817,154.0
937,842,38.0
937,939,136.0
937,949,57.0
937,952,14.0
937,988,10.0
937,993,12.0
937,1007,140.0
937,1022,60.0
937,1036,10.0
937,1098,10180.4
937,1156,11.0
937,1201,22.0
937,1213,10.0
937,1227,10.0
939,40,10.0
939,49,115.0
939,131,10.0
939,164,14.0
939,185,10.0
939,302,11.0
939,343,10.0
939,384,3.0
939,413,13.0
939,479,31.0
939,508,44.0
939,528,53.0
939,540,10.0
939,541,29.0
939,547,10.0
939,568,76.0
939,586,4758.0
939,604,13.0
939,610,10.0
939,621,10.0
939,622,10.0
939,634,667.0
939,642,48.0
939,704,10.0
939,725,20.5
939,760,10.0
939,865,262.0
939,877,11.0
939,890,35.0
939,910,10.0
939,931,10.0
939,935,32.0
939,937,136.0
939,949,2409.0
939,959,10.0
939,978,10.0
939,979,8323.4
939,989,33.0
939,1002,10.0
939,1007,13.0
939,1091,67.0
939,1098,134.0
939,1110,30.0
939,1129,16.0
939,1146,18.0
939,1179,10.0
939,1186,10.0
939,1191,28.0
939,1259,52.0
939,1274,128.0
939,1284,421.0
939,1341,15.0
939,1361,10.0
940,28,9.0
940,178,1915.2
940,179,31.0
940,374,748.7
940,379,10.0
940,402,10.0
940,508,10.0
940,567,26.0
940,594,440.0
940,603,24.0
940,623,10.0
940,638,6276.8
940,676,66.0
940,753,27.0
940,757,20.5
940,765,10.0
940,793,15.0
940,830,45.0
940,891,11.0
940,930,21.0
940,1065,12.0
940,1086,5910.35
940,1154,10.0
940,1211,20.0
940,1301,17.0
940,1302,36.0
941,20,10.0
941,76,590.0
941,85,4150.35
941,97,386.0
941,109,2916.25
941,149,13.0
941,154,10.0
941,183,9035.05
941,197,11.0
941,207,10.0
941,213,16.0
941,306,182.0
941,314,101.0
941,348,14.0
941,368,41.0
941,379,16.0
941,405,13.0
941,450,11.0
941,452,21.0
941,540,16.0
941,581,10.0
941,712,20.0
941,714,10.0
941,744,7.0
941,773,9218.2
941,827,14.0
941,851,193.0
941,861,28.0
941,905,10.0
941,921,34.0
941,923,14.0
941,928,210.2
941,944,10.0
941,982,13.0
941,1027,10.0
941,1052,10.0
941,1080,549.0
941,1087,13.0
941,1130,7.0
941,1156,10.0
941,1159,10.0
941,1168,10.0
941,1179,6882.65
941,1180,12.0
941,1194,11.0
941,1269,48.0
941,1285,10.0
941,1286,12.0
941,1302,3.0
941,1312,88.0
941,1323,111.0
942,9,2415.5
942,43,10.0
942,46,2429.7
942,76,10.0
942,80,10.0
942,97,10.0
942,125,1796.8
942,244,10.0
942,271,2296.55
942,302,63.0
942,365,10.0
942,425,7734.9
942,469,16.0
942,478,10.0
942,485,10.0
942,497,10.0
942,513,10.0
942,521,17.0
942,529,18.0
942,541,12.0
942,557,12.0
942,585,20.5
942,598,12.0
942,613,10.0
942,621,955.95
942,647,10.0
942,701,50.0
942,710,10.0
942,729,16.0
942,771,35.0
942,804,12.0
942,806,78.0
942,878,17.0
942,884,68.0
942,902,11152.3
942,913,11.0
942,964,6.0
942,1022,114.0
942,1080,28.0
942,1099,12.0
942,1155,16.0
942,1159,28.0
942,1199,20.0
942,1222,21.0
942,1255,10.0
942,1270,10.0
942,1293,10.0
942,1299,10.0
943,39,843.0
943,113,2803.85
943,172,10.0
943,176,10.0
943,179,27.0
943,188,92.0
943,189,12.0
943,213,19.0
943,243,229.0
943,299,10.0
943,380,178.0
943,386,10.0
943,406,21.0
943,469,10.0
943,500,106.0
943,507,1733.8
943,588,1483.55
943,603,122.0
943,622,222.0
943,632,12.0
943,634,44.0
943,637,13.0
943,653,10.0
943,731,880.0
943,735,26.5
943,757,24.0
943,792,2736.45
943,849,10.0
943,860,273.0
943,871,225.0
943,906,59.0
943,1057,46.0
943,1084,10881.65
943,1167,17.0
943,1205,10.0
943,1215,4246.15
943,1233,54.0
943,1235,30.0
943,1252,101.0
943,1255,10.0
943,1275,26.0
943,1323,669.0
943,1326,407.5
943,1341,15.0
943,1342,2377.5
944,46,10.0
944,52,19.0
944,74,11.0
944,201,21.0
944,204,10.0
944,275,2635.0
944,426,20.0
944,452,10.0
944,506,10647.3
944,526,3814.75
944,616,10.0
944,641,14.0
944,728,10.0
944,755,10.0
944,767,10.0
944,915,5159.45
944,941,10.0
944,959,10.0
944,1036,28.0
944,1051,10.0
944,1053,10.0
944,1094,61.0
944,1129,10.0
944,1159,20.5
944,1237,49.0
944,1264,10.0
945,27,3744.25
945,28,36.0
945,127,6754.75
945,129,602.0
945,139,8880.5
945,160,10.0
945,221,26.0
945,224,20.0
945,242,10.0
945,264,52.0
945,348,14.0
945,367,35.0
945,397,10.0
945,438,21.0
945,497,47.0
945,512,10.0
945,537,115.0
945,541,10.0
945,606,10.0
945,649,10.0
945,671,10.0
945,682,41.0
945,733,707.0
945,735,72.0
945,771,27.0
945,803,404.0
945,809,12.0
945,814,10.0
945,853,29.0
945,863,162.0
945,866,137.0
945,905,10.0
945,922,10.0
945,928,24.0
945,954,43.0
945,957,32.0
945,970,11162.3
945,973,174.0
945,986,13.0
945,1009,10.0
945,1027,16.0
945,1106,10.0
945,1129,10.0
945,1143,10.0
945,1159,12.0
945,1166,41.0
945,1168,16.0
945,1179,17.0
945,1208,10.0
945,1209,21.0
945,1221,171.0
945,1254,19.0
945,1258,138.0
945,1263,90.0
945,1293,125.0
945,1319,25.0
945,1328,2829.6
945,1352,42.0
945,1356,10.0
946,5,1456.0
946,95,1081.0
946,166,25.0
946,226,10.0
946,253,10.0
946,288,11.0
946,290,1453.0
946,317,2433.95
946,463,13.0
946,488,10.0
946,523,240.0
946,552,4309.45
946,562,10.0
946,578,1389.8
946,580,2485.65
946,609,6.0
946,661,10.0
946,675,1398.5
946,695,194.0
946,706,11.0
946,746,10.0
946,765,10.0
946,828,2889.6
946,932,10.0
946,1038,290.0
946,1063,71.0
946,1108,23.0
946,1151,10.0
946,1158,7.0
946,1331,16.0
947,17,265.65
947,26,10.0
947,49,10.0
947,56,52.0
947,68,15.0
947,78,10.0
947,81,56.0
947,94,42.0
947,122,8.0
947,123,5219.75
947,124,142.0
947,181,9.0
947,186,22.0
947,196,10.0
947,201,46.5
947,209,16.0
947,226,3.0
947,272,10.0
947,274,55.0
947,281,551.0
947,288,6.0
947,375,4.0
947,382,3.0
947,398,42.0
947,403,10.0
947,404,10.0
947,476,10957.3
947,485,10.0
947,503,124.0
947,506,3.0
947,541,7.0
947,544,14.0
947,568,10.0
947,583,556.5
947,642,10.0
947,652,16.0
947,660,40.0
947,662,144.0
947,694,11.0
947,785,10.0
947,834,15.0
947,849,10.0
947,893,24.0
947,897,5002.65
947,921,96.0
947,976,10.0
947,982,102.0
947,985,128.0
947,1035,34.0
947,1043,18.0
947,1099,10.0
947,1129,57.0
947,1182,4.0
947,1192,80.0
947,1199,5437.15
947,1293,10.0
947,1342,16.0
947,1356,47.0
948,4,15.0
948,14,14.0
948,23,10.0
948,34,59.0
948,45,161.0
948,85,12.0
948,101,10.0
948,126,390.0
948,198,10.0
948,251,13.0
948,264,385.0
948,300,10.0
948,314,381.0
948,319,10.0
948,329,14.0
948,333,5.0
948,361,3281.75
948,379,11.0
948,398,17.0
948,540,10.0
948,587,28.0
948,637,10.0
948,651,36.0
948,662,15.0
948,775,14.0
948,778,77.0
948,799,40.0
948,895,68.0
948,912,10.0
948,972,10.0
948,997,10.0
948,1004,10.0
948,1022,1126.0
948,1023,705.5
948,1031,185.0
948,1082,1233.0
948,1084,10.0
948,1121,17.0
948,1143,83.0
948,1150,10.0
948,1160,10.0
948,1207,123.0
948,1257,14.0
948,1315,7798.9
948,1320,10652.7
949,13,4025.8
949,19,15.0
949,50,35.0
949,125,130.0
949,220,22.0
949,247,991.15
949,250,337.55
949,271,10.0
949,302,3780.95
949,479,54.0
949,528,31.0
949,604,10.0
949,634,509.0
949,642,10.0
949,696,12.0
949,709,27.0
949,779,10.0
949,824,75.0
949,865,929.0
949,935,64.0
949,937,57.0
949,939,2409.0
949,953,153.0
949,1091,13.0
949,1098,25.0
949,1146,29.0
949,1191,49.0
949,1226,80.0
949,1259,24.0
949,1265,113.0
949,1280,10.0
949,1284,671.0
949,1290,10.0
950,1,433.0
950,32,250.0
950,183,10.0
950,204,37.0
950,227,10.0
950,255,305.0
950,295,100.0
950,331,104.0
950,374,20.0
950,461,3148.1
950,595,10.0
950,641,10.0
950,647,403.0
950,662,6728.6
950,718,660.0
950,742,903.0
950,878,3285.75
950,886,420.0
950,1023,5994.4
950,1074,10.0
950,1161,14.0
950,1222,23.0
950,1266,5486.6
950,1269,846.0
950,1315,4280.1
950,1323,20.5
951,45,10.0
951,56,21.0
951,94,17.0
951,124,11.0
951,181,201.0
951,191,13.0
951,204,5067.9
951,209,10.0
951,236,14.0
951,248,53.0
951,280,29.0
951,302,31.0
951,338,153.0
951,340,11.0
951,365,10.0
951,369,347.0
951,374,35.0
951,450,6868.85
951,466,10.0
951,476,10.0
951,482,10.0
951,538,10.0
951,568,15.0
951,655,10.0
951,659,6.0
951,669,10.0
951,671,10.0
951,703,10.0
951,721,17.0
951,756,16.0
951,780,19.0
951,812,34.0
951,827,24.0
951,848,229.0
951,859,10.0
951,881,19.0
951,882,10.0
951,886,36.0
951,891,10.0
951,893,9567.1
951,905,10.0
951,921,10.0
951,978,1476.0
951,979,10.0
951,997,19.0
951,999,10.0
951,1022,13.0
951,1045,6.0
951,1057,11.0
951,1062,21.0
951,1064,16.0
951,1111,11.0
951,1137,18.0
951,1156,5998.05
951,1161,147.0
951,1168,8968.65
951,1179,10.0
951,1190,10.0
951,1206,10.0
951,1234,29.0
951,1241,192.0
951,1282,23.0
951,1309,9336.3
951,1323,15.0
952,70,10.0
952,81,10.0
952,230,18.0
952,233,8.0
952,252,25.0
952,291,16.0
952,320,3094.35
952,321,10.0
952,377,19.0
952,419,10009.35
952,505,45.0
952,517,5657.1
952,577,81.0
952,591,13.0
952,611,8768.05
952,635,12.0
952,643,10.0
952,655,7481.65
952,784,8606.9
952,907,10.0
952,937,14.0
952,1089,22.0
952,1098,10.0
952,1277,10.0
952,1291,14.0
952,1321,10.0
953,17,4.0
953,20,10.0
953,26,23.0
953,28,5146.1
953,84,17.0
953,129,20.0
953,151,155.0
953,220,196.0
953,222,444.0
953,224,10.0
953,227,252.0
953,237,10.0
953,246,128.0
953,268,6.0
953,295,49.0
953,404,9038.7
953,416,12.0
953,464,18.0
953,469,17.0
953,485,10.0
953,507,10.0
953,526,53.0
953,533,35.0
953,574,14.0
953,592,10.0
953,602,10.0
953,605,15.0
953,618,30.0
953,647,10.0
953,668,280.0
953,671,3.0
953,682,10.0
953,770,20.5
953,798,11.0
953,803,12.0
953,853,5900.3
953,882,10.0
953,913,20.0
953,949,153.0
953,958,19.0
953,960,2498.95
953,997,10.0
953,1006,10.0
953,1028,10.0
953,1089,24.0
953,1106,10857.65
953,1112,10.0
953,1127,4.0
953,1150,65.0
953,1155,10.0
953,1167,20.0
953,1181,39.0
953,1200,20.5
953,1206,70.0
953,1221,34.0
953,1236,17.0
953,1237,10.0
953,1255,10.0
953,1270,41.0
953,1298,10.0
954,12,10.0
954,114,10.0
954,221,45.0
954,225,10.0
954,258,10.0
954,264,9057.15
954,291,39.0
954,294,49.0
954,316,10.0
954,397,39.0
954,517,10.0
954,539,8403.85
954,567,239.0
954,571,29.0
954,610,11.0
954,611,10.0
954,623,10.0
954,654,87.0
954,666,15.0
954,704,31.0
954,725,8860.5
954,738,285.0
954,798,10.0
954,817,10.0
954,896,10.0
954,903,10.0
954,906,20.5
954,917,2122.25
954,926,22.55
954,931,26.65
954,935,10.0
954,945,43.0
954,970,149.0
954,972,10556.3
954,993,22.25
954,1089,11.0
954,1111,10.0
954,1120,20.0
954,1166,54.0
954,1169,4936.650000000001
954,1211,15.0
954,1270,10.0
954,1285,10.0
954,1291,27.0
954,1295,12.0
954,1326,10.0
954,1352,31.0
955,5,10.0
955,53,10.0
955,64,10.0
955,168,4775.8
955,192,3787.1
955,256,22.55
955,261,10.0
955,324,10.0
955,421,10.0
955,493,52.0
955,535,10.0
955,582,11.0
955,628,10.0
955,675,45.0
955,702,33.0
955,765,10.0
955,841,3193.1
955,934,10.0
955,956,228.0
955,984,18.0
955,995,4494.0
955,1010,26.0
955,1037,10.0
955,1116,6.0
955,1125,860.0
955,1126,51.0
955,1232,36.0
955,1245,5142.35
955,1248,10.0
955,1253,63.0
955,1310,16.0
956,22,7334.35
956,37,23.0
956,65,10.0
956,66,10.0
956,69,13.0
956,91,10.0
956,142,10.0
956,168,267.0
956,177,14.0
956,192,674.0
956,242,22.0
956,275,11.0
956,290,291.15
956,322,10866.65
956,347,10.0
956,417,10.0
956,423,10.0
956,441,11.0
956,596,20.0
956,609,26.0
956,660,5.0
956,673,10.0
956,688,81.0
956,723,10.0
956,763,11.0
956,836,10.0
956,899,20.5
956,932,2939.95
956,934,10.0
956,955,228.0
956,992,10.0
956,995,10.0
956,1016,25.25
956,1074,40.0
956,1116,32.0
956,1122,41.0
956,1128,39.0
956,1173,15.0
956,1232,38.0
956,1253,81.0
957,30,10.0
957,207,10.0
957,212,10.0
957,213,10.0
957,221,10.0
957,363,24.0
957,381,59.0
957,404,10.0
957,450,11.0
957,466,11.0
957,499,24.0
957,540,19.0
957,568,10.0
957,620,46.0
957,623,119.0
957,659,44.0
957,683,10.0
957,699,6.0
957,701,10.0
957,735,12.0
957,744,13.0
957,749,7037.85
957,756,36.6
957,830,10.0
957,834,72.0
957,859,25.0
957,865,10.0
957,905,13.0
957,916,37.0
957,921,27.0
957,924,10.0
957,945,32.0
957,970,28.0
957,978,112.0
957,1021,10.0
957,1023,14.0
957,1043,38.0
957,1045,6.0
957,1049,10.0
957,1072,16.0
957,1129,10.0
957,1130,7471.4
957,1139,2688.0
957,1143,54.0
957,1150,18.0
957,1153,10.0
957,1168,19.0
957,1206,10.0
957,1226,13.0
957,1241,10.0
957,1256,10.0
957,1290,6.0
957,1309,20.5
957,1336,15.0
958,9,10.0
958,46,27.0
958,107,10.0
958,122,8703.4
958,224,551.0
958,227,135.0
958,295,37.0
958,325,10.0
958,340,7377.75
958,409,10.0
958,503,12.0
958,528,39.0
958,554,12.0
958,605,25.0
958,666,30.0
958,672,47.0
958,733,317.0
958,748,13.0
958,754,10.0
958,770,49.5
958,771,22.0
958,804,177.0
958,810,10.0
958,824,14.0
958,836,10.0
958,953,19.0
958,959,20.5
958,960,27.0
958,969,10.0
958,976,38.0
958,986,13.0
958,1013,21.0
958,1021,10.0
958,1049,6.0
958,1053,209.6
958,1082,64.0
958,1111,10.0
958,1121,3720.3
958,1216,5170.2
958,1233,10.0
958,1252,10.0
958,1272,226.0
958,1290,10.0
958,1328,149.0
959,1,35.0
959,3,139.0
959,9,10.0
959,28,120.0
959,49,10.0
959,52,61.0
959,78,10.0
959,101,39.0
959,108,74.0
959,143,2707.95
959,195,95.0
959,275,11095.85
959,334,10.0
959,340,1859.7
959,387,451.0
959,406,54.0
959,444,3648.65
959,464,13.0
959,506,6664.5
959,526,4956.8
959,631,89.0
959,675,118.0
959,682,81.0
959,754,10.0
959,789,148.0
959,853,62.0
959,884,4549.1
959,916,34.0
959,939,10.0
959,944,10.0
959,958,20.5
959,964,10.0
959,1032,11.0
959,1053,11.0
959,1058,92.0
959,1161,11.0
959,1225,142.0
959,1226,10.0
959,1237,35.0
959,1256,5416.65
959,1277,10.0
959,1299,18.0
960,9,13.0
960,20,10.0
960,28,4001.45
960,107,18.0
960,129,10.0
960,268,14.0
960,275,36.5
960,503,10.0
960,666,10.0
960,770,11046.75
960,852,25.0
960,953,2498.95
960,958,27.0
960,976,7.0
960,1013,40.0
960,1058,6.0
960,1112,5088.35
960,1129,10.0
960,1142,10.0
960,1305,559.0
961,4,12.0
961,34,214.0
961,45,20.5
961,113,10.0
961,143,105.0
961,154,11.0
961,207,96.0
961,220,2545.3
961,285,45.0
961,303,67.0
961,311,20.0
961,320,173.0
961,340,97.0
961,380,10.0
961,412,120.0
961,452,80.0
961,506,10.0
961,567,10.0
961,574,225.0
961,577,30.0
961,588,10.0
961,631,15.0
961,635,127.0
961,645,10.0
961,649,10.0
961,653,2341.5
961,698,4484.35
961,699,76.0
961,713,20.5
961,756,10.0
961,757,17.0
961,758,10.0
961,779,110.0
961,784,10.0
961,790,10.0
961,792,169.0
961,803,8.0
961,809,16.0
961,860,4500.35
961,891,21.0
961,933,1835.35
961,997,10.0
961,1022,47.0
961,1150,41.0
961,1206,24.0
961,1208,20.5
961,1234,37.0
961,1241,61.0
961,1256,140.0
961,1277,25.0
961,1284,16.0
961,1286,10.0
961,1289,60.0
961,1291,44.0
961,1326,710.0
961,1342,1151.5
961,1356,20.0
962,63,10.0
962,115,243.8
962,161,10.0
962,364,23.0
962,386,1911.25
962,551,39.0
962,574,10.0
962,644,10.0
962,676,41.0
962,683,10.0
962,699,10.0
962,713,10.0
962,730,20.5
962,789,8.0
962,891,44.0
962,964,10.0
962,994,10.0
962,1033,10.0
962,1116,10.0
962,1158,7954.0
962,1204,5416.15
962,1206,13.0
962,1207,29.0
962,1345,25.0
963,29,10.0
963,71,19.0
963,184,10.0
963,190,10.0
963,229,10.0
963,259,10.0
963,363,10.0
963,380,10.0
963,412,42.0
963,451,36.0
963,479,10.0
963,575,193.0
963,577,6.0
963,641,2382.0
963,656,2380.0
963,662,10.0
963,680,39.0
963,711,11.0
963,712,10.0
963,721,151.0
963,735,10.0
963,833,6017.1
963,871,22.0
963,908,10.0
963,921,16.0
963,978,28.0
963,1047,10.0
963,1049,106.0
963,1105,4105.95
963,1159,97.0
963,1222,24.0
963,1290,50.0
964,12,10.0
964,19,22.0
964,27,12.0
964,216,55.0
964,220,13.0
964,236,10.0
964,271,12.0
964,280,19.0
964,294,151.0
964,352,10.0
964,374,51.0
964,381,10.0
964,416,84.0
964,444,42.0
964,451,10.0
964,482,10.0
964,483,10.0
964,486,30.0
964,512,55.0
964,529,4408.65
964,537,10.0
964,558,18.0
964,567,10.0
964,613,10.0
964,614,10.0
964,626,13.0
964,649,6.0
964,668,23.0
964,683,10.0
964,699,10.0
964,701,13.0
964,710,12.0
964,746,10.0
964,758,31.0
964,796,57.0
964,798,284.5
964,803,10.0
964,804,10.0
964,806,8579.05
964,867,10.0
964,878,50.0
964,884,41.0
964,924,237.0
964,942,6.0
964,959,10.0
964,962,10.0
964,969,10.0
964,970,12.0
964,986,52.0
964,1011,10.0
964,1023,475.0
964,1053,10.0
964,1080,10.0
964,1131,4016.0
964,1137,10.0
964,1192,22.0
964,1208,108.0
964,1225,25.0
964,1228,10.0
964,1254,297.0
964,1309,74.0
964,1335,242.0
965,34,10.0
965,38,15.0
965,39,1837.9
965,46,15.0
965,80,3513.95
965,103,354.0
965,604,10.0
965,694,24.0
965,703,12.0
965,710,10.0
965,715,1204.05
965,811,10.0
965,898,10.0
965,1047,10.0
965,1084,10.0
965,1289,10.0
965,1292,10930.3
965,1359,10.0
966,102,15.0
966,189,10.0
966,229,10.0
966,445,10.0
966,499,3.0
966,524,172.0
966,606,10.0
966,649,11.0
966,830,10.0
966,878,10.0
966,972,4.0
966,977,11.0
966,982,235.25
966,997,10.0
966,1041,77.0
966,1059,4375.45
966,1154,10.0
967,16,8089.25
967,18,12.0
967,22,15.0
967,37,10.0
967,88,28.0
967,182,17.0
967,289,14.0
967,330,24.0
967,335,2838.05
967,352,108.0
967,427,11.0
967,446,10.0
967,483,57.0
967,551,22.0
967,562,1781.95
967,617,10.0
967,670,6.0
967,706,2338.45
967,726,7.0
967,745,12.0
967,765,19.0
967,813,15.0
967,828,10.0
967,836,10.0
967,868,59.0
967,971,33.0
967,990,10.0
967,1003,10.0
967,1038,10.0
967,1039,581.0
967,1066,20.5
967,1068,15.0
967,1108,58.0
967,1182,140.0
967,1184,17.0
967,1188,10.0
967,1206,22.0
967,1228,25.0
967,1234,10.0
967,1279,14.0
967,1324,40.0
967,1357,1667.0
967,1363,14.0
968,31,69.0
968,60,2863.95
968,70,14.0
968,99,278.55
968,104,6652.95
968,126,17.0
968,151,2593.35
968,225,10.0
968,239,24.0
968,246,49.75
968,255,14.0
968,265,10.0
968,288,10.0
968,304,22.0
968,311,10.0
968,315,10.0
968,321,6.15
968,338,10.0
968,353,24.0
968,367,94.0
968,451,10.0
968,467,10463.2
968,469,876.0
968,485,680.0
968,500,11.0
968,539,119.0
968,555,10.0
968,608,31.0
968,636,11.0
968,653,27.0
968,655,10.0
968,672,12.0
968,699,10.0
968,791,16.0
968,893,10.0
968,910,32.0
968,916,123.0
968,917,11.0
968,930,10.0
968,993,10.0
968,1062,18.0
968,1118,78.0
968,1168,12.0
968,1197,13.0
968,1316,11.0
969,3,10.0
969,27,8.0
969,103,12.0
969,127,10.0
969,139,16.0
969,188,513.0
969,222,35.0
969,260,12.0
969,406,2979.45
969,507,13.0
969,606,10.0
969,649,159.0
969,713,10.0
969,733,15.0
969,758,38.0
969,852,6347.9
969,853,4.0
969,872,4851.4
969,898,225.0
969,902,4.0
969,928,185.0
969,958,10.0
969,964,10.0
969,994,20.0
969,1013,2835.8
969,1045,151.0
969,1058,56.0
969,1145,64.0
969,1156,10.0
969,1179,121.0
969,1225,414.0
969,1236,3.0
969,1265,226.0
969,1273,10.0
969,1299,7261.15
969,1328,2199.0
970,28,61.0
970,76,10.0
970,97,10.0
970,129,645.0
970,139,767.55
970,256,10.0
970,264,16.0
970,268,10.0
970,294,10.0
970,323,10.0
970,397,32.0
970,482,10.0
970,537,170.0
970,540,10.0
970,541,10.0
970,606,64.0
970,682,13.0
970,683,10.0
970,733,5075.7
970,735,17.0
970,771,66.0
970,804,48.0
970,853,10.0
970,863,17.0
970,866,10.0
970,898,10.0
970,928,12.0
970,945,11162.3
970,954,149.0
970,957,28.0
970,964,12.0
970,972,121.0
970,973,10.0
970,986,14.0
970,997,309.0
970,1004,10.0
970,1026,25.0
970,1112,16.0
970,1121,10.0
970,1140,10.0
970,1159,5174.35
970,1166,42.0
970,1168,15.0
970,1221,174.0
970,1258,10.0
970,1287,17.0
970,1320,17.0
970,1328,4043.0499999999997
970,1352,92.0
971,5,17.0
971,55,55.0
971,63,10955.4
971,70,11.0
971,128,25.0
971,169,10.0
971,177,16.0
971,254,10.0
971,298,20.0
971,352,20.0
971,385,10.0
971,394,41.0
971,448,58.0
971,456,129.0
971,483,10.0
971,509,10.0
971,624,15.0
971,653,10.0
971,661,14.0
971,676,30.0
971,688,18.0
971,705,22.0
971,711,60.0
971,720,26.0
971,724,10.0
971,726,21.0
971,841,11.0
971,967,33.0
971,1000,38.5
971,1029,10.0
971,1076,2431.5
971,1090,26.0
971,1119,466.0
971,1129,12.0
971,1145,72.0
971,1184,9.0
971,1202,62.0
971,1214,15.0
971,1221,10.0
971,1245,10.0
971,1250,35.0
972,61,10.0
972,81,25.0
972,141,10.0
972,178,19.0
972,219,10.0
972,264,504.85
972,291,29.0
972,294,11.0
972,296,10.0
972,323,16.0
972,328,10.0
972,366,10.0
972,397,103.0
972,431,10.0
972,467,10.0
972,512,31.0
972,539,2670.15
972,567,164.0
972,571,50.0
972,603,12.0
972,616,10.0
972,654,10.0
972,704,117.0
972,725,6427.2
972,738,39.0
972,752,10.0
972,817,4.0
972,873,10.0
972,877,10.0
972,883,10.0
972,917,10.0
972,926,6197.65
972,948,10.0
972,954,10556.3
972,966,4.0
972,970,121.0
972,1026,42.0
972,1120,90.0
972,1142,20.5
972,1144,10.0
972,1166,9342.3
972,1207,10.0
972,1259,38.95
972,1263,20.5
972,1288,10.0
972,1289,11.0
972,1291,13.0
972,1293,10.0
972,1295,17.0
972,1320,10.0
972,1351,10.0
972,1358,28.0
973,7,892.0
973,46,10.0
973,221,20.0
973,264,53.0
973,338,10.0
973,428,611.0
973,438,46.0
973,559,10.0
973,571,22.0
973,653,6.0
973,661,28.0
973,821,5.0
973,838,340.0
973,896,11.0
973,945,174.0
973,970,10.0
973,987,19.0
973,1087,20.0
973,1127,10.0
973,1129,10.0
973,1144,11.0
973,1224,94.0
973,1258,11120.3
973,1263,10.0
973,1290,6.0
973,1319,5133.75
973,1352,66.0
974,5,1320.2
974,91,18.0
974,386,55.0
974,393,10874.0
974,599,10.0
974,660,10.0
974,788,3731.15
974,822,10.0
974,868,10.0
974,1012,6.0
974,1102,10.0
974,1141,53.0
974,1151,6769.2
974,1192,17.0
974,1218,10.0
974,1296,11.0
974,1317,2330.4
974,1338,10.0
976,3,6765.5
976,9,82.0
976,13,10.0
976,19,23.0
976,32,10.0
976,46,49.0
976,51,121.0
976,60,211.0
976,88,10.0
976,89,10.0
976,97,12.0
976,107,11.0
976,119,235.0
976,121,4.0
976,157,11.0
976,195,18.0
976,241,134.0
976,307,1648.5
976,369,10.0
976,400,17.0
976,406,24.0
976,425,26.0
976,446,10.0
976,456,118.0
976,461,4.0
976,465,77.0
976,482,15.0
976,497,68.0
976,503,9983.45
976,508,58.0
976,512,10.0
976,529,12.0
976,533,15.0
976,537,3475.15
976,540,21.0
976,584,11.0
976,605,48.0
976,606,20.5
976,631,72.0
976,666,49.0
976,676,13.0
976,694,192.0
976,748,2400.55
976,771,37.0
976,779,18.0
976,799,10.0
976,810,210.0
976,824,16.0
976,852,108.0
976,865,51.0
976,882,4.0
976,891,10.0
976,895,10.0
976,947,10.0
976,958,38.0
976,960,7.0
976,986,10.0
976,1013,156.0
976,1036,23.0
976,1051,10.0
976,1082,10.0
976,1091,218.0
976,1112,10.0
976,1124,78.0
976,1146,10.0
976,1216,55.0
976,1287,10.0
976,1299,36.0
977,1,10.0
977,4,20.0
977,36,10.0
977,49,90.0
977,78,11161.3
977,191,535.0
977,195,10.0
977,211,10.0
977,268,48.0
977,340,20.0
977,385,10.0
977,413,29.0
977,434,10.0
977,476,10.0
977,512,19.0
977,513,105.95
977,524,24.0
977,537,10.0
977,568,87.0
977,590,10.0
977,605,14.0
977,645,10.0
977,692,6454.700000000001
977,731,22.0
977,756,12.0
977,782,18.0
977,804,2825.9
977,806,405.0
977,851,10.0
977,867,12.0
977,905,10.0
977,913,10.0
977,966,11.0
977,986,9090.95
977,1032,108.0
977,1049,10.0
977,1060,10.0
977,1062,205.0
977,1080,18.0
977,1130,10.0
977,1137,616.55
977,1150,10.0
977,1153,291.0
977,1154,5.0
977,1196,8259.3
977,1225,7.0
977,1237,178.0
977,1274,73.3
977,1277,163.0
977,1290,18.0
977,1299,10.0
978,61,19.0
978,68,10.0
978,103,10.0
978,124,12.0
978,190,10.0
978,204,1616.5
978,211,10.0
978,268,109.0
978,274,24.0
978,363,40.0
978,370,10.0
978,385,10.0
978,395,10.0
978,433,14.0
978,451,24.0
978,466,16.0
978,482,10.0
978,497,38.0
978,509,10.0
978,524,43.0
978,529,20.0
978,537,6.0
978,538,50.0
978,557,30.0
978,592,10.0
978,637,10.0
978,659,4919.8
978,721,212.0
978,771,41.0
978,808,10.0
978,821,129.0
978,859,10.0
978,878,10.0
978,891,6645.35
978,893,5217.5
978,905,56.0
978,921,1724.7
978,939,10.0
978,951,1476.0
978,957,112.0
978,963,28.0
978,987,10.0
978,1009,14.0
978,1035,10.0
978,1045,11.0
978,1057,11.0
978,1129,6784.7
978,1139,12.0
978,1143,18.0
978,1156,2902.65
978,1164,4.0
978,1181,10.0
978,1237,10.0
978,1274,154.0
978,1292,18.0
978,1301,10.0
978,1304,10.0
979,23,10.0
979,49,42.0
979,201,10.0
979,232,5294.7
979,248,52.0
979,271,10.0
979,302,58.0
979,363,9.0
979,365,10.0
979,370,10.0
979,404,108.0
979,413,24.0
979,426,125.0
979,568,55.0
979,586,3298.65
979,604,37.0
979,616,114.0
979,671,10.0
979,682,10.0
979,716,7203.15
979,834,10.0
979,886,13.0
979,903,10.0
979,913,57.0
979,939,8323.4
979,951,10.0
979,999,10670.6
979,1059,10.0
979,1110,20.5
979,1111,42.0
979,1130,7.0
979,1137,17.0
979,1154,126.0
979,1226,10.0
979,1265,15.0
981,18,12.0
981,91,55.0
981,96,205.0
981,167,37.0
981,171,1205.0
981,182,14.0
981,210,10.0
981,266,10.0
981,318,164.0
981,357,10.0
981,362,791.0
981,396,4848.7
981,407,18.0
981,410,3616.55
981,565,10.0
981,617,10.0
981,627,6.0
981,660,18.0
981,673,394.0
981,678,11.0
981,685,39.0
981,724,12.0
981,820,3997.15
981,829,10.0
981,876,14.0
981,894,10.0
981,984,11101.45
981,995,34.0
981,996,36.0
981,1017,11.0
981,1037,19.0
981,1069,657.0
981,1070,24.0
981,1075,53.0
981,1122,92.0
981,1162,10.0
981,1178,10.0
981,1189,10920.35
981,1192,23.0
981,1214,6769.55
981,1220,112.0
981,1223,13.0
981,1231,10.0
981,1247,10.0
981,1313,10.0
981,1324,14.0
981,1338,10.0
981,1344,253.0
981,1355,10.0
981,1363,13.0
982,36,10.0
982,68,302.0
982,71,18.0
982,122,226.0
982,143,115.0
982,184,10.0
982,211,570.0
982,274,12.0
982,281,10.0
982,294,28.0
982,400,10.0
982,405,43.0
982,434,199.0
982,452,139.0
982,538,11.0
982,656,28.0
982,662,41.0
982,712,8102.1
982,756,10.0
982,776,11.0
982,800,41.0
982,809,10.0
982,882,10.0
982,921,10.0
982,924,105.0
982,941,13.0
982,947,102.0
982,966,235.25
982,1002,23.0
982,1023,24.0
982,1041,30.5
982,1059,10.0
982,1111,10.0
982,1132,10.0
982,1136,16.0
982,1205,4797.95
982,1266,10.0
982,1269,7206.9
982,1285,108.0
982,1303,10.0
982,1308,10.0
982,1320,10.0
982,1335,141.0
982,1356,24.0
983,96,10.0
983,128,10.0
983,160,10.0
983,169,121.0
983,305,64.0
983,356,10.0
983,364,33.0
983,423,91.0
983,458,10.0
983,468,13.0
983,515,282.3
983,523,11.0
983,580,65.0
983,688,52.0
983,689,10.0
983,876,231.0
983,1067,5623.75
983,1070,36.0
983,1175,2705.25
983,1182,2821.65
983,1184,18.0
983,1198,1958.0
983,1212,11.0
983,1232,10.0
983,1288,10.0
983,1310,10.0
984,18,10.0
984,91,256.0
984,96,109.0
984,130,10.0
984,133,13.0
984,166,4793.1
984,167,57.0
984,175,10.0
984,182,10.0
984,210,10.0
984,238,10.0
984,318,302.0
984,362,990.0
984,396,7986.2
984,403,10.0
984,520,10.0
984,548,10.0
984,556,3758.6
984,627,38.0
984,673,270.0
984,820,3478.9
984,835,11.0
984,955,18.0
984,981,11101.45
984,996,2721.25
984,1037,24.0
984,1050,10.0
984,1069,656.0
984,1107,10.0
984,1116,10.0
984,1122,95.0
984,1184,20.0
984,1189,3557.0
984,1204,10.0
984,1214,44.5
984,1220,10.0
984,1223,12.0
984,1245,10.0
984,1250,10.0
984,1338,10.0
984,1346,15.0
985,8,54.0
985,54,10.0
985,81,14.0
985,171,12.0
985,208,71.0
985,244,96.0
985,270,10.0
985,339,22.0
985,392,10.0
985,393,22.0
985,420,126.0
985,448,10.0
985,468,10.0
985,476,114.0
985,491,142.0
985,492,10.0
985,520,12.0
985,541,62.0
985,599,20.0
985,628,10.0
985,648,29.0
985,723,8871.6
985,730,10.0
985,752,10.0
985,759,72.0
985,794,153.0
985,816,10.0
985,845,15.0
985,850,39.0
985,883,14.0
985,892,10.0
985,934,17.0
985,947,128.0
985,1066,12.0
985,1083,19.0
985,1093,15.0
985,1104,10.0
985,1120,10.0
985,1123,145.0
985,1212,47.0
985,1283,10.0
985,1296,10.0
985,1301,10.0
985,1314,10.0
985,1335,10.0
985,1339,10.0
985,1356,210.0
985,1362,43.0
986,12,13.0
986,76,14.0
986,78,7054.15
986,80,18.0
986,122,54.0
986,136,15.0
986,185,28.0
986,222,10.0
986,236,23.0
986,280,10.0
986,285,7.0
986,338,10.0
986,406,13.0
986,444,84.0
986,483,39.0
986,486,26.0
986,592,16.0
986,618,10.0
986,625,21.0
986,668,33.0
986,710,34.0
986,733,1461.0
986,754,3.0
986,804,10099.15
986,869,10.0
986,898,132.0
986,905,10.0
986,945,13.0
986,958,13.0
986,964,52.0
986,970,14.0
986,976,10.0
986,977,9090.95
986,1023,10.0
986,1044,36.0
986,1045,156.0
986,1049,7371.8
986,1080,34.0
986,1118,33.0
986,1121,66.0
986,1150,10.0
986,1159,25.0
986,1196,100.45
986,1274,7581.75
986,1290,9879.65
986,1328,1433.0
987,31,10.0
987,38,10.0
987,45,10.0
987,61,10.0
987,85,105.0
987,154,10.0
987,183,60.0
987,331,10811.15
987,338,15.0
987,341,46.0
987,348,1652.25
987,382,23.0
987,389,13.0
987,451,7720.5
987,544,202.0
987,588,13.0
987,613,10.0
987,624,65.0
987,653,2550.05
987,661,10.0
987,692,10.0
987,696,23.0
987,709,10.0
987,721,3921.0
987,773,15.0
987,831,6982.75
987,833,120.0
987,847,4.0
987,848,10.0
987,851,15.0
987,866,48.0
987,881,2326.7
987,919,23.0
987,923,159.0
987,926,15.0
987,973,19.0
987,978,10.0
987,1006,10.0
987,1011,10.0
987,1041,101.0
987,1051,10.0
987,1054,10.0
987,1079,182.0
987,1106,10.0
987,1160,10.0
987,1323,10.0
987,1336,10.0
987,1359,10.0
988,81,4382.75
988,131,10.0
988,201,10.0
988,240,116.0
988,245,16.0
988,305,10.0
988,320,11.0
988,328,10.0
988,353,4218.15
988,388,5051.7
988,397,13.0
988,407,24.0
988,467,14.0
988,484,24.0
988,534,11.0
988,542,34.85
988,550,86.0
988,560,10.0
988,567,12.0
988,573,15.0
988,611,103.0
988,642,173.0
988,665,2762.15
988,713,12.0
988,730,10.0
988,752,10.0
988,761,6219.7
988,812,229.0
988,818,10944.95
988,819,10.0
988,842,52.0
988,877,10.0
988,912,10.0
988,914,21.0
988,937,10.0
988,1052,10.0
988,1064,282.0
988,1118,10.0
988,1144,10.0
988,1155,10.0
988,1174,55.0
988,1193,10.0
988,1224,15.0
988,1294,10.0
988,1315,10.0
988,1358,10.0
989,23,14.0
989,46,10.0
989,50,2966.8
989,60,26.5
989,99,11.0
989,140,4674.7
989,185,28.0
989,239,140.0
989,241,8613.0
989,242,1609.0
989,258,10.0
989,278,82.0
989,304,20.5
989,353,6.0
989,391,995.0
989,400,27.0
989,431,10.0
989,508,28.0
989,547,10.0
989,564,6.0
989,579,1689.0
989,760,10.0
989,817,64.0
989,903,10.0
989,931,19.0
989,939,33.0
989,1061,10.0
989,1064,10.0
989,1088,1261.2
989,1091,50.0
989,1144,10.0
989,1146,10.0
989,1194,10.0
989,1234,10.0
989,1259,9459.25
989,1272,10.0
989,1292,9.0
990,83,38.0
990,100,10.0
990,133,167.0
990,135,3512.0499999999997
990,158,20.0
990,182,10.0
990,238,17.0
990,245,10.0
990,318,10.0
990,354,27.0
990,403,101.0
990,433,45.0
990,515,10.0
990,530,10.0
990,551,10.0
990,555,119.0
990,566,10.0
990,627,10.0
990,660,32.0
990,664,15.0
990,673,108.0
990,692,10.0
990,745,3620.75
990,763,10.0
990,772,10.0
990,841,30.0
990,922,1843.65
990,932,10.0
990,967,10.0
990,995,100.0
990,1016,75.0
990,1018,26.0
990,1033,71.0
990,1066,496.0
990,1070,28.0
990,1093,10.0
990,1217,39.0
990,1223,140.0
990,1242,10.0
990,1246,10.0
990,1296,13.0
990,1325,4700.0
990,1338,16.0
990,1355,5655.35
991,10,10.0
991,106,270.0
991,157,10.0
991,229,10.0
991,271,36.0
991,288,10.0
991,321,32.0
991,348,57.0
991,349,10.0
991,361,10.0
991,370,50.0
991,373,10.0
991,374,10.0
991,384,2999.0
991,415,10.0
991,426,159.0
991,435,10.0
991,471,10.0
991,528,10.0
991,559,10.0
991,693,26.0
991,696,10.0
991,704,10.0
991,727,18.0
991,735,10.0
991,751,10.0
991,827,10.0
991,922,64.0
991,1007,10.0
991,1035,12.0
991,1144,51.0
991,1188,10.0
991,1206,41.0
991,1295,21.0
991,1315,40.0
991,1316,8985.7
991,1319,10.0
991,1326,10.0
991,1358,10.0
992,47,5246.2
992,57,43.0
992,66,6299.9
992,69,13.0
992,135,14.0
992,144,17.0
992,335,21.0
992,356,16.0
992,468,12.0
992,519,34.0
992,589,9749.15
992,609,6620.7
992,612,43.0
992,617,15.0
992,677,47.0
992,688,63.0
992,745,15.0
992,839,10.0
992,856,13.25
992,862,71.55
992,864,10.0
992,899,12.0
992,956,10.0
992,1074,10.0
992,1076,23.0
992,1128,12.0
992,1145,20.0
992,1184,10.0
992,1202,73.0
992,1300,10.0
992,1348,23.0
993,10,10.0
993,23,15.0
993,41,94.0
993,81,10.0
993,109,10.0
993,131,9427.35
993,209,19.0
993,215,10.0
993,255,10.0
993,304,10.0
993,329,71.0
993,333,10.0
993,343,10.0
993,496,70.0
993,507,10.0
993,534,10.0
993,563,10679.55
993,567,10.0
993,590,29.0
993,638,10.0
993,646,6.0
993,679,8087.5
993,760,11.0
993,791,10.0
993,817,13.0
993,868,10.0
993,877,10.0
993,910,6.0
993,935,32.0
993,937,12.0
993,954,22.25
993,968,10.0
993,1008,10.0
993,1089,10.0
993,1094,11.0
993,1096,22.0
993,1113,145.0
993,1118,14.0
993,1120,10.0
993,1140,10.0
993,1142,10.0
993,1191,58.0
993,1201,4060.8
993,1203,3557.1
993,1252,10.0
993,1259,29.0
993,1293,10.0
993,1305,10.0
993,1311,10.0
993,1312,10.0
993,1315,13.0
993,1316,30.0
993,1341,10.0
993,1359,136.0
994,14,7694.05
994,32,10.0
994,52,10.0
994,68,182.2
994,76,12.0
994,87,10.0
994,101,46.0
994,118,137.0
994,211,10.0
994,306,120.0
994,338,14.0
994,428,178.0
994,440,10.0
994,485,5774.95
994,544,10.0
994,611,10.0
994,625,15.0
994,642,20.0
994,802,8869.65
994,824,108.0
994,891,29.0
994,962,10.0
994,969,20.0
994,1027,10.0
994,1047,10.0
994,1199,10.0
994,1326,10.0
995,63,11.0
995,96,10.0
995,128,10.0
995,137,328.0
995,158,7870.5
995,167,15.0
995,175,31.0
995,182,23.0
995,192,5228.1
995,200,10.0
995,256,20.5
995,317,10.0
995,418,12.0
995,421,10.0
995,424,29.0
995,433,157.75
995,442,29.0
995,478,18.0
995,515,15.0
995,530,4.0
995,609,10.0
995,644,10.0
995,673,10789.2
995,683,251.0
995,740,38.0
995,820,10.0
995,823,17.0
995,828,17.0
995,841,430.5
995,876,56.0
995,955,4494.0
995,956,10.0
995,981,34.0
995,990,100.0
995,1037,499.5
995,1066,180.0
995,1074,10.0
995,1090,134.0
995,1108,31.0
995,1122,3657.55
995,1162,18.0
995,1189,469.0
995,1288,11.0
995,1331,16.0
995,1338,10.0
995,1355,14.0
995,1360,10.0
997,7,104.0
997,17,3228.4
997,97,12.0
997,171,14.0
997,281,12.0
997,306,16.0
997,312,74.0
997,324,10.0
997,352,222.0
997,365,15.0
997,405,10.0
997,408,3.0
997,428,63.0
997,451,6.0
997,461,18.0
997,466,10.0
997,483,75.0
997,486,22.0
997,544,26.5
997,592,17.0
997,602,10.0
997,616,10.0
997,649,2837.0
997,696,56.0
997,721,32.0
997,758,10830.7
997,779,28.0
997,785,343.0
997,803,15.0
997,819,6.0
997,831,10.0
997,897,3799.85
997,898,7168.4
997,904,10.0
997,918,918.05
997,948,10.0
997,951,19.0
997,953,10.0
997,961,10.0
997,966,10.0
997,970,309.0
997,1027,30.5
997,1047,10.0
997,1064,3.0
997,1156,16.0
997,1166,10.0
997,1167,10.0
997,1179,180.0
997,1254,4330.95
997,1272,6.0
997,1273,64.0
997,1286,56.0
997,1309,20.0
998,40,8.0
998,73,26.5
998,84,26.5
998,189,15.0
998,196,10.0
998,237,11.0
998,272,10.0
998,280,36.0
998,297,48.0
998,365,10.0
998,382,102.0
998,387,258.0
998,415,10.0
998,452,10.0
998,483,28.0
998,521,34.0
998,529,46.0
998,533,53.0
998,606,10.0
998,621,10.0
998,632,6839.65
998,666,16.0
998,671,166.0
998,690,48.0
998,701,16.0
998,733,121.0
998,757,335.0
998,773,8.0
998,796,10.0
998,803,10.0
998,810,20.0
998,821,11.0
998,884,12.0
998,901,10.0
998,1023,10.0
998,1027,19.0
998,1032,5243.95
998,1061,38.0
998,1080,10.0
998,1109,7648.35
998,1140,10.0
998,1150,48.0
998,1206,196.0
998,1274,26.0
998,1286,12.0
998,1303,10.0
998,1328,10.0
999,49,38.0
999,84,10.0
999,111,10.0
999,195,10.0
999,232,6062.4
999,248,50.0
999,297,3000.7
999,302,17.0
999,319,10.0
999,370,67.0
999,404,104.0
999,426,106.0
999,466,10.0
999,521,29.15
999,568,184.0
999,572,10.0
999,585,10.0
999,586,11.0
999,604,6060.9
999,616,57.0
999,631,10.0
999,716,3467.5
999,727,10.0
999,790,21.0
999,830,13.0
999,886,10.0
999,905,10.0
999,951,10.0
999,979,10670.6
999,1087,10.0
999,1111,42.0
999,1139,10.0
999,1154,62.0
999,1179,27.0
999,1196,10.0
999,1285,25.0
1000,57,20.0
1000,63,263.0
1000,83,2616.15
1000,153,617.0
1000,262,14.0
1000,266,10.0
1000,292,10.0
1000,301,2389.0
1000,360,10.0
1000,366,16.0
1000,383,10.0
1000,386,163.0
1000,445,10.0
1000,457,10.0
1000,470,13.0
1000,511,12.0
1000,565,13.0
1000,644,10.0
1000,717,82.0
1000,835,10.0
1000,899,10.0
1000,971,38.5
1000,1076,232.55
1000,1085,23.0
1000,1119,8853.9
1000,1251,22.0
1000,1300,10.0
1000,1314,10.0
1000,1345,72.0
1001,29,58.0
1001,36,10.0
1001,52,9.0
1001,61,10598.7
1001,109,10.0
1001,123,139.0
1001,186,41.0
1001,211,3.0
1001,225,359.0
1001,247,14.0
1001,251,10.0
1001,319,10.0
1001,323,20.0
1001,329,10.0
1001,369,13.0
1001,375,20.0
1001,385,10.0
1001,398,10.0
1001,405,10.0
1001,415,19.0
1001,461,15.0
1001,479,10.0
1001,538,5548.3
1001,558,8471.0
1001,587,10.0
1001,642,189.0
1001,698,4.0
1001,773,159.0
1001,780,10.0
1001,803,72.0
1001,808,783.9
1001,821,35.0
1001,827,18.0
1001,847,10.0
1001,889,10.0
1001,918,58.0
1001,1004,10.0
1001,1035,13.0
1001,1043,6.0
1001,1051,10.0
1001,1079,10.0
1001,1094,10.0
1001,1127,3953.15
1001,1133,10.0
1001,1154,10.0
1001,1180,14.0
1001,1196,12.0
1001,1229,15.0
1001,1258,13.0
1001,1266,20.0
1001,1285,681.0
1001,1293,292.75
1001,1312,667.0
1002,60,18.0
1002,81,17.0
1002,104,10.0
1002,121,2460.4
1002,154,118.0
1002,246,8197.8
1002,255,2969.25
1002,257,10.0
1002,258,11.0
1002,297,10.0
1002,303,44.0
1002,311,146.0
1002,320,10.0
1002,343,10.0
1002,559,120.0
1002,574,193.0
1002,586,10.0
1002,636,11.0
1002,643,10.0
1002,793,24.0
1002,930,6247.2
1002,939,10.0
1002,982,23.0
1002,1053,10.0
1002,1132,7731.05
1002,1185,31.0
1003,22,13.2
1003,63,10.0
1003,69,636.1
1003,161,20.5
1003,202,15.0
1003,245,17.0
1003,300,10.0
1003,418,9366.85
1003,520,10.0
1003,629,115.0
1003,688,10.0
1003,747,50.0
1003,780,10.0
1003,805,126.0
1003,820,10.0
1003,899,19.0
1003,920,10.0
1003,932,1956.1
1003,967,10.0
1003,1012,24.0
1003,1016,10.0
1003,1055,10.0
1003,1090,10.0
1003,1151,136.0
1003,1192,26.5
1003,1198,35.0
1003,1204,10.0
1003,1231,4792.049999999999
1003,1327,65.0
1004,13,15.0
1004,14,17.0
1004,76,4297.35
1004,87,10.0
1004,94,20.5
1004,109,10676.65
1004,172,21.0
1004,183,30.5
1004,272,10.0
1004,385,43.0
1004,404,11.0
1004,461,10.0
1004,476,32.0
1004,507,10.0
1004,538,17.0
1004,553,7.0
1004,604,10.0
1004,698,12.0
1004,715,10.0
1004,796,25.0
1004,811,10.0
1004,812,10.0
1004,824,2423.0
1004,853,10.0
1004,914,10.0
1004,918,10.0
1004,924,10.0
1004,948,10.0
1004,970,10.0
1004,1001,10.0
1004,1027,2442.0
1004,1115,115.0
1004,1215,168.0
1004,1241,10.0
1004,1266,36.0
1004,1286,5527.6
1004,1309,468.0
1004,1312,39.0
1006,73,1244.0
1006,75,165.0
1006,84,121.0
1006,100,20.5
1006,127,10.0
1006,178,141.0
1006,209,10.0
1006,452,10.0
1006,469,10.0
1006,526,22.0
1006,575,165.0
1006,618,18.0
1006,698,10.0
1006,755,2292.6
1006,757,20.0
1006,799,2639.7
1006,869,4660.75
1006,878,10.0
1006,913,7273.45
1006,953,10.0
1006,987,10.0
1006,1009,4.0
1006,1021,13.0
1006,1023,10.0
1006,1036,10.0
1006,1060,10.0
1006,1082,27.0
1006,1124,400.0
1006,1159,10.0
1006,1180,13.0
1006,1221,10.0
1006,1222,11.0
1006,1233,25.0
1006,1254,10.0
1006,1256,10.0
1006,1286,404.0
1006,1293,19.0
1006,1308,10.0
1007,40,10.0
1007,141,3.0
1007,225,11.0
1007,315,10.0
1007,341,8.0
1007,343,11040.1
1007,367,8.0
1007,464,10.0
1007,496,109.0
1007,517,925.0
1007,541,119.0
1007,568,70.0
1007,571,10.0
1007,611,15.0
1007,679,10.0
1007,751,36.0
1007,793,13.0
1007,818,22.0
1007,891,352.0
1007,896,3173.1
1007,903,5318.95
1007,926,10.0
1007,937,140.0
1007,939,13.0
1007,991,10.0
1007,1091,20.5
1007,1098,40.0
1007,1193,29.0
1007,1291,13.0
1007,1341,10.0
1008,3,10.0
1008,10,51.0
1008,29,16.0
1008,50,10.0
1008,74,10.0
1008,132,15.0
1008,169,10.0
1008,198,4363.4
1008,202,6.0
1008,204,20.0
1008,240,2423.3
1008,252,145.0
1008,265,6.0
1008,431,24.6
1008,496,10.0
1008,505,10.0
1008,528,32.0
1008,616,71.0
1008,679,16.0
1008,680,10.0
1008,826,10.0
1008,870,75.0
1008,883,3296.4
1008,903,10.0
1008,910,3049.25
1008,993,10.0
1008,1088,24.0
1008,1114,110.0
1008,1144,147.0
1008,1146,10.0
1008,1156,30.0
1008,1191,10580.35
1008,1272,5.0
1010,5,24.0
1010,53,12.0
1010,54,10.0
1010,59,134.0
1010,64,52.0
1010,127,10.0
1010,153,10.0
1010,202,1276.85
1010,254,465.0
1010,262,10.0
1010,296,11.0
1010,305,915.0
1010,316,32.0
1010,324,1070.2
1010,335,17.0
1010,407,100.0
1010,410,10.0
1010,458,18.0
1010,470,13.0
1010,494,5611.7
1010,508,131.0
1010,511,310.0
1010,522,351.0
1010,573,20.0
1010,609,10.0
1010,614,19.0
1010,639,18.0
1010,667,10.0
1010,689,41.0
1010,702,96.0
1010,717,20.0
1010,753,12.0
1010,844,12.0
1010,864,251.0
1010,915,462.0
1010,955,26.0
1010,1067,10.0
1010,1075,26.0
1010,1126,9822.2
1010,1148,40.0
1010,1162,10.0
1010,1188,10.0
1010,1207,10.0
1010,1212,10.0
1010,1232,55.0
1010,1238,12.0
1010,1242,10.0
1010,1244,12.0
1010,1253,173.0
1010,1310,42.0
1010,1360,104.0
1011,36,10.0
1011,75,10.0
1011,101,4118.35
1011,115,10.0
1011,125,128.0
1011,127,13.0
1011,129,10.0
1011,195,10.0
1011,227,1078.3
1011,237,10.0
1011,274,10.0
1011,375,11.0
1011,402,17.0
1011,409,39.0
1011,486,10.0
1011,563,10.0
1011,583,10.0
1011,634,10.0
1011,662,16.0
1011,709,4.0
1011,728,10.0
1011,729,3.0
1011,754,8187.799999999999
1011,767,45.0
1011,866,10.0
1011,883,103.0
1011,886,5176.05
1011,964,10.0
1011,987,10.0
1011,1051,10.0
1011,1053,24.0
1011,1130,7.0
1011,1154,13.0
1011,1161,9337.3
1011,1164,10.0
1011,1167,10346.95
1011,1186,39.0
1011,1225,10.0
1011,1254,10.0
1011,1255,10.0
1011,1256,10.0
1011,1264,252.0
1011,1284,10.0
1011,1286,10.0
1012,64,7353.75
1012,95,11.0
1012,98,7.95
1012,142,10.0
1012,169,10.0
1012,171,10.0
1012,219,10.0
1012,226,10.0
1012,300,10.0
1012,395,10.0
1012,493,3070.95
1012,519,2880.45
1012,520,11035.05
1012,650,10.0
1012,676,49.0
1012,679,10.0
1012,683,10.0
1012,687,3369.0
1012,689,26.5
1012,702,10.0
1012,740,2090.85
1012,854,10.0
1012,858,10.0
1012,894,10.0
1012,974,6.0
1012,1003,24.0
1012,1031,1579.7
1012,1102,10.0
1012,1188,12.0
1012,1193,13.0
1012,1263,46.0
1012,1283,8343.15
1012,1291,10.0
1012,1321,10.0
1013,46,18.0
1013,122,73.0
1013,260,7563.85
1013,268,11.0
1013,352,63.0
1013,387,10.0
1013,406,10.0
1013,482,72.0
1013,483,10.0
1013,503,11.0
1013,525,14.0
1013,529,10.0
1013,540,10.0
1013,575,41.0
1013,668,11.0
1013,770,68.0
1013,776,10.0
1013,833,39.0
1013,852,10350.95
1013,865,149.0
1013,958,21.0
1013,960,40.0
1013,969,2835.8
1013,976,156.0
1013,1045,9340.7
1013,1058,10.0
1013,1061,62.0
1013,1109,15.0
1013,1121,75.0
1013,1124,182.0
1013,1179,10.0
1013,1265,148.0
1013,1299,3061.55
1015,41,11.0
1015,58,39.0
1015,178,10.0
1015,239,15.0
1015,240,10.0
1015,306,73.0
1015,395,10.0
1015,505,10.0
1015,528,3568.1
1015,575,10.0
1015,594,10.0
1015,621,14.0
1015,680,30.0
1015,795,10.0
1015,861,57.0
1015,883,14.0
1015,903,66.0
1015,1105,140.0
1015,1113,8.0
1015,1169,11.0
1015,1185,10.0
1015,1201,10.0
1015,1203,19.0
1015,1221,10.0
1015,1262,9912.45
1015,1287,10.0
1015,1290,10.0
1015,1305,21.0
1015,1322,10.0
1016,269,17.0
1016,366,5565.950000000001
1016,435,20.5
1016,511,1921.15
1016,569,16.0
1016,674,4388.85
1016,730,10.0
1016,737,26.5
1016,816,10.0
1016,909,63.0
1016,956,25.25
1016,990,75.0
1016,1003,10.0
1016,1313,10.0
1016,1321,10.0
1016,1332,10949.3
1017,65,4584.35
1017,151,10.0
1017,266,49.0
1017,294,70.0
1017,318,20.0
1017,445,106.0
1017,457,198.0
1017,519,3005.3
1017,670,18.0
1017,674,10.0
1017,832,11.0
1017,981,11.0
1017,1063,62.0
1017,1085,3105.8
1017,1162,144.0
1017,1198,9435.0
1017,1204,348.0
1017,1229,24.0
1017,1244,16.0
1017,1250,10.0
1017,1278,1079.0
1018,50,10.0
1018,88,166.0
1018,119,2532.25
1018,136,96.0
1018,140,300.0
1018,154,5489.5
1018,155,15.0
1018,157,4699.05
1018,202,36.0
1018,212,2966.65
1018,221,146.0
1018,225,15.0
1018,242,83.0
1018,257,10.0
1018,264,10.0
1018,271,10.0
1018,288,10.0
1018,291,6.0
1018,294,18.0
1018,306,1863.0
1018,312,10.0
1018,320,143.0
1018,334,21.0
1018,392,123.0
1018,402,159.0
1018,419,59.0
1018,461,11.0
1018,476,10.0
1018,541,28.0
1018,574,10.0
1018,579,36.0
1018,584,15.0
1018,623,8.0
1018,680,11.0
1018,725,22.0
1018,730,155.0
1018,735,12.0
1018,780,10.0
1018,823,10.0
1018,883,192.0
1018,896,69.0
1018,907,21.0
1018,990,26.0
1018,1026,134.0
1018,1088,128.0
1018,1166,10.0
1018,1203,10.0
1018,1224,10512.6
1018,1262,12.0
1018,1273,401.0
1018,1287,150.0
1018,1291,10.0
1018,1305,2147.25
1018,1319,135.0
1018,1352,16.0
1021,38,10.0
1021,76,10.0
1021,143,1739.0
1021,176,536.0
1021,213,10.0
1021,285,70.0
1021,295,317.0
1021,331,6.0
1021,382,45.0
1021,398,16.0
1021,405,811.0
1021,425,154.0
1021,452,4278.0
1021,483,11.0
1021,499,36.0
1021,500,130.0
1021,512,10.0
1021,524,12.0
1021,525,351.45
1021,544,68.0
1021,635,10.0
1021,696,9.0
1021,698,10.0
1021,710,10.0
1021,715,33.0
1021,756,15.0
1021,757,11.0
1021,779,115.0
1021,780,18.0
1021,790,337.0
1021,809,14.0
1021,884,13.0
1021,904,10.0
1021,925,10.0
1021,957,10.0
1021,958,10.0
1021,980,10.0
1021,1006,13.0
1021,1061,2462.5
1021,1139,4.0
1021,1143,78.0
1021,1174,10.0
1021,1181,10.0
1021,1206,10.0
1021,1216,128.0
1021,1256,1574.0
1021,1264,7196.9
1021,1294,149.0
1021,1356,34.0
1022,81,10.0
1022,97,72.0
1022,104,191.0
1022,111,55.0
1022,113,14.0
1022,136,3.0
1022,207,40.0
1022,216,36.0
1022,220,6.0
1022,275,13.0
1022,285,63.0
1022,306,10.0
1022,451,20.5
1022,506,10.0
1022,507,10.0
1022,513,32.0
1022,544,4125.7
1022,553,369.0
1022,559,10.0
1022,567,10.0
1022,572,13.0
1022,583,28.0
1022,588,13.25
1022,594,10.0
1022,598,47.0
1022,642,13.0
1022,643,125.0
1022,699,10.0
1022,731,19.0
1022,735,20.0
1022,750,10.0
1022,757,37.0
1022,771,27.0
1022,773,10.0
1022,785,10.0
1022,792,12.0
1022,795,10.0
1022,803,10.0
1022,830,35.0
1022,860,66.0
1022,861,26.0
1022,871,10.0
1022,886,12.0
1022,891,10.0
1022,902,28.0
1022,919,49.0
1022,930,10.0
1022,937,60.0
1022,942,114.0
1022,948,1126.0
1022,951,13.0
1022,961,47.0
1022,1034,14.0
1022,1065,118.0
1022,1072,10.0
1022,1098,52.0
1022,1105,12.0
1022,1147,14.0
1022,1159,37.0
1022,1174,4.0
1022,1179,26.5
1022,1180,10.0
1022,1215,1225.0
1022,1234,124.0
1022,1241,130.0
1022,1256,10.0
1022,1285,10.0
1022,1289,10.0
1022,1293,38.0
1022,1302,19.0
1022,1312,4153.6
1022,1323,22.0
1022,1342,10.0
1022,1356,7975.1
1023,12,24.0
1023,14,51.0
1023,71,10.0
1023,160,11.0
1023,190,38.0
1023,251,10.0
1023,271,67.0
1023,294,151.0
1023,302,10.0
1023,374,32.0
1023,408,13.0
1023,484,135.0
1023,529,29.0
1023,588,6.0
1023,662,8403.1
1023,668,11.0
1023,714,10.0
1023,736,174.0
1023,776,3.0
1023,779,10.0
1023,782,35.0
1023,819,113.0
1023,833,10.0
1023,860,10.0
1023,871,60.0
1023,878,2687.0
1023,884,88.0
1023,902,10.0
1023,948,705.5
1023,950,5994.4
1023,957,14.0
1023,964,475.0
1023,982,24.0
1023,986,10.0
1023,998,10.0
1023,1006,10.0
1023,1111,29.0
1023,1131,10.0
1023,1179,10.0
1023,1222,38.0
1023,1285,17.0
1023,1315,10.0
1024,53,36.0
1024,69,17.0
1024,126,81.0
1024,173,10.0
1024,254,10.0
1024,330,10.0
1024,355,483.0
1024,360,30.0
1024,407,14.0
1024,445,10.0
1024,457,10.0
1024,492,6868.1
1024,516,10.0
1024,565,7692.85
1024,576,10.0
1024,588,10.0
1024,600,10.0
1024,601,15.0
1024,615,10.0
1024,862,10.0
1024,891,10.0
1024,909,5358.4
1024,1046,20.0
1024,1093,11.0
1024,1102,2012.9
1024,1165,16.0
1024,1188,20.0
1024,1359,10.0
1025,69,1840.0
1025,83,160.0
1025,106,1959.5
1025,115,650.0
1025,136,123.0
1025,144,943.0
1025,187,10.0
1025,245,1170.6
1025,262,1308.0
1025,265,121.0
1025,305,3570.6
1025,392,47.0
1025,418,10.0
1025,427,24.0
1025,445,7323.7
1025,514,10906.7
1025,601,17.0
1025,661,10.0
1025,695,3.0
1025,717,1320.0
1025,738,127.0
1025,823,5634.45
1025,1075,10.0
1025,1120,50.0
1025,1169,10.0
1026,23,10.0
1026,41,10.0
1026,70,10.0
1026,140,10.0
1026,154,318.0
1026,215,300.0
1026,216,10.0
1026,221,80.0
1026,225,10.0
1026,291,116.0
1026,294,131.0
1026,319,10.0
1026,343,8631.5
1026,353,54.0
1026,367,10.0
1026,397,63.0
1026,402,15.0
1026,541,990.3
1026,571,10.0
1026,579,10.0
1026,611,60.0
1026,665,613.0
1026,725,161.0
1026,727,29.0
1026,738,10.0
1026,751,449.0
1026,752,10.0
1026,773,10.0
1026,791,127.0
1026,842,10.0
1026,859,10.0
1026,877,4255.0
1026,896,9539.15
1026,906,10.0
1026,926,10.0
1026,970,25.0
1026,972,42.0
1026,1018,134.0
1026,1096,614.0
1026,1113,6983.05
1026,1120,10.0
1026,1201,189.0
1026,1203,232.0
1026,1224,137.0
1026,1263,31.0
1026,1281,22.0
1026,1352,44.0
1027,38,10.0
1027,58,32.0
1027,76,157.0
1027,85,20.5
1027,97,201.0
1027,109,2286.95
1027,122,18.0
1027,127,40.0
1027,263,10.0
1027,272,10.0
1027,452,10.0
1027,605,10.0
1027,634,252.0
1027,731,23.0
1027,770,10.0
1027,824,2855.15
1027,852,43.0
1027,928,6229.05
1027,941,10.0
1027,945,16.0
1027,994,10.0
1027,997,30.5
1027,998,19.0
1027,1004,2442.0
1027,1066,11.0
1027,1080,454.0
1027,1121,24.0
1027,1179,4190.0
1027,1254,10.0
1027,1284,16.0
1027,1326,61.0
1027,1356,11.0
1028,30,1965.2
1028,73,13.0
1028,86,1482.0
1028,162,10.0
1028,247,10.0
1028,260,69.0
1028,387,28.0
1028,554,10933.7
1028,647,5437.25
1028,729,13.0
1028,779,8.0
1028,791,13.0
1028,838,26.0
1028,863,200.0
1028,866,388.0
1028,953,10.0
1028,1053,26.5
1028,1061,10.0
1028,1234,380.0
1028,1241,621.0
1028,1274,34.0
1029,63,10.0
1029,88,1148.4
1029,175,10.0
1029,223,10.0
1029,292,100.0
1029,372,3524.7
1029,446,10.0
1029,448,17.0
1029,458,20.0
1029,493,194.0
1029,639,4913.8
1029,723,10.0
1029,769,201.0
1029,934,10.0
1029,971,10.0
1029,1172,25.0
1029,1192,10.0
1029,1202,13.0
1029,1221,10.0
1029,1288,10.0
1029,1339,4540.3
1030,25,26.5
1030,77,10.0
1030,138,11.0
1030,223,3112.2
1030,284,45.0
1030,296,36.0
1030,315,10.0
1030,347,32.0
1030,386,10.0
1030,399,10570.4
1030,417,6050.45
1030,442,29.0
1030,516,29.0
1030,580,10.0
1030,599,2004.1
1030,677,12.0
1030,700,10.0
1030,735,14.0
1030,797,29.0
1030,814,7584.8
1030,825,20.0
1030,829,35.0
1030,1085,25.0
1030,1128,2209.0
1030,1135,29.0
1030,1165,8.0
1030,1238,11.0
1030,1271,10.0
1030,1296,10.0
1030,1343,15.0
1031,64,10.0
1031,100,10.0
1031,120,37.0
1031,133,10.0
1031,156,1540.5
1031,238,10.0
1031,356,10.0
1031,364,14.0
1031,417,10.0
1031,420,23.0
1031,430,12.0
1031,436,10.0
1031,470,20.5
1031,493,20.0
1031,519,7702.3
1031,520,4983.9
1031,530,248.0
1031,560,10.0
1031,573,10.0
1031,580,10.0
1031,588,6.0
1031,590,10.0
1031,608,48.0
1031,794,13.0
1031,822,50.0
1031,932,10.0
1031,948,185.0
1031,1012,1579.7
1031,1192,13.0
1031,1198,1992.0
1031,1231,15.0
1031,1240,19.0
1031,1246,14.0
1031,1320,66.0
1031,1326,54.0
1031,1350,6663.7
1032,9,10.0
1032,17,4.0
1032,23,24.0
1032,52,6634.35
1032,73,10.0
1032,78,139.0
1032,101,157.0
1032,209,31.0
1032,229,25.0
1032,268,15.0
1032,285,114.0
1032,302,10.0
1032,362,30.0
1032,409,11.0
1032,484,10.0
1032,486,197.0
1032,512,19.0
1032,534,48.0
1032,575,14.0
1032,602,16.0
1032,606,27.0
1032,626,134.0
1032,749,10.0
1032,767,10.0
1032,806,69.0
1032,867,93.0
1032,886,10.0
1032,913,10.0
1032,959,11.0
1032,977,108.0
1032,998,5243.95
1032,1047,18.0
1032,1049,10.0
1032,1058,10.0
1032,1225,11.0
1032,1237,10.0
1032,1281,414.0
1032,1302,265.0
1032,1309,15.0
1033,83,77.0
1033,171,195.0
1033,244,303.0
1033,284,14.0
1033,290,1446.0
1033,335,105.0
1033,347,11.0
1033,386,10.0
1033,396,40.0
1033,429,6424.65
1033,435,21.0
1033,468,351.0
1033,478,51.0
1033,487,56.0
1033,516,9091.95
1033,530,180.0
1033,535,69.0
1033,573,14.0
1033,664,78.0
1033,677,24.0
1033,681,15.0
1033,683,89.0
1033,691,19.0
1033,697,102.0
1033,702,22.0
1033,720,8079.15
1033,723,11.0
1033,814,10.0
1033,825,29.0
1033,829,15.0
1033,839,164.0
1033,932,2020.25
1033,934,10.0
1033,962,10.0
1033,990,71.0
1033,1122,14.0
1033,1135,14.0
1033,1165,10.0
1033,1188,10.0
1033,1228,191.0
1033,1232,40.0
1033,1242,54.0
1033,1250,17.0
1033,1253,21.0
1033,1271,27.0
1033,1307,316.0
1033,1317,23.0
1033,1331,2734.5
1033,1348,72.0
1034,216,10.0
1034,303,31.0
1034,400,10.0
1034,512,10.0
1034,542,20.5
1034,574,12.0
1034,643,14.0
1034,739,239.9
1034,757,12.0
1034,782,10.0
1034,1022,14.0
1034,1147,10650.2
1034,1210,3824.45
1034,1291,10.0
1035,34,1889.0
1035,84,15.0
1035,118,2697.3
1035,144,10.0
1035,149,7.0
1035,157,10.0
1035,175,18.0
1035,176,156.0
1035,187,10.0
1035,224,10.0
1035,314,10.0
1035,336,8.0
1035,348,7659.95
1035,369,11.0
1035,384,63.0
1035,385,10.0
1035,400,10.0
1035,405,109.0
1035,415,4023.3
1035,435,82.0
1035,469,9.0
1035,471,7131.8
1035,488,4949.35
1035,524,10.0
1035,541,10.0
1035,577,1596.6
1035,584,10.0
1035,618,17.0
1035,653,2326.5
1035,671,10.0
1035,674,10.0
1035,714,159.0
1035,715,10.0
1035,773,10.0
1035,827,2776.0
1035,834,3.0
1035,868,10.0
1035,881,5673.75
1035,924,31.0
1035,947,34.0
1035,978,10.0
1035,991,12.0
1035,1001,13.0
1035,1043,10.0
1035,1060,10.0
1035,1077,27.0
1035,1087,110.0
1035,1165,10.0
1035,1168,10.0
1035,1199,26.65
1035,1206,10.0
1035,1207,10.0
1035,1215,6.0
1035,1252,2569.05
1035,1284,10.0
1035,1285,10.0
1035,1335,10.0
1036,246,10.0
1036,251,57.95
1036,305,10.0
1036,306,10.0
1036,395,234.0
1036,412,3265.6
1036,559,5809.049999999999
1036,574,2018.8
1036,587,64.0
1036,594,10.0
1036,641,10.0
1036,730,19.0
1036,750,8747.3
1036,823,10.0
1036,901,10.0
1036,907,161.0
1036,930,26.0
1036,937,10.0
1036,944,28.0
1036,976,23.0
1036,1006,10.0
1036,1091,17.0
1036,1105,47.0
1036,1275,12.0
1036,1287,45.0
1036,1319,67.0
1036,1359,12.0
1037,63,10.0
1037,133,9529.4
1037,167,10.0
1037,168,10.0
1037,182,10.0
1037,192,10.0
1037,194,12.0
1037,223,10.0
1037,238,20.5
1037,403,10.0
1037,432,20.0
1037,535,7494.65
1037,624,50.0
1037,644,3335.7
1037,661,30.0
1037,673,6327.5
1037,697,7375.05
1037,724,17.0
1037,726,10.0
1037,745,23.0
1037,839,10.0
1037,841,26.0
1037,920,10.0
1037,955,10.0
1037,981,19.0
1037,984,24.0
1037,995,499.5
1037,1122,10514.7
1037,1214,101.0
1037,1232,10.0
1037,1238,13.0
1038,53,92.0
1038,182,53.0
1038,223,10.0
1038,266,10.0
1038,317,92.0
1038,421,603.0
1038,442,19.0
1038,488,11.0
1038,493,28.0
1038,523,165.0
1038,552,20.0
1038,695,4853.55
1038,726,10.0
1038,920,8.0
1038,946,290.0
1038,967,10.0
1038,1122,107.0
1038,1123,621.0
1038,1177,13.0
1038,1192,10.0
1038,1232,127.0
1038,1253,89.0
1038,1325,2073.0
1038,1343,11.0
1038,1356,46.0
1039,16,224.0
1039,171,1293.95
1039,256,10.0
1039,292,10.0
1039,293,1236.0
1039,442,2667.15
1039,551,1588.9
1039,589,10.0
1039,650,10.0
1039,691,26.0
1039,706,3407.3
1039,720,96.0
1039,745,10.0
1039,765,10.0
1039,801,14.0
1039,828,10.0
1039,892,10.0
1039,922,10.0
1039,967,581.0
1039,1066,2122.35
1039,1184,3579.5
1039,1207,10.0
1039,1232,29.0
1039,1250,60.0
1039,1288,10.0
1039,1355,10.0
1039,1357,10483.9
1041,32,10.0
1041,34,10.0
1041,45,10.0
1041,80,103.0
1041,125,10.0
1041,207,10.0
1041,224,4960.45
1041,274,16.0
1041,299,10.0
1041,307,10.0
1041,363,10.0
1041,380,17.0
1041,425,10.0
1041,426,17.0
1041,459,10.0
1041,479,85.0
1041,529,10.0
1041,616,134.0
1041,711,10.0
1041,736,3476.9
1041,749,10.0
1041,800,16.0
1041,802,12.0
1041,851,10.0
1041,915,10.0
1041,966,77.0
1041,982,30.5
1041,987,101.0
1041,1059,10199.45
1041,1154,15.0
1041,1168,10.0
1041,1205,3107.95
1041,1209,10.0
1042,36,20.5
1042,45,10.0
1042,68,4919.95
1042,143,10.0
1042,185,10.0
1042,188,2822.3
1042,201,10.0
1042,273,977.5
1042,331,6.0
1042,341,10.0
1042,363,10.0
1042,502,10.0
1042,507,36.5
1042,512,10.0
1042,524,6.0
1042,531,10.0
1042,558,55.35
1042,588,10.0
1042,625,54.0
1042,653,10.0
1042,696,28.0
1042,755,146.0
1042,758,10.0
1042,767,374.0
1042,799,79.0
1042,808,10.0
1042,811,2418.95
1042,831,13.0
1042,834,6729.65
1042,881,11.0
1042,904,10762.2
1042,919,19.0
1042,925,10.0
1042,927,10.0
1042,928,10.0
1042,980,10.0
1042,1043,10.0
1042,1058,10.0
1042,1087,3.0
1042,1094,10.0
1042,1106,10.0
1042,1150,10.0
1042,1206,202.0
1042,1266,14.0
1042,1272,10.0
1043,32,26.5
1043,74,8306.05
1043,124,84.0
1043,125,10.0
1043,172,39.75
1043,191,135.0
1043,307,150.0
1043,375,10.0
1043,385,1870.6
1043,434,10.0
1043,452,10.0
1043,476,22.0
1043,500,5.0
1043,529,38.0
1043,538,10.0
1043,588,65.0
1043,606,29.0
1043,736,14.0
1043,780,16.0
1043,785,10.0
1043,827,10.0
1043,834,8300.95
1043,851,185.0
1043,889,61.0
1043,904,1800.9
1043,947,18.0
1043,957,38.0
1043,1001,6.0
1043,1035,10.0
1043,1042,10.0
1043,1044,9010.55
1043,1054,17.0
1043,1087,29.0
1043,1094,144.0
1043,1139,10.0
1043,1289,11.0
1043,1326,55.0
1043,1335,6.0
1044,32,8284.0
1044,74,3974.9
1044,98,10.0
1044,122,10.0
1044,124,10.0
1044,172,15.0
1044,222,30.0
1044,459,10.0
1044,466,10.0
1044,479,654.0
1044,649,10.0
1044,735,20.0
1044,758,10.0
1044,798,20.0
1044,803,69.0
1044,851,3234.15
1044,871,13.0
1044,873,2312.0
1044,898,12.0
1044,986,36.0
1044,1043,9010.55
1044,1045,12.0
1044,1063,384.0
1044,1094,1758.0
1044,1164,145.0
1045,30,10.0
1045,36,39.0
1045,38,10.0
1045,40,26.0
1045,260,7114.0
1045,302,653.0
1045,365,249.0
1045,368,22.0
1045,385,1906.0
1045,389,70.0
1045,395,19.0
1045,406,19.0
1045,451,14.0
1045,452,10.0
1045,472,26.5
1045,498,16.0
1045,499,10.0
1045,512,11.0
1045,524,1882.0
1045,525,12.0
1045,538,1728.0
1045,649,140.0
1045,652,38.0
1045,666,10.0
1045,699,6.0
1045,731,20.0
1045,735,10.0
1045,758,13.0
1045,770,11.0
1045,803,47.0
1045,812,8.0
1045,866,10.0
1045,898,110.0
1045,928,165.0
1045,951,6.0
1045,957,6.0
1045,969,151.0
1045,978,11.0
1045,986,156.0
1045,1013,9340.7
1045,1044,12.0
1045,1047,23.0
1045,1058,58.0
1045,1064,6.0
1045,1099,10.0
1045,1121,18.0
1045,1129,10.0
1045,1167,69.0
1045,1186,10.0
1045,1197,10.0
1045,1206,24.0
1045,1234,39.0
1045,1241,10.0
1045,1264,16.0
1045,1290,14.0
1045,1299,7820.15
1045,1301,10.0
1045,1336,17.0
1046,116,11.0
1046,128,164.0
1046,142,4392.35
1046,161,10.0
1046,218,9525.1
1046,242,2902.95
1046,298,2523.8
1046,330,123.0
1046,360,10.0
1046,441,22.55
1046,470,106.0
1046,493,23.0
1046,515,185.0
1046,530,11.0
1046,579,2909.95
1046,630,140.0
1046,678,10.0
1046,684,12.0
1046,720,2764.2
1046,769,13.0
1046,788,22.0
1046,885,862.0
1046,920,10.0
1046,1024,20.0
1046,1050,42.0
1046,1102,10.0
1046,1172,76.0
1046,1182,10.0
1046,1250,2503.9
1046,1363,14.0
1047,71,3582.4
1047,122,10.0
1047,209,49.0
1047,220,117.0
1047,221,10.0
1047,251,7.0
1047,307,41.0
1047,340,10.0
1047,408,84.0
1047,451,22.0
1047,455,41.0
1047,461,13.0
1047,465,10.0
1047,482,9.0
1047,484,50.0
1047,488,18.0
1047,529,41.0
1047,531,24.0
1047,575,7976.7
1047,606,13.0
1047,621,13.0
1047,649,17.0
1047,653,76.0
1047,659,140.0
1047,712,26.5
1047,780,13.0
1047,819,17.0
1047,830,108.0
1047,851,53.0
1047,865,12.0
1047,869,25.0
1047,898,30.0
1047,913,239.0
1047,924,996.5
1047,927,8069.9
1047,963,10.0
1047,965,10.0
1047,994,10.0
1047,997,10.0
1047,1009,10.0
1047,1032,18.0
1047,1045,23.0
1047,1054,44.0
1047,1124,11.0
1047,1127,50.0
1047,1205,41.0
1047,1209,10.0
1047,1264,344.0
1047,1283,24.0
1047,1301,152.0
1047,1302,112.0
1047,1303,20.5
1047,1309,10.0
1047,1315,10.0
1047,1323,10.0
1047,1335,2104.2
1047,1336,108.0
1047,1356,11.0
1049,9,15.0
1049,29,6.0
1049,50,7.0
1049,97,15.0
1049,127,10.0
1049,209,14.0
1049,213,79.0
1049,236,52.0
1049,254,11.0
1049,272,10.0
1049,306,10.0
1049,334,10.0
1049,374,16.0
1049,379,12.0
1049,450,10.0
1049,498,18.0
1049,499,10.0
1049,540,10.0
1049,575,22.0
1049,583,10.0
1049,602,23.0
1049,606,20.0
1049,616,5875.0
1049,620,66.0
1049,749,7.0
1049,795,21.0
1049,851,48.0
1049,859,17.0
1049,957,10.0
1049,958,6.0
1049,963,106.0
1049,977,10.0
1049,986,7371.8
1049,1032,10.0
1049,1072,410.0
1049,1130,10.0
1049,1137,19.0
1049,1154,1952.9
1049,1274,5822.05
1049,1290,10529.7
1050,57,10.0
1050,77,30.0
1050,112,13.0
1050,115,10.0
1050,292,10.0
1050,357,28.0
1050,417,10.0
1050,487,10.0
1050,601,10.0
1050,813,15.0
1050,832,9150.25
1050,855,1649.0
1050,864,10.0
1050,984,10.0
1050,1046,42.0
1050,1063,2794.85
1050,1067,10.0
1050,1145,42.0
1050,1175,12.0
1050,1247,14.0
1050,1251,185.0
1051,3,17.0
1051,38,19.0
1051,84,10.0
1051,87,10.0
1051,117,10.0
1051,195,10.0
1051,222,12.0
1051,280,49.0
1051,293,19.0
1051,341,10.0
1051,415,10.0
1051,440,10.0
1051,500,12.0
1051,533,33.0
1051,554,13.0
1051,621,10.0
1051,632,2760.0
1051,682,10.0
1051,767,10.0
1051,824,10.0
1051,852,14.0
1051,861,10.0
1051,882,10.0
1051,898,65.0
1051,913,10.0
1051,928,22.0
1051,944,10.0
1051,976,10.0
1051,987,10.0
1051,1001,10.0
1051,1011,10.0
1052,7,55.0
1052,31,10688.05
1052,118,10.0
1052,136,659.7
1052,212,1176.0
1052,216,150.0
1052,278,10.0
1052,285,1051.0
1052,288,254.0
1052,291,156.0
1052,319,11.0
1052,324,34.0
1052,349,23.0
1052,407,154.0
1052,428,15.0
1052,435,132.0
1052,467,10.0
1052,484,101.0
1052,488,10.0
1052,505,16.0
1052,508,309.0
1052,532,12.0
1052,539,70.0
1052,542,10.0
1052,573,27.0
1052,595,10.0
1052,642,46.0
1052,654,10.0
1052,693,18.0
1052,731,5665.05
1052,752,21.0
1052,761,10.0
1052,810,10.0
1052,819,10.0
1052,891,7.0
1052,907,10.0
1052,914,10.0
1052,941,10.0
1052,988,10.0
1052,1131,46.0
1052,1142,10.0
1052,1155,10.0
1052,1273,3.0
1052,1275,10.0
1052,1312,10.0
1053,1,11.0
1053,19,1901.0
1053,44,10.0
1053,51,296.0
1053,52,13.0
1053,101,8573.4
1053,122,1764.45
1053,160,13.0
1053,201,20.0
1053,224,6.0
1053,231,10.0
1053,260,15.0
1053,275,10.0
1053,295,28.0
1053,307,6.0
1053,340,13.0
1053,455,27.0
1053,484,6.0
1053,526,48.0
1053,554,8449.95
1053,581,12.0
1053,585,28.0
1053,607,55.0
1053,618,3640.2
1053,647,29.0
1053,652,53.0
1053,749,19.0
1053,800,15.0
1053,808,10.0
1053,810,10.0
1053,867,13.0
1053,869,32.0
1053,886,26.5
1053,900,10.0
1053,901,10.0
1053,944,10.0
1053,958,209.6
1053,959,11.0
1053,964,10.0
1053,1002,10.0
1053,1011,24.0
1053,1028,26.5
1053,1112,23.0
1053,1127,10.0
1053,1156,10.0
1053,1161,10.0
1053,1162,10.0
1053,1225,11.0
1053,1237,20.0
1053,1272,4.0
1053,1299,56.0
1053,1303,433.0
1054,26,13.0
1054,125,13.0
1054,216,10.0
1054,229,10.0
1054,268,20.0
1054,271,10.0
1054,299,12.0
1054,361,18.0
1054,389,10.0
1054,438,10.0
1054,476,12.0
1054,497,64.0
1054,524,25.0
1054,529,10.0
1054,531,32.0
1054,557,10.0
1054,577,285.0
1054,635,10.0
1054,659,116.0
1054,692,418.0
1054,771,11.0
1054,780,9287.75
1054,802,10.0
1054,834,10.0
1054,987,10.0
1054,1043,17.0
1054,1047,44.0
1054,1080,10.0
1054,1111,13.0
1054,1150,10.0
1054,1265,5.0
1054,1283,10.0
1054,1301,39.0
1054,1336,34.0
1054,1356,33.0
1054,1359,10.0
1055,59,235.0
1055,100,17.0
1055,128,26.0
1055,142,20.0
1055,153,123.0
1055,197,215.0
1055,289,11110.65
1055,298,20.0
1055,396,12.0
1055,424,11.0
1055,615,14.0
1055,617,10.0
1055,664,171.0
1055,667,16.0
1055,689,47.0
1055,695,8983.75
1055,805,14.0
1055,922,15.0
1055,1003,10.0
1055,1101,20.0
1055,1123,3258.1
1055,1135,10.0
1055,1188,6.0
1055,1228,3.0
1055,1229,18.0
1055,1244,1203.2
1055,1280,81.0
1055,1282,18.0
1055,1363,10.0
1057,26,13.0
1057,94,141.0
1057,188,371.0
1057,204,10.0
1057,272,25.0
1057,375,1404.25
1057,388,10.0
1057,398,321.0
1057,502,10.0
1057,558,12.0
1057,564,6.0
1057,587,5.0
1057,635,10.0
1057,637,10661.65
1057,709,17.0
1057,736,10.0
1057,779,21.0
1057,798,11.0
1057,863,10.0
1057,911,10.0
1057,912,26.5
1057,943,46.0
1057,951,11.0
1057,978,11.0
1057,1062,10.0
1057,1072,10.0
1057,1084,158.0
1057,1087,10.0
1057,1112,10.0
1057,1185,12.0
1057,1255,10.0
1057,1292,10.0
1058,1,14.0
1058,19,6.0
1058,27,79.0
1058,34,10.0
1058,46,10.0
1058,52,36.0
1058,103,10.0
1058,122,96.0
1058,127,10.0
1058,338,3681.25
1058,406,10188.95
1058,452,10.0
1058,465,10.0
1058,482,17.0
1058,624,10.0
1058,647,44.0
1058,713,10.0
1058,795,11.0
1058,848,13.0
1058,852,10.0
1058,867,77.0
1058,898,18.0
1058,905,10.0
1058,959,92.0
1058,960,6.0
1058,969,56.0
1058,1013,10.0
1058,1032,10.0
1058,1042,10.0
1058,1045,58.0
1058,1064,10.0
1058,1082,45.0
1058,1083,39.0
1058,1084,10.0
1058,1087,10.0
1058,1111,180.0
1058,1121,81.0
1058,1159,383.0
1058,1167,10.0
1058,1237,36.0
1058,1270,119.0
1058,1299,5445.85
1059,7,10.0
1059,32,169.0
1059,38,21.0
1059,80,10.0
1059,87,10.0
1059,184,10.0
1059,207,10.0
1059,288,10.0
1059,307,10.0
1059,380,29.0
1059,381,10.0
1059,382,10.0
1059,434,10.0
1059,459,10.0
1059,531,10.0
1059,537,10.0
1059,616,31.0
1059,729,10.0
1059,771,10.0
1059,812,15.0
1059,833,18.0
1059,914,10.0
1059,966,4375.45
1059,979,10.0
1059,982,10.0
1059,1041,10199.45
1059,1064,41.0
1059,1205,3958.8999999999996
1059,1312,15.0
1060,94,2205.5
1060,109,10.0
1060,110,9965.45
1060,153,129.0
1060,181,1318.15
1060,314,75.0
1060,370,106.0
1060,382,4628.4
1060,488,12.0
1060,528,5.0
1060,581,2670.0
1060,613,10.0
1060,671,7174.75
1060,698,10.0
1060,714,3146.0
1060,775,4149.2
1060,827,10.0
1060,851,13.0
1060,881,95.0
1060,927,10.0
1060,977,10.0
1060,1006,10.0
1060,1035,10.0
1060,1082,73.35
1060,1094,10.0
1060,1206,10.0
1060,1221,39.0
1061,51,13.0
1061,71,48.0
1061,178,10.0
1061,222,10.0
1061,263,16.0
1061,295,3434.6
1061,352,5.0
1061,387,20.0
1061,425,35.0
1061,465,10.0
1061,482,162.0
1061,500,2154.55
1061,504,4.0
1061,513,11.0
1061,525,10743.9
1061,647,5.0
1061,690,16.0
1061,767,7122.0
1061,810,11.0
1061,824,38.0
1061,833,112.0
1061,852,17.0
1061,865,10.0
1061,989,10.0
1061,998,38.0
1061,1013,62.0
1061,1021,2462.5
1061,1028,10.0
1061,1109,15.0
1061,1124,84.0
1061,1179,10.0
1061,1285,10.0
1061,1303,11.0
1062,4,54.0
1062,28,16.0
1062,45,42.0
1062,49,12.0
1062,221,10.0
1062,374,33.0
1062,450,9530.3
1062,451,16.0
1062,459,14.0
1062,466,26.5
1062,479,10.0
1062,499,20.0
1062,568,4928.85
1062,620,24.0
1062,623,40.0
1062,634,8375.5
1062,659,7849.45
1062,682,72.0
1062,699,206.0
1062,731,78.0
1062,744,10.0
1062,755,10.0
1062,847,10.0
1062,851,18.0
1062,853,18.0
1062,861,10.0
1062,881,10.0
1062,889,20.0
1062,893,9659.9
1062,951,21.0
1062,968,18.0
1062,977,205.0
1062,1057,10.0
1062,1139,18.0
1062,1150,21.0
1062,1168,1613.0
1062,1206,37.0
1062,1226,3.0
1062,1234,10.0
1062,1241,18.0
1062,1263,10.0
1062,1284,9023.2
1062,1290,10.0
1062,1312,60.0
1063,15,10.0
1063,292,10.0
1063,317,205.0
1063,418,10.0
1063,420,10.0
1063,491,40.0
1063,565,19.0
1063,582,17.0
1063,644,11.0
1063,681,10.0
1063,719,6286.75
1063,732,336.0
1063,745,10.0
1063,874,10.0
1063,920,56.0
1063,946,71.0
1063,1017,62.0
1063,1044,384.0
1063,1050,2794.85
1063,1076,321.0
1063,1108,10.0
1063,1145,150.0
1063,1207,10.0
1063,1308,10.0
1063,1345,41.0
1064,7,10.0
1064,32,14.0
1064,61,617.0
1064,115,10.0
1064,141,10.0
1064,197,41.0
1064,220,15.0
1064,221,20.0
1064,240,49.0
1064,242,10.0
1064,274,28.0
1064,285,10.0
1064,336,78.0
1064,339,10.0
1064,407,11.0
1064,412,55.0
1064,435,185.0
1064,455,13.0
1064,484,41.0
1064,573,10.0
1064,588,158.0
1064,602,10.0
1064,616,10.0
1064,635,10.0
1064,642,206.0
1064,710,172.0
1064,714,10.0
1064,758,20.5
1064,776,16.0
1064,785,45.0
1064,792,13.0
1064,812,11036.25
1064,818,26.0
1064,819,20.0
1064,849,10.0
1064,891,21.0
1064,893,39.0
1064,914,10.0
1064,918,1135.9499999999998
1064,921,72.0
1064,951,16.0
1064,988,282.0
1064,989,10.0
1064,997,3.0
1064,1045,6.0
1064,1058,10.0
1064,1059,41.0
1064,1208,10.0
1064,1254,3446.95
1064,1295,18.0
1064,1312,168.0
1064,1326,212.0
1064,1351,673.0
1065,10,10.0
1065,11,426.0
1065,81,10.0
1065,86,10.0
1065,87,3.0
1065,104,62.0
1065,111,101.0
1065,113,3.0
1065,132,6.15
1065,153,18.0
1065,184,331.0
1065,216,61.0
1065,312,762.0
1065,336,126.0
1065,498,20.5
1065,502,570.0
1065,512,7339.35
1065,513,683.0
1065,524,10.0
1065,545,50.0
1065,559,105.0
1065,572,10.0
1065,574,73.0
1065,575,19.0
1065,577,377.0
1065,585,32.0
1065,643,82.0
1065,657,23.0
1065,684,4.0
1065,734,9.0
1065,750,19.0
1065,751,10.0
1065,753,34.0
1065,757,10.0
1065,782,3597.65
1065,846,612.0
1065,869,10.0
1065,884,10.0
1065,891,10.0
1065,901,35.0
1065,930,10.0
1065,940,12.0
1065,1022,118.0
1065,1083,7720.05
1065,1098,115.0
1065,1273,781.0
1065,1277,6024.5
1065,1359,6196.7
1066,5,10.0
1066,37,1103.0
1066,88,10.0
1066,120,1579.1
1066,133,63.0
1066,166,19.0
1066,175,12.0
1066,192,10.0
1066,206,107.0
1066,270,18.0
1066,312,10.0
1066,318,262.0
1066,339,11.0
1066,354,13.0
1066,423,23.0
1066,427,10.0
1066,441,15.0
1066,473,98.0
1066,546,19.0
1066,562,10.0
1066,644,24.0
1066,660,3.0
1066,673,188.0
1066,687,10.0
1066,703,33.0
1066,706,2902.65
1066,765,10.0
1066,813,1487.0
1066,828,15.0
1066,859,10.0
1066,876,16.0
1066,967,20.5
1066,985,12.0
1066,990,496.0
1066,995,180.0
1066,996,10.0
1066,1027,11.0
1066,1039,2122.35
1066,1068,2974.8
1066,1075,12.0
1066,1104,945.8
1066,1173,8.0
1066,1189,62.0
1066,1202,277.0
1066,1223,10.0
1066,1325,40.0
1066,1338,35.0
1066,1344,710.0
1066,1354,17.0
1066,1355,68.0
1066,1357,52.8
1067,54,137.0
1067,112,10.0
1067,130,10.0
1067,254,14.0
1067,296,70.0
1067,317,10.0
1067,340,34.0
1067,351,10.0
1067,360,10.0
1067,458,97.0
1067,463,80.0
1067,493,101.0
1067,548,57.0
1067,580,67.0
1067,667,10.0
1067,688,161.0
1067,706,10.0
1067,723,14.0
1067,828,55.0
1067,844,10.0
1067,854,10.0
1067,856,23.0
1067,859,10.0
1067,983,5623.75
1067,1010,10.0
1067,1050,10.0
1067,1093,10.0
1067,1172,91.0
1067,1175,10053.2
1067,1214,22.0
1067,1232,10.0
1067,1307,15.0
1067,1321,11.0
1068,120,26.5
1068,135,11.0
1068,254,3.0
1068,357,10444.6
1068,418,219.0
1068,562,22.0
1068,670,14.0
1068,763,170.0
1068,765,227.0
1068,813,46.0
1068,868,22.0
1068,876,10.0
1068,967,15.0
1068,1066,2974.8
1068,1108,20.0
1068,1162,23.0
1068,1184,10.0
1068,1247,45.0
1068,1296,10.0
1068,1321,17.0
1069,57,29.0
1069,66,10.0
1069,91,52.0
1069,95,195.0
1069,96,10.0
1069,266,130.0
1069,284,13.0
1069,293,70.0
1069,468,30.0
1069,473,5286.25
1069,487,3901.8
1069,546,10.0
1069,565,10.0
1069,589,1927.8500000000001
1069,599,143.0
1069,609,3322.9
1069,628,10.0
1069,630,1608.0
1069,675,12.0
1069,702,33.0
1069,726,12.0
1069,784,18.0
1069,801,47.0
1069,835,119.0
1069,920,1483.0
1069,981,657.0
1069,984,656.0
1069,1135,100.0
1069,1162,12.0
1069,1189,503.0
1069,1212,47.0
1069,1218,1209.1
1069,1220,147.0
1069,1283,16.0
1069,1313,28.0
1069,1314,117.0
1070,59,16.0
1070,173,28.0
1070,182,36.0
1070,206,10.0
1070,226,16.0
1070,254,10.0
1070,266,7547.6
1070,292,637.0
1070,317,10.0
1070,318,11.0
1070,354,948.0
1070,394,13.0
1070,403,2059.0
1070,410,10.0
1070,424,7.0
1070,441,27.0
1070,556,20.0
1070,596,3489.75
1070,629,10.0
1070,675,26.5
1070,702,7447.35
1070,769,16.0
1070,820,10.0
1070,936,19.0
1070,975,21.0
1070,981,24.0
1070,983,36.0
1070,990,28.0
1070,1162,9838.3
1070,1189,29.0
1070,1202,10.0
1070,1223,341.0
1070,1245,10.0
1070,1310,16.0
1070,1325,28.0
1070,1343,10.0
1070,1345,10.0
1072,4,510.0
1072,11,8.0
1072,113,81.0
1072,179,12.0
1072,196,10.0
1072,204,36.0
1072,254,10.0
1072,334,41.0
1072,343,11.0
1072,361,19.0
1072,411,552.0
1072,415,34.0
1072,416,19.0
1072,469,10.0
1072,477,543.0
1072,479,60.0
1072,512,11.0
1072,550,10.0
1072,558,68.0
1072,611,141.0
1072,637,10.0
1072,642,7867.549999999999
1072,778,10.0
1072,798,10.0
1072,803,27.0
1072,806,11.0
1072,821,50.0
1072,851,39.0
1072,894,10.0
1072,896,681.0
1072,897,15.0
1072,914,907.0
1072,926,10.0
1072,957,16.0
1072,1022,10.0
1072,1049,410.0
1072,1057,10.0
1072,1083,10.0
1072,1117,3454.85
1072,1168,17.0
1072,1197,48.0
1072,1208,22.0
1072,1290,274.0
1072,1312,10.0
1072,1340,6.0
1072,1359,11.0
1074,15,2387.25
1074,22,75.0
1074,63,11.0
1074,69,21.0
1074,112,10.0
1074,130,11.0
1074,134,21.0
1074,138,5308.6
1074,161,10.0
1074,242,11.0
1074,296,21.0
1074,317,10.0
1074,357,27.0
1074,360,49.0
1074,372,10.0
1074,383,110.0
1074,417,2455.65
1074,449,5063.65
1074,458,15.0
1074,470,28.0
1074,530,31.0
1074,562,56.0
1074,617,17.0
1074,630,25.0
1074,688,119.0
1074,689,75.0
1074,706,39.0
1074,724,42.0
1074,765,231.0
1074,769,36.0
1074,813,41.0
1074,814,3261.7
1074,816,58.0
1074,858,4046.2
1074,885,47.0
1074,887,18.0
1074,950,10.0
1074,956,40.0
1074,992,10.0
1074,995,10.0
1074,1104,27.0
1074,1172,10.0
1074,1184,18.0
1074,1192,188.0
1074,1202,32.0
1074,1220,10.0
1074,1223,10.0
1074,1228,10.0
1074,1242,10.0
1074,1248,12.0
1074,1321,10.0
1074,1363,12.0
1075,12,118.0
1075,47,150.0
1075,58,627.0
1075,64,35.0
1075,65,25.0
1075,95,12.0
1075,144,7665.35
1075,153,3076.15
1075,167,183.0
1075,178,574.0
1075,185,10.0
1075,197,30.0
1075,262,1140.55
1075,270,22.0
1075,288,1266.0
1075,360,10.0
1075,468,20.0
1075,470,158.0
1075,494,29.0
1075,548,6438.5
1075,614,16.0
1075,627,143.0
1075,628,171.0
1075,669,13.0
1075,689,10.0
1075,703,10.0
1075,745,10.0
1075,779,10.0
1075,801,16.0
1075,818,10.0
1075,823,258.0
1075,844,11162.3
1075,856,234.0
1075,981,53.0
1075,996,217.0
1075,1010,26.0
1075,1025,10.0
1075,1066,12.0
1075,1102,11.0
1075,1107,34.0
1075,1119,138.0
1075,1126,274.0
1075,1144,10.0
1075,1175,10.0
1075,1188,10.0
1075,1189,16.0
1075,1198,10.0
1075,1212,12.0
1075,1310,74.0
1075,1339,10.0
1075,1344,246.0
1075,1345,17.0
1075,1348,10.0
1076,57,55.0
1076,83,2057.55
1076,152,10.0
1076,192,94.0
1076,202,15.0
1076,244,15.0
1076,360,18.0
1076,414,10.0
1076,432,10.0
1076,446,86.0
1076,454,6.0
1076,463,10.0
1076,478,17.0
1076,494,162.0
1076,589,23.0
1076,615,7.0
1076,677,19.0
1076,697,12.0
1076,717,28.0
1076,732,1066.0
1076,825,10.0
1076,874,11162.3
1076,971,2431.5
1076,992,23.0
1076,1000,232.55
1076,1063,321.0
1076,1085,10.0
1076,1107,10.0
1076,1202,61.0
1076,1313,10.0
1076,1314,26.5
1077,19,181.0
1077,34,11.0
1077,118,6.0
1077,127,16.0
1077,201,10.0
1077,219,10.0
1077,259,11.0
1077,331,28.0
1077,341,10054.7
1077,372,10.0
1077,381,22.0
1077,540,10.0
1077,632,10.0
1077,649,3410.4500000000003
1077,735,10.0
1077,833,10.0
1077,881,270.0
1077,919,10.0
1077,1035,27.0
1077,1115,10.0
1077,1117,4145.9
1077,1131,157.0
1077,1186,3.0
1077,1270,15.0
1077,1303,112.0
1079,7,193.0
1079,118,10.0
1079,123,45.0
1079,183,73.0
1079,259,20.0
1079,331,238.0
1079,338,10.0
1079,370,10.0
1079,380,10.0
1079,415,27.0
1079,428,92.0
1079,461,10.0
1079,544,30.0
1079,557,10.0
1079,701,10.0
1079,703,3971.85
1079,713,4634.95
1079,851,25.0
1079,878,3846.1
1079,923,1810.0
1079,987,182.0
1079,1001,10.0
1079,1094,10.0
1079,1167,21.0
1079,1226,10.0
1079,1323,26.5
1080,76,10.0
1080,97,1829.0
1080,99,10.0
1080,166,10.0
1080,176,55.0
1080,248,2473.75
1080,259,10.0
1080,271,10.0
1080,274,10.0
1080,275,102.0
1080,281,10.0
1080,368,4053.3
1080,405,49.0
1080,406,3.0
1080,415,10.0
1080,444,33.0
1080,469,110.0
1080,486,23.0
1080,488,90.0
1080,499,2007.1
1080,621,59.0
1080,647,140.0
1080,671,18.0
1080,681,10.0
1080,694,98.0
1080,701,17.0
1080,863,10.0
1080,884,48.0
1080,902,45.0
1080,941,549.0
1080,942,28.0
1080,964,10.0
1080,977,18.0
1080,986,34.0
1080,998,10.0
1080,1027,454.0
1080,1054,10.0
1080,1083,50.0
1080,1087,10.0
1080,1159,16.0
1080,1161,11.0
1080,1179,460.0
1080,1184,20.5
1080,1197,107.0
1080,1233,11.0
1080,1290,10.0
1080,1291,32.0
1080,1309,7.0
1080,1344,129.15
1080,1349,12.0
1082,7,10.0
1082,11,3.0
1082,78,13.0
1082,107,31.0
1082,110,1015.05
1082,268,6.0
1082,285,74.0
1082,306,6476.1
1082,307,29.0
1082,382,41.0
1082,395,14.0
1082,440,10.0
1082,450,31.0
1082,472,10.0
1082,497,32.0
1082,503,13.0
1082,509,10.0
1082,528,122.0
1082,537,12.0
1082,564,11.0
1082,581,70.0
1082,592,7259.7
1082,642,10.0
1082,647,18.0
1082,666,15.0
1082,671,3406.7
1082,714,205.15
1082,750,10.0
1082,771,35.0
1082,824,10.0
1082,865,4154.4
1082,902,21.0
1082,907,20.0
1082,930,56.0
1082,948,1233.0
1082,958,64.0
1082,976,10.0
1082,1006,27.0
1082,1058,45.0
1082,1060,73.35
1082,1105,15.0
1082,1226,15.0
1082,1299,28.0
1082,1320,1251.0
1083,7,35.0
1083,70,17.0
1083,78,10.0
1083,80,20.5
1083,81,19.0
1083,87,10.0
1083,132,5530.9
1083,189,1317.0
1083,190,79.0
1083,213,1293.0
1083,229,16.0
1083,307,18.0
1083,386,17.0
1083,394,26.5
1083,406,59.0
1083,428,12.0
1083,443,17.0
1083,444,745.0
1083,476,79.0
1083,486,33.0
1083,497,28.0
1083,498,1060.5
1083,502,8098.75
1083,512,4010.7
1083,529,10.0
1083,557,60.0
1083,559,1332.0
1083,567,21.0
1083,621,105.0
1083,653,317.0
1083,695,3.0
1083,712,12.0
1083,713,1322.0
1083,749,28.0
1083,782,32.55
1083,788,16.0
1083,790,270.0
1083,798,10.0
1083,819,24.0
1083,865,4.0
1083,867,9.0
1083,915,30.0
1083,985,19.0
1083,1058,39.0
1083,1065,7720.05
1083,1072,10.0
1083,1080,50.0
1083,1110,10.0
1083,1190,2754.85
1083,1221,10.0
1083,1235,14.0
1083,1237,13.0
1083,1257,10.0
1083,1266,10.0
1083,1270,8.0
1083,1289,45.0
1083,1311,20.5
1084,26,41.0
1084,94,10.0
1084,107,10.0
1084,113,2888.35
1084,172,2574.45
1084,179,10.0
1084,213,131.0
1084,243,240.0
1084,264,10.0
1084,334,10.0
1084,398,663.0
1084,450,12.0
1084,469,28.0
1084,500,94.0
1084,507,906.0
1084,508,10.0
1084,588,188.15
1084,603,78.0
1084,622,125.0
1084,632,31.0
1084,634,108.0
1084,637,11.0
1084,653,14.0
1084,735,32.8
1084,757,25.0
1084,790,10.0
1084,792,2820.5
1084,860,139.0
1084,906,281.0
1084,943,10881.65
1084,948,10.0
1084,965,10.0
1084,1057,158.0
1084,1058,10.0
1084,1167,24.0
1084,1215,3094.25
1084,1235,17.0
1084,1289,10.0
1084,1320,23.0
1084,1323,6.0
1084,1342,3998.75
1085,64,10.0
1085,65,8131.25
1085,89,1915.15
1085,126,20.5
1085,128,14.0
1085,137,10.0
1085,152,9149.0
1085,169,2977.7
1085,171,10.0
1085,187,68.0
1085,360,118.0
1085,454,10.0
1085,494,17.0
1085,519,27.5
1085,565,144.0
1085,615,10.0
1085,649,20.5
1085,667,10.0
1085,677,61.0
1085,688,38.0
1085,689,29.0
1085,717,10.0
1085,797,23.0
1085,805,19.0
1085,864,48.0
1085,874,82.0
1085,1000,23.0
1085,1017,3105.8
1085,1030,25.0
1085,1076,10.0
1085,1107,3.0
1085,1119,22.0
1085,1122,217.0
1085,1165,13.0
1085,1182,10.0
1085,1188,11.0
1085,1202,101.0
1085,1238,10.0
1085,1278,7726.3
1085,1313,10.0
1087,9,10.0
1087,26,6.0
1087,36,22.0
1087,321,36.0
1087,339,10.0
1087,405,6335.75
1087,455,8315.85
1087,471,210.0
1087,500,30.0
1087,541,10.0
1087,618,101.0
1087,625,10.0
1087,634,10.0
1087,639,6.0
1087,699,20.0
1087,792,108.0
1087,827,6.0
1087,863,19.0
1087,923,18.0
1087,941,13.0
1087,973,20.0
1087,999,10.0
1087,1035,110.0
1087,1042,3.0
1087,1043,29.0
1087,1057,10.0
1087,1058,10.0
1087,1080,10.0
1087,1112,10.0
1087,1130,13.0
1087,1197,10.0
1087,1234,14.0
1087,1241,6.0
1087,1258,78.0
1087,1264,145.0
1087,1266,4.0
1087,1277,10.0
1087,1285,3199.0
1087,1292,39.0
1087,1319,37.0
1087,1352,10.0
1088,9,10.0
1088,60,21.0
1088,70,10.0
1088,121,10.0
1088,140,11024.3
1088,160,10.0
1088,164,219.0
1088,213,10.0
1088,219,10.0
1088,239,3420.7
1088,241,1977.05
1088,246,10.0
1088,333,8769.6
1088,390,11.0
1088,400,10.0
1088,446,10.0
1088,496,72.0
1088,522,32.0
1088,529,21.0
1088,542,10.0
1088,559,128.0
1088,563,10.0
1088,574,91.0
1088,610,175.0
1088,665,28.0
1088,672,25.0
1088,694,10.0
1088,704,10.0
1088,739,10.0
1088,760,11.0
1088,795,10.0
1088,796,63.0
1088,817,104.0
1088,844,10.0
1088,877,200.0
1088,931,221.0
1088,989,1261.2
1088,1008,24.0
1088,1018,128.0
1088,1086,10.0
1088,1190,726.0
1088,1203,10.0
1088,1208,13.0
1088,1259,10.0
1088,1275,10.0
1088,1291,10.0
1088,1311,1235.0
1088,1322,50.0
1088,1323,19.0
1089,50,10.0
1089,81,22.0
1089,83,42.0
1089,131,9353.6
1089,151,139.0
1089,204,10.0
1089,207,215.0
1089,219,10.0
1089,230,3.0
1089,241,10.0
1089,246,13.0
1089,255,14.0
1089,265,10.0
1089,315,139.0
1089,333,14.0
1089,337,11.0
1089,345,10.0
1089,352,10.0
1089,412,11.0
1089,419,40.0
1089,479,19.0
1089,496,9182.65
1089,539,10.0
1089,559,90.0
1089,571,5.0
1089,603,10.0
1089,642,12.0
1089,646,162.0
1089,655,10.0
1089,657,14.0
1089,679,9468.1
1089,694,121.0
1089,727,47.0
1089,738,107.0
1089,746,10.0
1089,826,13.0
1089,908,10.0
1089,952,22.0
1089,953,24.0
1089,954,11.0
1089,993,10.0
1089,1113,10.0
1089,1120,16.0
1089,1169,9758.4
1089,1182,29.0
1089,1190,10.0
1089,1259,67.65
1089,1277,179.0
1089,1291,25.0
1089,1305,44.0
1089,1313,10.0
1090,15,7505.9
1090,95,10.0
1090,153,10.0
1090,165,12.0
1090,167,17.0
1090,171,13.0
1090,173,13.0
1090,210,21.0
1090,284,10.0
1090,433,10.0
1090,615,10.0
1090,673,28.0
1090,677,15.0
1090,719,9441.45
1090,724,10.0
1090,856,16.0
1090,858,3132.4
1090,862,87.0
1090,899,10.0
1090,971,26.0
1090,995,134.0
1090,1003,10.0
1090,1192,19.0
1090,1202,12.0
1090,1212,26.0
1090,1220,49.0
1090,1229,7091.5
1090,1283,10.0
1090,1288,6.0
1090,1343,10.0
1090,1344,10.0
1090,1354,21.0
1091,10,10.0
1091,41,13.0
1091,95,10.0
1091,111,1193.0
1091,126,10.0
1091,131,246.0
1091,132,837.0
1091,141,10.0
1091,157,525.0
1091,160,220.0
1091,179,21.0
1091,212,1144.0
1091,240,10.0
1091,241,117.0
1091,285,12.0
1091,395,44.0
1091,400,8.0
1091,416,207.0
1091,446,214.0
1091,456,307.0
1091,477,10.0
1091,508,10997.7
1091,511,17.0
1091,534,11.0
1091,550,10.0
1091,590,10.0
1091,636,23.0
1091,645,3504.4
1091,676,43.0
1091,679,242.0
1091,704,37.0
1091,739,89.0
1091,795,10.0
1091,903,10.0
1091,907,10.0
1091,921,11.0
1091,935,10.0
1091,939,67.0
1091,949,13.0
1091,976,218.0
1091,989,50.0
1091,1007,20.5
1091,1036,17.0
1091,1110,17.0
1091,1126,13.0
1091,1142,24.0
1091,1146,10.0
1091,1158,10.0
1091,1190,10.0
1091,1191,10.0
1091,1207,19.0
1091,1216,10.0
1091,1221,25.0
1091,1259,10.0
1091,1287,48.0
1091,1311,10.0
1093,116,94.0
1093,138,29.0
1093,165,10.0
1093,182,10.0
1093,194,2247.1
1093,208,6927.75
1093,277,17.0
1093,289,10.0
1093,296,13.0
1093,300,13.0
1093,417,13.0
1093,458,22.0
1093,535,10.0
1093,573,96.0
1093,582,10.0
1093,593,32.0
1093,629,14.0
1093,648,14.0
1093,700,10796.95
1093,706,6.0
1093,723,10.0
1093,730,10.0
1093,740,10.0
1093,768,2601.55
1093,934,10.0
1093,985,15.0
1093,990,10.0
1093,1024,11.0
1093,1067,10.0
1093,1165,10.0
1093,1192,17.0
1093,1228,24.0
1093,1282,32.0
1093,1327,10.0
1094,28,10.0
1094,49,6.0
1094,87,10.0
1094,172,10.0
1094,186,10.0
1094,191,15.0
1094,299,13.0
1094,370,43.0
1094,380,6985.05
1094,415,10.0
1094,426,144.0
1094,471,22.0
1094,479,10.0
1094,506,60.0
1094,507,7636.35
1094,581,10.0
1094,616,10.0
1094,714,4.0
1094,715,10.0
1094,834,114.0
1094,851,6666.2
1094,881,15.0
1094,904,3214.35
1094,944,61.0
1094,993,11.0
1094,1001,10.0
1094,1009,19.0
1094,1042,10.0
1094,1043,144.0
1094,1044,1758.0
1094,1060,10.0
1094,1079,10.0
1094,1117,10.0
1094,1154,25.0
1094,1286,49.0
1096,10,38.0
1096,29,11.0
1096,233,2029.7
1096,252,10.0
1096,255,10.0
1096,329,13.0
1096,367,10.0
1096,371,16.0
1096,373,10.0
1096,496,14.0
1096,541,1999.85
1096,563,87.0
1096,569,31.0
1096,588,10.0
1096,608,197.0
1096,620,10.0
1096,651,18.0
1096,679,10.0
1096,693,24.0
1096,751,10.0
1096,760,5892.1
1096,877,5248.5
1096,881,11.0
1096,993,22.0
1096,1026,614.0
1096,1102,10.0
1096,1252,608.0
1096,1285,10.0
1096,1341,10858.65
1098,7,10.0
1098,23,13.0
1098,88,10.0
1098,111,98.0
1098,121,14.0
1098,258,250.0
1098,315,12.0
1098,337,59.0
1098,392,14.0
1098,477,23.0
1098,560,2187.55
1098,572,154.0
1098,587,89.0
1098,590,14.0
1098,591,17.0
1098,657,10.0
1098,750,10.0
1098,761,14.0
1098,842,10.0
1098,907,10.0
1098,937,10180.4
1098,939,134.0
1098,949,25.0
1098,952,10.0
1098,1007,40.0
1098,1022,52.0
1098,1065,115.0
1098,1174,6.0
1098,1185,10.0
1098,1252,10.0
1098,1287,10.0
1098,1294,39.0
1098,1358,10.0
1099,9,10.0
1099,49,21.0
1099,97,10.0
1099,125,5144.849999999999
1099,209,7620.0
1099,294,5595.3
1099,381,10.0
1099,405,10.0
1099,499,10.0
1099,618,10.0
1099,625,10182.85
1099,767,10.0
1099,779,42.0
1099,832,38.0
1099,878,10.0
1099,904,14.0
1099,905,151.0
1099,922,13.0
1099,924,10.0
1099,942,12.0
1099,947,10.0
1099,1045,10.0
1099,1111,10.0
1099,1130,33.0
1099,1139,10.0
1099,1186,258.1
1099,1323,16.0
1101,16,10.0
1101,33,252.0
1101,133,10.0
1101,153,10.0
1101,167,10.0
1101,173,10.0
1101,210,10.0
1101,274,10.0
1101,289,10.0
1101,293,13.0
1101,347,4513.6
1101,351,26.5
1101,372,10.0
1101,536,10.0
1101,547,26.0
1101,562,7.0
1101,566,10.0
1101,609,10.0
1101,627,175.0
1101,639,10.0
1101,666,6.0
1101,674,10.0
1101,677,5103.0
1101,779,15.0
1101,797,1437.4
1101,815,381.0
1101,856,10.0
1101,864,14.0
1101,1055,20.0
1101,1184,10.0
1101,1187,9565.75
1101,1288,279.0
1101,1346,271.0
1101,1361,25.0
1102,54,10.0
1102,89,15.0
1102,95,80.0
1102,128,7493.799999999999
1102,130,10.0
1102,244,108.0
1102,254,58.0
1102,266,79.0
1102,296,2121.8
1102,314,162.0
1102,324,22.0
1102,335,10.0
1102,410,10.0
1102,421,126.0
1102,427,10.0
1102,463,35.0
1102,468,10.0
1102,507,10.0
1102,553,3035.9
1102,565,1792.25
1102,573,91.0
1102,614,10.0
1102,617,10.0
1102,667,10.0
1102,681,1769.9
1102,683,54.0
1102,763,36.0
1102,791,17.0
1102,805,40.0
1102,835,30.0
1102,844,20.0
1102,854,13.0
1102,909,20.0
1102,974,10.0
1102,1012,10.0
1102,1024,2012.9
1102,1046,10.0
1102,1075,11.0
1102,1096,10.0
1102,1108,10.0
1102,1126,14.0
1102,1162,113.0
1102,1182,33.0
1102,1188,10585.5
1102,1202,10.0
1102,1212,136.0
1102,1271,10.0
1102,1285,10.0
1102,1307,12.0
1102,1314,10.0
1102,1318,10.0
1102,1360,14.0
1104,18,34.0
1104,98,10.0
1104,120,4034.55
1104,171,9.0
1104,173,704.0
1104,210,201.0
1104,266,10.0
1104,335,1450.0
1104,407,10.0
1104,418,10.0
1104,427,26.0
1104,442,23.0
1104,548,187.0
1104,617,13.0
1104,630,10.0
1104,732,13.0
1104,746,10.0
1104,813,5217.95
1104,816,13.0
1104,835,11.0
1104,856,1627.0
1104,985,10.0
1104,1066,945.8
1104,1074,27.0
1104,1123,34.0
1104,1125,29.0
1104,1162,33.0
1104,1178,10.0
1104,1184,2241.0
1104,1217,646.0
1104,1238,10.0
1104,1327,10.0
1104,1338,10.0
1104,1344,3670.8
1105,111,12.0
1105,202,10.0
1105,216,83.0
1105,224,85.0
1105,239,10.0
1105,285,81.0
1105,302,18.0
1105,305,33.0
1105,365,10.0
1105,408,4072.85
1105,412,10.0
1105,484,14.0
1105,498,40.0
1105,529,24.0
1105,533,74.0
1105,585,10.0
1105,588,23.0
1105,598,171.0
1105,641,197.0
1105,669,10.0
1105,757,10.0
1105,792,17.0
1105,796,10.0
1105,806,12.0
1105,823,41.0
1105,833,10.0
1105,860,648.0
1105,861,90.0
1105,871,143.0
1105,902,33.0
1105,930,33.0
1105,963,4105.95
1105,1015,140.0
1105,1022,12.0
1105,1036,47.0
1105,1082,15.0
1105,1111,10.0
1105,1205,52.0
1105,1210,10.0
1105,1222,1135.7
1105,1262,10.0
1105,1289,1086.0
1105,1291,31.0
1105,1342,10.0
1106,20,10.0
1106,28,20.5
1106,74,4.0
1106,85,10.0
1106,151,210.0
1106,183,10.0
1106,220,346.0
1106,222,352.0
1106,227,63.0
1106,246,10.0
1106,260,10.0
1106,294,25.0
1106,295,10.0
1106,387,32.0
1106,409,25.0
1106,459,10.0
1106,461,10.0
1106,464,10.0
1106,482,10.0
1106,485,52.0
1106,526,24.0
1106,532,4.0
1106,574,10.0
1106,654,10.0
1106,668,297.0
1106,671,10.0
1106,682,1424.3
1106,728,10.0
1106,754,13.0
1106,758,10.0
1106,770,26.5
1106,803,1431.0
1106,848,10.0
1106,852,10.0
1106,853,4269.5
1106,882,3932.05
1106,945,10.0
1106,953,10857.65
1106,987,10.0
1106,1042,10.0
1106,1181,63.0
1106,1200,2513.65
1106,1209,7.0
1106,1270,45.0
1107,15,10.0
1107,77,1151.0
1107,134,309.0
1107,135,17.0
1107,143,10.0
1107,152,10.0
1107,166,10.0
1107,175,12.0
1107,253,10.0
1107,270,30.0
1107,290,19.0
1107,298,18.0
1107,351,10.0
1107,396,32.0
1107,417,10.0
1107,453,16.0
1107,600,10.0
1107,629,6886.5
1107,745,10.0
1107,795,10.0
1107,812,10.0
1107,832,10.0
1107,854,18.0
1107,858,10.0
1107,862,10.0
1107,885,10.0
1107,894,4986.35
1107,932,13.0
1107,984,10.0
1107,996,547.0
1107,1075,34.0
1107,1076,10.0
1107,1085,3.0
1107,1116,80.0
1107,1184,10.0
1107,1202,37.0
1107,1214,10.0
1107,1251,6594.75
1107,1271,10.0
1107,1300,34.0
1107,1327,8512.55
1107,1344,21.0
1107,1361,10.0
1108,47,10.0
1108,59,134.95
1108,95,50.0
1108,100,17.0
1108,166,10.0
1108,167,10.0
1108,177,22.0
1108,218,12.0
1108,266,10.0
1108,324,10.0
1108,345,10.0
1108,356,15.0
1108,357,241.55
1108,372,10.0
1108,399,10.0
1108,433,27.0
1108,494,10.0
1108,546,15.0
1108,580,3.0
1108,615,56.0
1108,617,10.0
1108,667,10.0
1108,673,39.0
1108,675,10.0
1108,684,10.0
1108,813,5073.2
1108,814,10.0
1108,828,9413.3
1108,922,10.0
1108,946,23.0
1108,967,58.0
1108,995,31.0
1108,1063,10.0
1108,1068,20.0
1108,1102,10.0
1108,1172,15.0
1108,1182,76.0
1108,1223,42.0
1108,1238,10.0
1108,1244,12.0
1108,1288,10.0
1108,1296,3.0
1108,1356,23.0
1108,1363,15.0
1109,9,85.0
1109,20,66.0
1109,46,78.0
1109,68,10.0
1109,73,7208.5
1109,94,24.0
1109,97,13.0
1109,250,1495.0
1109,297,49.0
1109,312,15.0
1109,382,10.0
1109,482,72.0
1109,483,33.0
1109,521,44.0
1109,529,57.0
1109,531,24.0
1109,588,11.0
1109,605,81.0
1109,632,8893.0
1109,690,56.0
1109,701,39.0
1109,709,10.0
1109,710,40.0
1109,721,8.0
1109,776,44.0
1109,878,8.0
1109,915,11.0
1109,998,7648.35
1109,1013,15.0
1109,1061,15.0
1109,1150,14.0
1109,1206,152.0
1109,1236,10.0
1109,1273,163.0
1109,1274,51.0
1109,1342,18.0
1110,70,375.0
1110,245,373.0
1110,334,374.0
1110,337,11.0
1110,397,6108.75
1110,416,7.0
1110,477,11.0
1110,573,61.0
1110,591,25.0
1110,594,11.0
1110,595,10.0
1110,636,26.0
1110,654,36.5
1110,676,4209.0
1110,738,12.0
1110,778,1675.0
1110,790,10.0
1110,793,20.5
1110,930,10.0
1110,939,30.0
1110,979,20.5
1110,1083,10.0
1110,1091,17.0
1110,1120,10.0
1110,1142,11063.75
1110,1155,10.0
1110,1174,10.0
1110,1185,11.0
1110,1208,140.0
1110,1221,10.0
1111,84,532.0
1111,97,23.0
1111,107,443.0
1111,209,8924.35
1111,213,6.0
1111,236,19.0
1111,271,13.0
1111,275,12.0
1111,302,986.0
1111,306,35.0
1111,333,11.0
1111,361,17.0
1111,365,4740.95
1111,381,17.0
1111,404,20.0
1111,406,196.0
1111,417,10.0
1111,513,17.0
1111,533,119.0
1111,571,10.0
1111,574,14.0
1111,581,11.0
1111,583,10.0
1111,606,40.0
1111,611,10.0
1111,625,4256.05
1111,635,59.0
1111,654,10.0
1111,666,608.0
1111,715,74.0
1111,749,20.0
1111,756,10.0
1111,780,17.0
1111,838,6257.15
1111,860,36.0
1111,878,10.0
1111,894,331.0
1111,902,215.0
1111,905,25.0
1111,913,10.0
1111,951,11.0
1111,954,10.0
1111,958,10.0
1111,979,42.0
1111,980,32.0
1111,982,10.0
1111,999,42.0
1111,1023,29.0
1111,1054,13.0
1111,1058,180.0
1111,1086,10.0
1111,1099,10.0
1111,1105,10.0
1111,1137,44.0
1111,1144,13.0
1111,1155,1542.0
1111,1159,46.0
1111,1205,10.0
1111,1208,11.0
1111,1222,8.0
1111,1225,107.0
1111,1303,27.0
1112,3,10.0
1112,28,8749.1
1112,80,15.0
1112,87,12.0
1112,127,22.0
1112,227,13.0
1112,260,17.0
1112,295,6.0
1112,299,10.0
1112,336,101.0
1112,340,17.0
1112,408,883.0
1112,465,142.0
1112,500,10.0
1112,502,10.0
1112,526,82.0
1112,559,10.0
1112,574,10.0
1112,581,51.0
1112,605,10.0
1112,647,4061.8500000000004
1112,715,10.0
1112,770,5131.75
1112,799,20.0
1112,863,10.0
1112,865,105.0
1112,882,10.0
1112,927,832.0
1112,953,10.0
1112,960,5088.35
1112,970,16.0
1112,976,10.0
1112,1053,23.0
1112,1057,10.0
1112,1087,10.0
1112,1121,4398.7
1112,1154,10.0
1112,1197,79.0
1112,1200,11.0
1112,1216,10129.8
1112,1269,97.0
1112,1291,14.0
1112,1303,608.0
1112,1320,41.0
1113,14,30.0
1113,36,10.0
1113,41,7899.6
1113,53,10.0
1113,121,39.0
1113,209,10.0
1113,230,14.0
1113,246,10.0
1113,304,10.0
1113,309,61.0
1113,323,10.0
1113,343,10.0
1113,397,22.0
1113,431,10.0
1113,436,10.0
1113,534,266.0
1113,550,10.0
1113,563,28.0
1113,571,5914.900000000001
1113,574,20.0
1113,622,88.0
1113,654,88.0
1113,674,10.0
1113,725,10.0
1113,738,34.0
1113,791,10.0
1113,809,10.0
1113,826,10.0
1113,845,167.0
1113,847,29.0
1113,877,3616.55
1113,896,7225.6
1113,903,11.0
1113,906,76.0
1113,908,10.0
1113,926,21.0
1113,993,145.0
1113,1015,8.0
1113,1026,6983.05
1113,1089,10.0
1113,1143,566.0
1113,1155,350.0
1113,1166,25.0
1113,1193,10.0
1113,1194,4133.1
1113,1203,15.0
1113,1221,10.0
1113,1270,176.0
1113,1281,10.0
1113,1305,39.0
1113,1311,10.0
1113,1323,10.0
1113,1358,10.0
1114,114,42.0
1114,121,362.0
1114,144,44.0
1114,187,229.0
1114,312,10.0
1114,390,1949.0
1114,616,64.0
1114,870,6439.0
1114,888,10.0
1114,1008,110.0
1114,1154,16.0
1114,1191,311.0
1115,26,3522.55
1115,32,26.0
1115,36,28.0
1115,39,10.0
1115,58,10.0
1115,80,1835.0
1115,87,2058.0
1115,101,10.0
1115,109,169.0
1115,299,2136.0
1115,375,10.0
1115,381,10.0
1115,385,243.0
1115,455,13.0
1115,484,10.0
1115,485,5745.0
1115,538,184.0
1115,613,10.0
1115,642,10.0
1115,652,184.0
1115,714,10.0
1115,715,1823.0
1115,802,20.5
1115,913,10.0
1115,915,17.0
1115,918,21.0
1115,933,11.0
1115,1004,115.0
1115,1077,10.0
1115,1155,14.0
1115,1303,29.0
1115,1320,10.0
1115,1323,18.0
1116,95,7.0
1116,98,21.0
1116,100,961.0
1116,115,18.0
1116,120,6.0
1116,142,10.0
1116,161,10.0
1116,175,193.0
1116,218,1320.0
1116,223,10.0
1116,266,253.0
1116,269,369.0
1116,270,4639.95
1116,290,15.0
1116,292,10.0
1116,318,36.0
1116,330,11.0
1116,364,10.0
1116,386,62.0
1116,393,10.0
1116,423,107.0
1116,432,1375.5
1116,435,15.0
1116,478,870.0
1116,516,1585.0
1116,535,32.8
1116,565,14.0
1116,582,13.0
1116,609,10.0
1116,614,15.0
1116,630,28.0
1116,673,10.0
1116,675,1356.0
1116,839,6350.55
1116,844,10.0
1116,856,11.0
1116,955,6.0
1116,956,32.0
1116,962,10.0
1116,984,10.0
1116,996,26.0
1116,1107,80.0
1116,1122,10.0
1116,1158,1611.0
1116,1162,106.0
1116,1202,10.0
1116,1212,1068.0
1116,1229,10.0
1116,1232,52.0
1116,1344,177.0
1116,1348,3035.25
1116,1363,6.0
1117,61,208.0
1117,113,56.5
1117,259,117.0
1117,288,13.0
1117,304,10.0
1117,373,368.0
1117,375,53.0
1117,415,229.0
1117,434,57.0
1117,550,351.0
1117,555,16.0
1117,623,280.0
1117,737,532.0
1117,778,10.0
1117,785,314.9
1117,792,29.0
1117,811,10.0
1117,812,5247.3
1117,833,29.0
1117,845,10.0
1117,847,352.0
1117,914,34.0
1117,1072,3454.85
1117,1077,4145.9
1117,1094,10.0
1117,1199,10.0
1117,1256,16.0
1117,1269,27.0
1117,1285,21.0
1117,1293,10.0
1117,1312,725.0
1117,1342,10.0
1118,104,10.0
1118,183,10.0
1118,199,32.0
1118,219,10.0
1118,230,10.0
1118,243,23.0
1118,329,25.0
1118,367,7695.0
1118,371,8355.15
1118,397,10.0
1118,431,10.0
1118,460,35.0
1118,467,80.0
1118,505,10.0
1118,525,10.0
1118,563,83.0
1118,584,10.0
1118,608,10.0
1118,614,7.0
1118,672,38.0
1118,693,10.0
1118,739,11.0
1118,791,9539.15
1118,818,10.0
1118,861,10.0
1118,877,10.0
1118,908,1663.85
1118,925,11.0
1118,930,70.0
1118,968,78.0
1118,986,33.0
1118,988,10.0
1118,993,14.0
1118,1169,10.0
1118,1174,2057.0
1118,1252,9.0
1118,1294,113.0
1118,1341,10.0
1119,63,4262.9
1119,83,28.0
1119,115,43.0
1119,152,10.0
1119,153,632.0
1119,244,14.0
1119,262,48.0
1119,301,6150.45
1119,360,52.0
1119,366,10.0
1119,386,10.0
1119,494,251.0
1119,565,100.0
1119,689,10.0
1119,717,92.0
1119,844,258.0
1119,864,10.0
1119,874,10.0
1119,899,12.0
1119,911,9.0
1119,971,466.0
1119,1000,8853.9
1119,1075,138.0
1119,1085,22.0
1119,1202,111.0
1119,1279,1296.2
1119,1295,13.0
1119,1345,109.0
1119,1353,52.0
1120,81,47.0
1120,83,164.0
1120,154,10.0
1120,243,10.0
1120,246,127.0
1120,258,10.0
1120,291,91.0
1120,294,41.0
1120,304,10.0
1120,390,10.0
1120,402,10.0
1120,419,10.0
1120,514,10.0
1120,539,1010.0
1120,541,44.0
1120,567,10.0
1120,571,50.0
1120,611,76.0
1120,622,20.5
1120,638,10.0
1120,646,95.0
1120,657,19.0
1120,659,10.0
1120,672,328.0
1120,738,8403.55
1120,752,10.0
1120,860,293.0
1120,877,10.0
1120,906,4010.5
1120,926,7013.35
1120,954,20.0
1120,972,90.0
1120,985,10.0
1120,993,10.0
1120,1025,50.0
1120,1026,10.0
1120,1086,10.0
1120,1089,16.0
1120,1110,10.0
1120,1144,10.0
1120,1169,26.0
1120,1203,20.0
1120,1210,171.0
1120,1265,83.0
1121,3,10.0
1121,113,10.0
1121,122,1206.0
1121,186,11.0
1121,204,12.0
1121,222,11.0
1121,406,26.0
1121,482,17.0
1121,531,41.0
1121,557,45.0
1121,647,7672.450000000001
1121,852,24.0
1121,886,10.0
1121,898,10.0
1121,948,17.0
1121,958,3720.3
1121,970,10.0
1121,986,66.0
1121,1013,75.0
1121,1027,24.0
1121,1045,18.0
1121,1058,81.0
1121,1112,4398.7
1121,1179,16.0
1121,1216,6809.0
1121,1265,113.0
1122,57,24.0
1122,66,49.0
1122,98,75.0
1122,152,53.0
1122,177,176.0
1122,182,29.0
1122,210,10.0
1122,266,11.0
1122,298,42.0
1122,356,194.0
1122,578,10.0
1122,627,11.0
1122,660,69.0
1122,661,72.0
1122,673,2186.45
1122,697,5393.3
1122,724,40.0
1122,726,20.0
1122,745,10.0
1122,763,84.0
1122,765,28.0
1122,772,6.0
1122,841,7699.75
1122,956,41.0
1122,981,92.0
1122,984,95.0
1122,995,3657.55
1122,1033,14.0
1122,1037,10514.7
1122,1038,107.0
1122,1085,217.0
1122,1116,10.0
1122,1192,17.0
1122,1214,28.0
1122,1217,13.0
1122,1232,10.0
1122,1246,10.0
1122,1253,10.0
1122,1300,10.0
1123,53,33.0
1123,130,12.0
1123,223,18.0
1123,226,1243.0
1123,266,267.0
1123,421,10849.6
1123,442,13.0
1123,493,16.0
1123,535,6.0
1123,664,127.45
1123,687,25.0
1123,695,9427.0
1123,697,34.0
1123,746,1305.0
1123,985,145.0
1123,1038,621.0
1123,1055,3258.1
1123,1104,34.0
1123,1162,153.0
1123,1192,11.0
1123,1217,76.0
1123,1242,33.0
1123,1253,10.0
1123,1288,10.0
1123,1343,18.0
1123,1356,47.0
1124,71,49.0
1124,122,32.0
1124,139,11.0
1124,220,10.0
1124,221,10.0
1124,222,67.0
1124,280,6.0
1124,294,10.0
1124,352,68.0
1124,406,12.0
1124,482,9330.8
1124,483,42.0
1124,485,10.0
1124,500,10.0
1124,525,10.0
1124,544,288.0
1124,631,17.0
1124,668,46.0
1124,690,7.0
1124,698,1013.0
1124,773,2074.45
1124,796,10.0
1124,803,55.0
1124,833,10.0
1124,889,6900.9
1124,904,10.0
1124,925,32.5
1124,976,78.0
1124,1006,400.0
1124,1013,182.0
1124,1047,11.0
1124,1061,84.0
1124,1179,5381.1
1124,1265,47.0
1124,1272,10.0
1124,1294,38.0
1124,1299,65.0
1125,166,10.0
1125,226,29.0
1125,308,18.0
1125,318,34.0
1125,335,501.0
1125,347,7.0
1125,360,15.0
1125,396,9094.75
1125,403,10.0
1125,624,13.0
1125,630,12.0
1125,686,89.0
1125,687,4.0
1125,706,12.0
1125,746,30.0
1125,822,54.0
1125,836,10.0
1125,841,5547.15
1125,955,860.0
1125,1104,29.0
1125,1178,59.0
1125,1184,11.0
1125,1204,54.0
1125,1214,8819.45
1125,1217,7522.0
1125,1223,10.0
1125,1245,4832.3
1125,1250,10.0
1125,1271,10.0
1125,1313,3.0
1125,1338,10.0
1125,1357,10.0
1126,33,10.0
1126,53,12.0
1126,59,18.0
1126,64,96.0
1126,83,43.0
1126,91,10.0
1126,115,11.0
1126,128,14.0
1126,153,669.0
1126,177,15.0
1126,197,1420.9
1126,202,923.0
1126,296,27.0
1126,305,1047.0
1126,322,10.0
1126,324,10.0
1126,335,6.0
1126,366,459.0
1126,407,144.0
1126,410,10.0
1126,433,10.0
1126,458,10.0
1126,470,16.0
1126,478,29.0
1126,494,33.0
1126,505,10.0
1126,511,333.0
1126,522,460.0
1126,628,21.0
1126,639,10.0
1126,664,12.0
1126,667,38.0
1126,673,10.0
1126,689,31.0
1126,702,96.0
1126,717,6017.0
1126,753,10.0
1126,769,81.0
1126,813,10.0
1126,823,1020.0
1126,844,27.0
1126,864,67.0
1126,955,51.0
1126,1010,9822.2
1126,1075,274.0
1126,1091,13.0
1126,1102,14.0
1126,1162,10.0
1126,1207,10.0
1126,1223,52.0
1126,1232,30.0
1126,1242,3.0
1126,1253,152.0
1126,1310,10.0
1126,1339,5.0
1126,1360,35.0
1126,1363,10.0
1127,17,28.0
1127,34,10.0
1127,36,10.0
1127,61,4912.3
1127,139,22.0
1127,160,6.0
1127,172,19.0
1127,180,12.0
1127,188,9298.35
1127,220,100.0
1127,307,48.0
1127,334,10.0
1127,385,22.3
1127,416,10.0
1127,444,4.0
1127,455,7974.35
1127,484,136.0
1127,507,10.0
1127,529,7.0
1127,538,8760.4
1127,557,10.0
1127,558,10.0
1127,641,4.0
1127,652,21.0
1127,653,45.0
1127,711,35.0
1127,792,58.0
1127,798,11.0
1127,830,144.0
1127,838,10.0
1127,860,46.0
1127,877,10.0
1127,897,11.0
1127,912,10.0
1127,953,4.0
1127,973,10.0
1127,1001,3953.15
1127,1047,50.0
1127,1053,10.0
1127,1153,10.0
1127,1205,10.0
1127,1221,25.0
1127,1289,10.0
1127,1293,10.0
1127,1302,33.0
1127,1305,10.0
1127,1342,17.0
1127,1359,11.0
1128,22,10.0
1128,25,7103.35
1128,168,102.0
1128,354,10.0
1128,372,21.0
1128,399,975.0
1128,427,10.0
1128,599,2381.0
1128,617,28.0
1128,639,6.0
1128,677,10.0
1128,747,131.0
1128,805,10.0
1128,832,17.0
1128,874,26.5
1128,956,39.0
1128,992,12.0
1128,1030,2209.0
1128,1162,10.0
1128,1187,54.0
1128,1246,10.0
1128,1248,10.0
1128,1358,38.0
1129,68,160.0
1129,181,59.0
1129,204,15.0
1129,256,10.0
1129,274,10.0
1129,285,24.0
1129,352,33.0
1129,363,118.0
1129,385,60.0
1129,428,10.0
1129,433,43.0
1129,451,227.0
1129,466,18.0
1129,476,10.0
1129,497,11.0
1129,509,18.0
1129,510,18.0
1129,524,72.0
1129,547,20.0
1129,566,123.0
1129,659,9578.3
1129,691,10.0
1129,721,137.0
1129,756,24.0
1129,761,45.0
1129,796,10.0
1129,845,1286.3
1129,891,4996.1
1129,893,10.0
1129,895,6.0
1129,905,34.0
1129,921,65.0
1129,939,16.0
1129,944,10.0
1129,945,10.0
1129,947,57.0
1129,957,10.0
1129,960,10.0
1129,971,12.0
1129,973,10.0
1129,978,6784.7
1129,1045,10.0
1129,1139,22.0
1129,1145,17.0
1129,1156,10.0
1129,1167,10.0
1129,1180,13.0
1129,1221,107.0
1129,1228,10.0
1129,1265,33.0
1129,1301,2048.0
1129,1322,10.0
1129,1356,59.0
1130,49,202.0
1130,143,10.0
1130,184,10.0
1130,211,14.0
1130,213,17.0
1130,221,81.0
1130,236,52.0
1130,271,10.0
1130,288,55.0
1130,302,32.0
1130,306,11.0
1130,314,159.0
1130,365,29.0
1130,370,58.0
1130,426,98.0
1130,453,177.0
1130,466,16.0
1130,540,10.0
1130,568,127.0
1130,592,17.0
1130,606,10.0
1130,634,10.0
1130,635,16.0
1130,666,10.0
1130,691,173.0
1130,692,10.0
1130,712,10.0
1130,731,10.0
1130,749,2295.3500000000004
1130,756,5431.15
1130,758,27.0
1130,804,10.0
1130,830,5509.9
1130,833,72.0
1130,851,64.0
1130,886,7.0
1130,890,9.0
1130,891,88.0
1130,907,10.0
1130,922,63.0
1130,941,7.0
1130,957,7471.4
1130,977,10.0
1130,979,7.0
1130,1011,7.0
1130,1049,10.0
1130,1087,13.0
1130,1099,33.0
1130,1137,79.0
1130,1180,24.0
1130,1193,10.0
1130,1206,28.0
1130,1221,86.0
1130,1228,123.0
1130,1237,75.0
1130,1241,46.05
1130,1256,45.0
1130,1272,10.0
1130,1290,27.0
1130,1302,6493.5
1130,1323,31.0
1130,1352,4975.4
1131,31,28.0
1131,101,26.5
1131,107,14.0
1131,160,36.0
1131,239,6.0
1131,341,10.0
1131,419,10.0
1131,438,72.0
1131,451,10.0
1131,494,375.0
1131,497,4946.9
1131,503,8818.95
1131,507,10.0
1131,537,10.0
1131,600,36.0
1131,666,31.0
1131,695,12.0
1131,771,8941.75
1131,806,9229.3
1131,826,105.0
1131,862,38.0
1131,878,93.0
1131,964,4016.0
1131,1023,10.0
1131,1052,46.0
1131,1077,157.0
1131,1275,10.0
1131,1277,17.0
1131,1291,12.0
1132,60,16.0
1132,81,10.0
1132,104,10.0
1132,121,5113.599999999999
1132,125,10.0
1132,151,10.0
1132,154,96.0
1132,257,15.0
1132,311,57.0
1132,413,10.0
1132,567,58.7
1132,574,48.0
1132,616,10.0
1132,623,10.0
1132,636,59.0
1132,750,10.0
1132,793,18.0
1132,859,10.0
1132,930,10.0
1132,982,10.0
1132,1002,7731.05
1133,20,21.0
1133,46,10.0
1133,97,28.0
1133,172,10.0
1133,226,3.0
1133,345,10963.95
1133,362,10.0
1133,413,19.0
1133,425,10.0
1133,503,15.0
1133,504,4.0
1133,537,18.0
1133,828,10.0
1133,1001,10.0
1133,1169,10.0
1133,1233,36.0
1133,1349,17.0
1135,18,3749.4
1135,37,10.0
1135,137,10.0
1135,182,10.0
1135,208,16.0
1135,238,77.0
1135,256,10.0
1135,270,1721.5
1135,276,10.0
1135,284,9708.6
1135,347,6.0
1135,394,1676.0
1135,399,21.0
1135,433,2823.9
1135,442,20.0
1135,478,36.0
1135,516,13.0
1135,535,57.0
1135,566,1920.95
1135,726,1522.0
1135,747,11.0
1135,763,9095.55
1135,825,28.0
1135,829,83.0
1135,1030,29.0
1135,1033,14.0
1135,1055,10.0
1135,1069,100.0
1135,1178,1958.2
1135,1220,10.0
1135,1242,26.0
1135,1247,10.0
1135,1354,10.0
1135,1360,23.0
1136,56,10.0
1136,58,10.0
1136,118,10.0
1136,178,11.0
1136,183,20.0
1136,205,22.55
1136,224,13.0
1136,335,10.0
1136,461,10.0
1136,482,10.0
1136,593,7.0
1136,663,10705.45
1136,721,10.0
1136,755,12.0
1136,773,21.0
1136,796,10.0
1136,851,20.0
1136,865,10.0
1136,982,16.0
1136,1156,14.0
1136,1233,10.0
1136,1272,13.0
1136,1315,10.0
1136,1360,30.0
1137,136,10.0
1137,236,10489.85
1137,365,30.0
1137,512,10.0
1137,514,29.0
1137,538,10.0
1137,592,25.0
1137,625,10.0
1137,663,10.0
1137,692,5280.4
1137,733,5842.05
1137,755,10.0
1137,756,75.0
1137,758,13.0
1137,788,10.0
1137,804,1905.0
1137,924,560.0
1137,951,18.0
1137,964,10.0
1137,977,616.55
1137,979,17.0
1137,1049,19.0
1137,1111,44.0
1137,1130,79.0
1137,1147,10.0
1137,1256,10.0
1137,1290,27.0
1137,1335,666.0
1139,36,10.0
1139,40,10.0
1139,49,10.0
1139,73,10.0
1139,124,17.0
1139,162,14.0
1139,212,10.0
1139,213,54.0
1139,365,10.0
1139,381,63.0
1139,404,13.0
1139,466,53.0
1139,499,80.0
1139,524,10.0
1139,531,13.0
1139,540,53.0
1139,568,17.0
1139,620,7371.6
1139,659,10.0
1139,699,12.0
1139,710,10.0
1139,744,104.5
1139,803,27.0
1139,830,12.0
1139,834,10.0
1139,859,61.0
1139,891,21.0
1139,893,10.0
1139,905,48.0
1139,916,26.0
1139,928,19.0
1139,957,2688.0
1139,978,12.0
1139,999,10.0
1139,1021,4.0
1139,1043,10.0
1139,1062,18.0
1139,1086,5749.85
1139,1099,10.0
1139,1129,22.0
1139,1143,13.0
1139,1146,4957.75
1139,1208,15.0
1139,1226,6423.35
1139,1237,10.0
1139,1262,10.0
1139,1290,19.0
1139,1301,10.0
1139,1336,10.0
1140,10,24.0
1140,12,9.0
1140,17,28.0
1140,20,13.0
1140,49,10.0
1140,70,53.0
1140,121,10.0
1140,131,36.0
1140,154,7.0
1140,209,57.0
1140,215,10.0
1140,343,10.0
1140,363,860.4
1140,380,10.0
1140,395,48.0
1140,409,10.0
1140,437,26.5
1140,450,10.0
1140,517,11.0
1140,583,181.0
1140,622,66.0
1140,623,24.6
1140,645,73.0
1140,651,10.0
1140,676,49.0
1140,744,35.0
1140,751,258.0
1140,795,43.0
1140,800,2757.25
1140,830,6.0
1140,859,164.0
1140,873,19.0
1140,891,19.0
1140,896,71.0
1140,897,41.0
1140,906,73.0
1140,907,44.0
1140,926,145.0
1140,970,10.0
1140,993,10.0
1140,998,10.0
1140,1205,10.0
1140,1270,39.0
1140,1281,11019.1
1140,1284,10.0
1140,1301,31.0
1140,1311,10.0
1140,1322,81.0
1141,16,156.0
1141,206,10.0
1141,364,10.0
1141,393,6425.3
1141,414,10.0
1141,536,13.0
1141,650,26.5
1141,670,10.0
1141,677,10.0
1141,909,10.0
1141,974,53.0
1141,1145,9142.0
1141,1151,10.0
1141,1158,16.0
1141,1189,14.0
1141,1192,9672.9
1141,1246,7.0
1141,1331,330.05
1141,1357,10.0
1142,29,10.0
1142,70,328.0
1142,88,10.0
1142,126,8.0
1142,175,19.0
1142,179,8261.65
1142,245,321.0
1142,334,348.0
1142,337,10.0
1142,395,10.0
1142,397,61.0
1142,400,13.0
1142,411,26.0
1142,477,10.0
1142,539,13.0
1142,550,6724.7
1142,573,10.0
1142,594,12.0
1142,595,11.0
1142,623,18.0
1142,636,38.0
1142,662,10.0
1142,676,6112.5
1142,731,10.0
1142,761,194.0
1142,793,125.55
1142,926,20.5
1142,960,10.0
1142,972,20.5
1142,993,10.0
1142,1052,10.0
1142,1086,20.0
1142,1091,24.0
1142,1110,11063.75
1142,1208,14.0
1142,1262,10.0
1142,1287,13.0
1143,38,10.0
1143,41,635.0
1143,58,149.0
1143,188,10.0
1143,212,10.0
1143,237,10.0
1143,255,10.0
1143,285,124.0
1143,309,10.0
1143,314,155.0
1143,363,10.0
1143,397,102.0
1143,400,175.0
1143,434,7110.45
1143,479,10.0
1143,550,10.0
1143,643,2005.2
1143,653,10.0
1143,669,10.0
1143,809,10625.9
1143,830,24.0
1143,945,10.0
1143,948,83.0
1143,957,54.0
1143,978,18.0
1143,1021,78.0
1143,1113,566.0
1143,1139,13.0
1143,1160,1126.2
1143,1179,10.0
1143,1285,820.0
1143,1356,203.0
1144,41,68.0
1144,121,10.0
1144,151,25.0
1144,199,10.0
1144,246,70.0
1144,288,95.0
1144,323,27.0
1144,328,10.0
1144,336,69.0
1144,348,10.0
1144,365,119.0
1144,384,170.0
1144,397,49.0
1144,524,10.0
1144,541,10.0
1144,559,24.0
1144,560,10.0
1144,567,50.0
1144,571,3402.4
1144,574,20.0
1144,590,14.0
1144,622,9526.4
1144,654,6295.9
1144,693,10.0
1144,694,10.0
1144,738,6638.65
1144,747,53.0
1144,805,68.0
1144,818,10.0
1144,844,35.0
1144,845,46.0
1144,906,96.0
1144,926,73.0
1144,972,10.0
1144,973,11.0
1144,988,10.0
1144,989,10.0
1144,991,51.0
1144,1008,147.0
1144,1075,10.0
1144,1111,13.0
1144,1120,10.0
1144,1191,125.0
1144,1206,203.0
1144,1221,49.75
1144,1234,10.0
1144,1270,14.0
1144,1291,10.0
1144,1305,10.0
1144,1335,10.0
1144,1340,20.0
1144,1351,10.0
1145,37,78.0
1145,45,12.0
1145,63,19.0
1145,96,10.0
1145,99,10.0
1145,160,13.0
1145,187,144.0
1145,245,80.0
1145,270,10.0
1145,321,12.0
1145,322,10.0
1145,428,303.0
1145,446,133.0
1145,456,176.0
1145,494,10.0
1145,519,3.0
1145,615,21.0
1145,650,2132.0
1145,665,10.0
1145,753,58.0
1145,788,559.0
1145,920,73.0
1145,969,64.0
1145,971,72.0
1145,992,20.0
1145,1050,42.0
1145,1063,150.0
1145,1129,17.0
1145,1141,9142.0
1145,1192,64.0
1145,1204,10.0
1145,1331,2461.8
1145,1339,10.0
1146,41,115.0
1146,49,20.0
1146,185,19.0
1146,265,10.0
1146,275,10.0
1146,299,4.0
1146,340,99.0
1146,373,10.0
1146,400,8.0
1146,409,26.0
1146,508,87.0
1146,528,54.0
1146,559,10.0
1146,581,24.0
1146,602,10.0
1146,620,4290.65
1146,623,10.0
1146,645,6348.35
1146,704,16.0
1146,744,10.0
1146,795,58.15
1146,824,27.0
1146,885,10.0
1146,892,34.0
1146,903,52.0
1146,939,18.0
1146,949,29.0
1146,976,10.0
1146,989,10.0
1146,1008,10.0
1146,1091,10.0
1146,1139,4957.75
1146,1154,10.0
1146,1191,10.0
1146,1193,26.5
1146,1209,13.0
1146,1211,10.0
1146,1226,10665.9
1146,1318,110.0
1147,71,52.0
1147,74,68.0
1147,311,16.0
1147,353,14.0
1147,498,6.0
1147,512,16.0
1147,588,10.0
1147,603,13.0
1147,757,93.0
1147,782,38.0
1147,784,16.0
1147,833,95.0
1147,873,36.0
1147,1022,14.0
1147,1034,10650.2
1147,1137,10.0
1148,66,10.0
1148,116,11.0
1148,305,10.0
1148,407,14.0
1148,523,223.0
1148,562,409.0
1148,579,10.0
1148,608,17.0
1148,612,10.0
1148,614,34.0
1148,648,7112.9
1148,702,13.0
1148,763,46.0
1148,765,192.0
1148,768,17.0
1148,789,19.0
1148,794,1011.9499999999999
1148,823,10.0
1148,1010,40.0
1148,1198,10.0
1148,1229,10.0
1148,1246,10617.75
1148,1282,10.0
1148,1355,14.0
1150,40,10.0
1150,143,53.0
1150,379,10.0
1150,382,11.0
1150,413,68.0
1150,502,29.0
1150,512,53.0
1150,558,10.0
1150,623,16.0
1150,637,12.0
1150,699,55.0
1150,703,10.0
1150,711,167.0
1150,728,2521.6
1150,755,59.0
1150,798,10.0
1150,799,25.0
1150,830,10.0
1150,863,2013.1
1150,866,24.0
1150,948,10.0
1150,953,65.0
1150,957,18.0
1150,961,41.0
1150,977,10.0
1150,986,10.0
1150,998,48.0
1150,1042,10.0
1150,1054,10.0
1150,1062,21.0
1150,1109,14.0
1150,1181,2842.95
1150,1197,11.0
1150,1206,9469.3
1150,1241,10.0
1150,1256,83.0
1150,1277,3665.75
1150,1320,10.0
1151,5,30.0
1151,37,10.0
1151,101,10.0
1151,130,10.0
1151,167,5.0
1151,208,10.0
1151,290,362.9
1151,324,10.0
1151,418,9911.2
1151,454,74.0
1151,516,34.0
1151,523,10.0
1151,612,10.0
1151,637,10.0
1151,673,10.0
1151,678,10.0
1151,687,10.0
1151,794,10.0
1151,836,12.0
1151,899,10.0
1151,946,10.0
1151,974,6769.2
1151,1003,136.0
1151,1141,10.0
1151,1229,10.0
1151,1327,10.0
1153,17,10.0
1153,58,10.0
1153,78,600.0
1153,127,10.0
1153,176,10.0
1153,191,11162.3
1153,345,3.0
1153,663,34.0
1153,736,4691.15
1153,957,10.0
1153,977,291.0
1153,1127,10.0
1153,1160,10.0
1153,1289,9.0
1154,23,10.0
1154,32,76.0
1154,41,10.0
1154,46,10.0
1154,89,10.0
1154,99,10.0
1154,114,411.0
1154,118,12.0
1154,121,49.0
1154,169,11.0
1154,185,13.0
1154,314,10.0
1154,316,10.0
1154,319,10.0
1154,406,23.0
1154,426,22.0
1154,455,10.0
1154,476,10.0
1154,477,10.0
1154,524,4462.3
1154,534,16.0
1154,616,11095.9
1154,668,15.0
1154,704,302.0
1154,710,5116.2
1154,715,26.0
1154,812,10.0
1154,845,10.0
1154,851,134.0
1154,890,26.0
1154,903,361.0
1154,918,10.0
1154,923,10.0
1154,940,10.0
1154,966,10.0
1154,977,5.0
1154,979,126.0
1154,999,62.0
1154,1001,10.0
1154,1011,13.0
1154,1041,15.0
1154,1049,1952.9
1154,1094,25.0
1154,1112,10.0
1154,1114,16.0
1154,1146,10.0
1154,1159,10.0
1154,1191,13.0
1154,1290,2698.55
1154,1342,10.0
1154,1351,10.0
1155,41,161.0
1155,75,10.0
1155,97,10.0
1155,220,11.0
1155,251,1453.05
1155,274,3908.25
1155,294,13.0
1155,302,20.0
1155,305,10.0
1155,307,10.0
1155,309,182.0
1155,365,18.0
1155,374,20.5
1155,386,10.0
1155,400,16.0
1155,406,26.0
1155,412,2247.3
1155,413,2447.6
1155,426,1859.0
1155,477,10.0
1155,497,17.0
1155,513,138.0
1155,581,15.0
1155,583,560.0
1155,587,1135.0
1155,601,68.0
1155,606,39.0
1155,626,1815.15
1155,651,40.0
1155,653,7.0
1155,693,818.0
1155,751,14.0
1155,771,17.0
1155,809,16.0
1155,819,27.0
1155,860,3.0
1155,894,313.0
1155,902,237.0
1155,913,10.0
1155,921,1337.0
1155,942,16.0
1155,953,10.0
1155,988,10.0
1155,1052,10.0
1155,1110,10.0
1155,1111,1542.0
1155,1113,350.0
1155,1115,14.0
1155,1159,16.0
1155,1161,12.0
1155,1201,10.0
1155,1205,10.0
1155,1221,19.0
1155,1224,10.0
1155,1233,21.0
1155,1273,10.0
1155,1304,10.0
1155,1312,10.0
1156,1,10.0
1156,14,62.0
1156,17,10.0
1156,52,10.0
1156,80,10.0
1156,94,29.0
1156,123,11.0
1156,160,10.0
1156,204,10796.5
1156,265,10.0
1156,274,7447.6
1156,275,10.0
1156,285,20.0
1156,302,10.0
1156,325,34.0
1156,329,10.0
1156,331,10.0
1156,361,14.0
1156,385,10.0
1156,438,13.0
1156,479,17.0
1156,506,10.0
1156,524,10.0
1156,528,22.0
1156,532,10.0
1156,533,10.0
1156,637,23.0
1156,672,19.0
1156,729,15.0
1156,748,35.0
1156,749,10.0
1156,779,328.0
1156,824,53.0
1156,861,1452.3
1156,893,2127.7
1156,921,3361.95
1156,937,11.0
1156,941,10.0
1156,951,5998.05
1156,969,10.0
1156,978,2902.65
1156,997,16.0
1156,1008,30.0
1156,1053,10.0
1156,1129,10.0
1156,1136,14.0
1156,1168,10.0
1156,1191,41.0
1156,1233,10.0
1156,1234,2371.6
1156,1302,26.0
1156,1303,17.0
1156,1309,136.0
1158,63,10.0
1158,114,10.0
1158,115,10.0
1158,169,10.0
1158,270,10.0
1158,305,10.0
1158,330,10.0
1158,356,14.0
1158,384,10.0
1158,386,532.0
1158,473,20.5
1158,476,10.0
1158,515,8.0
1158,520,10.0
1158,624,10.0
1158,629,128.0
1158,675,287.0
1158,676,88.0
1158,683,14.0
1158,694,23.0
1158,700,10.0
1158,702,10.0
1158,730,3372.0
1158,789,1307.0
1158,854,10.0
1158,891,6.0
1158,911,10.0
1158,920,3342.45
1158,946,7.0
1158,962,7954.0
1158,1091,10.0
1158,1116,1611.0
1158,1141,16.0
1158,1198,14.0
1158,1204,2808.15
1158,1206,10.0
1158,1207,12.0
1158,1212,20.0
1158,1220,10.0
1158,1229,10.0
1158,1288,10.0
1158,1317,10.0
1158,1321,13.0
1158,1325,10.0
1159,29,16.0
1159,97,48.0
1159,132,37.0
1159,185,10.0
1159,209,6.0
1159,220,17.0
1159,224,10.0
1159,237,59.0
1159,249,107.0
1159,302,23.0
1159,365,25.0
1159,406,255.0
1159,412,36.0
1159,416,10.0
1159,510,10.0
1159,513,19.0
1159,524,240.0
1159,598,28.0
1159,616,20.5
1159,680,11.0
1159,733,2218.0
1159,749,73.0
1159,800,11.0
1159,804,5520.4
1159,806,14.0
1159,817,71.0
1159,860,23.0
1159,886,16.0
1159,941,10.0
1159,942,28.0
1159,944,20.5
1159,945,12.0
1159,963,97.0
1159,970,5174.35
1159,986,25.0
1159,1006,10.0
1159,1022,37.0
1159,1058,383.0
1159,1080,16.0
1159,1111,46.0
1159,1154,10.0
1159,1155,16.0
1159,1169,10.0
1159,1208,10.0
1159,1237,34.0
1159,1259,10.0
1159,1272,72.0
1159,1289,16.0
1159,1290,5258.7
1161,1,715.0
1161,7,10.0
1161,20,58.0
1161,29,9.0
1161,68,11.0
1161,78,18.0
1161,94,10.0
1161,143,5110.3
1161,209,10.0
1161,211,254.0
1161,271,72.0
1161,275,16.0
1161,295,3269.45
1161,306,11.0
1161,338,149.0
1161,365,67.0
1161,382,26.0
1161,404,13.0
1161,444,102.0
1161,452,3717.8500000000004
1161,466,11.0
1161,484,10.0
1161,512,10.0
1161,513,32.0
1161,529,11.0
1161,647,582.0
1161,709,10.0
1161,710,16.0
1161,749,80.0
1161,756,50.0
1161,780,3.0
1161,821,10.0
1161,830,42.0
1161,848,200.0
1161,860,42.0
1161,886,9870.85
1161,893,164.0
1161,898,63.0
1161,905,192.0
1161,950,14.0
1161,951,147.0
1161,959,11.0
1161,1011,9337.3
1161,1053,10.0
1161,1080,11.0
1161,1155,12.0
1161,1167,5340.349999999999
1161,1168,24.0
1161,1205,20.0
1161,1222,281.0
1161,1256,42.5
1161,1270,10.0
1161,1273,37.0
1161,1302,48.0
1161,1309,25.0
1161,1326,6.0
1162,57,72.0
1162,95,13.0
1162,100,218.0
1162,120,10.0
1162,133,13.0
1162,142,12.0
1162,153,5.0
1162,161,12.0
1162,254,38.0
1162,266,11096.8
1162,270,10.0
1162,318,10.0
1162,357,13.0
1162,403,387.0
1162,407,19.0
1162,421,242.0
1162,427,41.0
1162,446,10.0
1162,456,183.0
1162,457,10.0
1162,468,7832.3
1162,492,10.0
1162,516,41.0
1162,562,337.0
1162,573,62.0
1162,612,13.0
1162,639,14.0
1162,664,199.0
1162,673,10.0
1162,685,15.0
1162,743,10.0
1162,765,224.0
1162,797,11.0
1162,835,93.0
1162,981,10.0
1162,995,18.0
1162,1010,10.0
1162,1017,144.0
1162,1053,10.0
1162,1068,23.0
1162,1069,12.0
1162,1070,9838.3
1162,1102,113.0
1162,1104,33.0
1162,1116,106.0
1162,1123,153.0
1162,1126,10.0
1162,1128,10.0
1162,1182,10.0
1162,1188,101.0
1162,1189,10.0
1162,1202,10.0
1162,1207,80.0
1162,1310,24.6
1162,1313,10.0
1162,1314,67.0
1162,1339,10.0
1162,1353,78.0
1163,0,242.0
1163,462,242.0
1163,572,10.0
1164,32,10.0
1164,45,10.0
1164,237,5996.05
1164,369,12.0
1164,409,6100.9
1164,434,20.5
1164,459,10.0
1164,500,3909.0499999999997
1164,525,10.0
1164,641,34.45
1164,767,6392.8
1164,821,15.0
1164,867,1574.0
1164,978,4.0
1164,1011,10.0
1164,1044,145.0
1164,1264,12.0
1165,41,10.0
1165,53,10.0
1165,106,19.0
1165,175,374.0
1165,182,10.0
1165,208,23.0
1165,269,20.0
1165,300,10.0
1165,309,10.0
1165,323,10.0
1165,383,7006.4
1165,417,84.0
1165,427,10.0
1165,429,10.0
1165,433,10.0
1165,435,364.0
1165,436,146.0
1165,546,8.0
1165,550,10.0
1165,588,73.0
1165,593,636.0
1165,596,10.0
1165,608,10.0
1165,613,226.0
1165,614,10.0
1165,648,12.0
1165,674,11155.15
1165,675,10.0
1165,683,12.0
1165,688,46.0
1165,692,10.0
1165,729,15.0
1165,789,10.0
1165,814,10.0
1165,827,10.0
1165,867,10.0
1165,881,10.0
1165,1024,16.0
1165,1030,8.0
1165,1033,10.0
1165,1035,10.0
1165,1085,13.0
1165,1093,10.0
1165,1173,13.0
1165,1276,10.0
1165,1288,25.0
1165,1296,14.0
1165,1321,5320.200000000001
1165,1326,51.0
1165,1339,16.0
1165,1344,10.0
1166,41,124.0
1166,81,16.0
1166,102,12.0
1166,160,13.0
1166,219,359.0
1166,225,63.0
1166,264,1399.5
1166,291,10.0
1166,323,36.0
1166,340,9.0
1166,397,3315.95
1166,460,333.0
1166,567,41.0
1166,571,10.0
1166,622,10.0
1166,676,20.5
1166,725,6845.35
1166,729,20.5
1166,751,20.5
1166,778,8849.4
1166,845,10.0
1166,901,41.0
1166,906,17.0
1166,945,41.0
1166,954,54.0
1166,970,42.0
1166,972,9342.3
1166,997,10.0
1166,1018,10.0
1166,1113,25.0
1166,1225,10.0
1166,1259,20.5
1166,1270,13.0
1166,1305,24.0
1167,52,56.0
1167,101,18.0
1167,107,3.0
1167,190,10.0
1167,195,11.0
1167,224,10.0
1167,268,22.0
1167,274,11.0
1167,295,2054.45
1167,306,15.0
1167,340,108.0
1167,409,2409.65
1167,428,10.0
1167,461,12.0
1167,466,10.0
1167,620,3.0
1167,703,10.0
1167,754,8467.0
1167,767,5840.95
1167,915,11.0
1167,943,17.0
1167,953,20.0
1167,997,10.0
1167,1011,10346.95
1167,1045,69.0
1167,1058,10.0
1167,1079,21.0
1167,1084,24.0
1167,1129,10.0
1167,1161,5340.349999999999
1167,1264,128.0
1167,1274,10.0
1167,1290,10.0
1167,1320,12.0
1168,28,10.0
1168,33,26.0
1168,40,19.0
1168,45,14.0
1168,113,10.0
1168,124,10.0
1168,125,24.0
1168,139,32.0
1168,184,10.0
1168,209,122.0
1168,221,9511.6
1168,271,103.0
1168,306,29.0
1168,340,18.0
1168,374,78.0
1168,389,7.0
1168,405,10.0
1168,450,11083.3
1168,459,10.0
1168,479,10.0
1168,558,11.0
1168,634,10.0
1168,635,29.0
1168,659,34.0
1168,699,146.0
1168,749,7709.55
1168,756,15.0
1168,830,10.0
1168,851,33.0
1168,893,96.0
1168,941,10.0
1168,945,16.0
1168,951,8968.65
1168,957,19.0
1168,968,12.0
1168,970,15.0
1168,1035,10.0
1168,1041,10.0
1168,1062,1613.0
1168,1072,17.0
1168,1156,10.0
1168,1161,24.0
1168,1186,44.0
1168,1197,10.0
1168,1237,10.0
1168,1263,10.0
1168,1301,29.0
1168,1309,8897.0
1168,1312,204.0
1168,1326,13.0
1168,1349,17.0
1168,1352,5330.95
1169,83,130.0
1169,131,8158.9
1169,151,128.0
1169,199,65.0
1169,207,193.0
1169,224,10.0
1169,246,14.0
1169,255,10.0
1169,264,9501.65
1169,311,10.0
1169,315,85.0
1169,333,10.0
1169,397,10.0
1169,419,37.0
1169,467,10.0
1169,496,9472.3
1169,539,11.0
1169,542,22.0
1169,550,10.0
1169,559,106.0
1169,574,99.0
1169,586,10.0
1169,603,10.0
1169,611,120.0
1169,643,8.0
1169,646,37.0
1169,657,11.0
1169,672,10.0
1169,679,10.0
1169,693,65.0
1169,694,134.0
1169,727,71.0
1169,738,35.0
1169,751,11.0
1169,760,63.0
1169,795,27.0
1169,817,10.0
1169,824,10.0
1169,826,32.0
1169,917,87.3
1169,924,10.0
1169,930,21.0
1169,954,4936.650000000001
1169,1015,11.0
1169,1025,10.0
1169,1089,9758.4
1169,1118,10.0
1169,1120,26.0
1169,1133,10.0
1169,1159,10.0
1169,1203,10.0
1169,1210,10.0
1169,1212,10.0
1169,1259,10.0
1169,1270,10.0
1169,1277,149.0
1169,1294,73.0
1169,1305,51.0
1169,1341,26.0
1172,33,10.0
1172,47,45.0
1172,168,11.0
1172,173,11.0
1172,177,10.0
1172,202,218.0
1172,210,10.0
1172,218,64.0
1172,226,192.0
1172,317,14.0
1172,360,25.0
1172,362,92.0
1172,433,792.05
1172,463,8217.35
1172,470,4.0
1172,493,70.0
1172,494,2840.95
1172,535,11.0
1172,565,194.0
1172,566,2382.1
1172,578,1027.0
1172,580,10.0
1172,615,3316.5
1172,675,55.0
1172,769,214.0
1172,789,39.0
1172,801,141.0
1172,868,25.0
1172,909,43.0
1172,1029,25.0
1172,1046,76.0
1172,1067,91.0
1172,1074,10.0
1172,1108,15.0
1172,1202,11.0
1172,1229,10.0
1172,1253,3387.35
1172,1357,10.0
1174,83,11.0
1174,126,10.0
1174,143,27.0
1174,155,7.0
1174,184,10.0
1174,197,23.0
1174,198,196.0
1174,202,48.0
1174,215,19.0
1174,240,184.0
1174,291,10.0
1174,337,22.0
1174,371,10.0
1174,431,41.0
1174,477,10.0
1174,484,10.0
1174,500,5.0
1174,514,10.0
1174,594,10.0
1174,607,41.0
1174,680,10.0
1174,713,37.0
1174,791,31.0
1174,910,10.0
1174,914,147.0
1174,931,10.0
1174,988,55.0
1174,1021,10.0
1174,1022,4.0
1174,1098,6.0
1174,1110,10.0
1174,1118,2057.0
1174,1263,10.0
1174,1294,11162.3
1174,1318,44.45
1178,18,10607.45
1178,37,3042.95
1178,120,35.0
1178,126,10.0
1178,142,76.0
1178,167,272.0
1178,284,58.5
1178,417,10.0
1178,429,186.0
1178,441,10.0
1178,448,11.0
1178,493,23.0
1178,582,21.0
1178,617,41.0
1178,627,10.0
1178,678,84.0
1178,685,16.0
1178,705,2567.05
1178,740,10.0
1178,746,27.0
1178,772,117.0
1178,813,10.0
1178,836,1443.65
1178,920,23.0
1178,981,10.0
1178,1104,10.0
1178,1125,59.0
1178,1135,1958.2
1178,1223,26.0
1178,1244,10.0
1178,1246,14.0
1178,1280,10.0
1178,1338,14.0
1178,1339,298.0
1178,1343,10.0
1178,1357,480.0
1179,3,10.0
1179,9,13.0
1179,43,10.0
1179,56,8.0
1179,58,325.0
1179,97,229.0
1179,103,10.0
1179,113,10.0
1179,127,10.0
1179,178,204.0
1179,201,10.0
1179,220,26.5
1179,224,26.0
1179,263,20.0
1179,352,27.0
1179,452,10.0
1179,482,11.0
1179,483,164.5
1179,486,135.0
1179,499,10.0
1179,512,412.0
1179,606,10.0
1179,634,16.0
1179,649,118.0
1179,692,10.0
1179,698,7554.299999999999
1179,758,146.0
1179,773,2440.35
1179,799,10.0
1179,809,10.0
1179,824,10.0
1179,830,210.0
1179,852,41.0
1179,898,98.0
1179,928,11155.3
1179,939,10.0
1179,941,6882.65
1179,945,17.0
1179,951,10.0
1179,969,121.0
1179,997,180.0
1179,999,27.0
1179,1013,10.0
1179,1022,26.5
1179,1023,10.0
1179,1027,4190.0
1179,1061,10.0
1179,1080,460.0
1179,1121,16.0
1179,1124,5381.1
1179,1143,10.0
1179,1196,5.0
1179,1274,10.0
1179,1302,148.0
1179,1326,7.0
1180,40,10.0
1180,45,26.0
1180,61,1582.05
1180,74,84.0
1180,124,10.0
1180,180,10.0
1180,184,24.0
1180,207,73.0
1180,216,105.0
1180,239,12.0
1180,250,17.0
1180,285,10.0
1180,304,26.0
1180,309,23.0
1180,328,617.0
1180,329,525.0
1180,333,51.0
1180,368,72.0
1180,373,592.0
1180,379,21.0
1180,428,10.0
1180,433,35.0
1180,498,13.0
1180,513,10.0
1180,537,54.0
1180,555,360.0
1180,564,10.0
1180,623,32.0
1180,659,53.0
1180,669,3177.35
1180,712,10.0
1180,728,26.0
1180,808,2580.55
1180,809,20.5
1180,851,32.0
1180,861,56.0
1180,873,27.0
1180,881,10.0
1180,912,1770.8
1180,941,12.0
1180,1001,14.0
1180,1006,13.0
1180,1022,10.0
1180,1129,13.0
1180,1130,24.0
1180,1181,27.0
1180,1221,11.0
1180,1226,10.0
1180,1252,656.0
1180,1254,153.0
1180,1285,3.0
1180,1293,11005.65
1180,1301,10.0
1180,1302,10.0
1180,1312,92.0
1180,1318,12.0
1180,1336,22.0
1180,1356,126.0
1180,1358,68.0
1180,1359,463.0
1181,4,10.0
1181,78,6172.45
1181,87,10.0
1181,212,13.0
1181,227,10.0
1181,260,38.0
1181,275,103.0
1181,281,109.0
1181,295,10.0
1181,299,10.0
1181,336,6.0
1181,488,10.0
1181,513,831.5
1181,526,48.0
1181,575,10.0
1181,618,12.0
1181,679,10.0
1181,694,10.0
1181,728,10885.4
1181,729,10.0
1181,767,10.0
1181,808,10.0
1181,869,10.0
1181,931,10.0
1181,953,39.0
1181,978,10.0
1181,1021,10.0
1181,1106,63.0
1181,1150,2842.95
1181,1180,27.0
1181,1206,1503.35
1181,1237,2643.85
1181,1264,10.0
1181,1274,8652.0
1181,1285,10.0
1181,1292,10.0
1181,1293,15.0
1182,81,3.0
1182,128,26.5
1182,214,12.0
1182,218,235.0
1182,226,79.0
1182,241,10.0
1182,253,2948.8
1182,410,10.0
1182,458,5846.7
1182,523,17.0
1182,538,10.0
1182,546,21.0
1182,576,5308.5
1182,667,32.8
1182,677,10.0
1182,788,10.0
1182,797,19.0
1182,828,10.0
1182,909,22.55
1182,929,10.0
1182,947,4.0
1182,967,140.0
1182,975,79.0
1182,983,2821.65
1182,1046,10.0
1182,1085,10.0
1182,1089,29.0
1182,1102,33.0
1182,1108,76.0
1182,1162,10.0
1182,1175,5237.95
1182,1202,9663.3
1182,1313,96.0
1184,5,10.0
1184,18,6.0
1184,54,189.0
1184,96,14.0
1184,130,16.0
1184,142,187.0
1184,177,10.0
1184,226,10.0
1184,305,10.0
1184,335,3136.95
1184,407,23.0
1184,427,43.0
1184,430,10.0
1184,442,10.0
1184,448,7.0
1184,463,6.0
1184,530,10.0
1184,552,1288.0
1184,589,1567.0
1184,608,20.0
1184,612,44.0
1184,617,37.5
1184,629,14.0
1184,630,25.0
1184,650,14.0
1184,706,10975.3
1184,740,30.0
1184,746,110.0
1184,794,12.0
1184,813,59.0
1184,814,13.0
1184,816,15.0
1184,823,10.0
1184,836,12.0
1184,876,273.0
1184,967,17.0
1184,971,9.0
1184,983,18.0
1184,984,20.0
1184,992,10.0
1184,1039,3579.5
1184,1068,10.0
1184,1074,18.0
1184,1080,20.5
1184,1101,10.0
1184,1104,2241.0
1184,1107,10.0
1184,1125,11.0
1184,1202,10.0
1184,1223,32.0
1184,1245,15.0
1184,1283,10.0
1184,1296,40.0
1184,1339,119.0
1184,1344,2318.0
1184,1357,45.05
1184,1363,176.0
1185,23,2476.65
1185,75,11.0
1185,121,25.0
1185,204,10.0
1185,241,11.0
1185,258,1370.0
1185,291,52.0
1185,304,10.0
1185,315,22.0
1185,320,122.0
1185,337,6734.5
1185,349,4869.35
1185,402,3268.3
1185,404,9.0
1185,437,10.0
1185,534,781.3
1185,560,229.0
1185,590,858.0
1185,591,30.0
1185,607,10.0
1185,636,7866.35
1185,643,4.0
1185,655,15.0
1185,752,4.0
1185,826,2975.95
1185,883,2766.65
1185,1002,31.0
1185,1015,10.0
1185,1057,12.0
1185,1098,10.0
1185,1110,11.0
1185,1262,10.0
1185,1294,16.0
1186,40,10.0
1186,99,17.0
1186,125,10615.4
1186,154,16.0
1186,281,11.0
1186,374,10.0
1186,425,4033.25
1186,450,22.0
1186,499,21.0
1186,521,4454.35
1186,524,39.0
1186,557,105.0
1186,625,38.0
1186,690,7301.1
1186,780,90.0
1186,939,10.0
1186,1011,39.0
1186,1045,10.0
1186,1077,3.0
1186,1099,258.1
1186,1168,44.0
1186,1284,10.0
1186,1349,31.0
1187,47,10.0
1187,167,10.0
1187,187,10.0
1187,228,10.0
1187,330,12.0
1187,418,13.0
1187,536,7951.95
1187,547,11.0
1187,562,10.0
1187,677,7723.35
1187,688,23.0
1187,747,7.0
1187,815,10.0
1187,822,10.0
1187,891,12.0
1187,892,10.0
1187,1101,9565.75
1187,1128,54.0
1187,1223,10.0
1187,1228,11.0
1187,1247,54.0
1187,1282,30.0
1187,1288,320.0
1187,1346,277.0
1188,95,121.0
1188,110,10.0
1188,115,10.0
1188,128,28.45
1188,144,10.0
1188,197,204.0
1188,254,129.0
1188,262,10.0
1188,266,97.0
1188,289,126.0
1188,296,4575.95
1188,324,78.0
1188,360,25.0
1188,372,37.0
1188,396,10.0
1188,441,10.0
1188,471,93.0
1188,552,10.0
1188,553,3550.8
1188,562,12.0
1188,565,35.0
1188,573,43.0
1188,615,110.0
1188,630,11.0
1188,639,17.0
1188,646,14.0
1188,663,10.0
1188,667,49.0
1188,689,10.0
1188,726,63.0
1188,729,16.0
1188,747,137.0
1188,755,10.0
1188,763,10.0
1188,805,256.0
1188,820,10.0
1188,835,39.0
1188,844,49.0
1188,878,47.0
1188,887,8.0
1188,909,10.0
1188,967,10.0
1188,991,10.0
1188,1010,10.0
1188,1012,12.0
1188,1024,20.0
1188,1033,10.0
1188,1055,6.0
1188,1075,10.0
1188,1085,11.0
1188,1102,10585.5
1188,1162,101.0
1188,1173,11.0
1188,1202,8849.15
1188,1212,96.0
1188,1271,10.0
1188,1278,38.0
1188,1282,31.0
1188,1285,10.0
1188,1307,12.0
1188,1313,6.0
1188,1350,14.0
1189,112,13.0
1189,133,10.0
1189,167,72.0
1189,171,10.0
1189,173,72.0
1189,182,41.0
1189,194,16.0
1189,210,48.0
1189,223,14.0
1189,266,10.0
1189,318,191.0
1189,362,10.0
1189,410,890.4
1189,435,26.0
1189,442,83.0
1189,446,18.0
1189,627,23.0
1189,673,16.0
1189,697,10.25
1189,706,10.0
1189,719,46.0
1189,724,22.0
1189,768,6.0
1189,820,927.5
1189,829,88.0
1189,894,15.0
1189,899,63.0
1189,981,10920.35
1189,984,3557.0
1189,995,469.0
1189,1066,62.0
1189,1069,503.0
1189,1070,29.0
1189,1075,16.0
1189,1141,14.0
1189,1162,10.0
1189,1175,80.0
1189,1214,8084.299999999999
1189,1220,19.0
1189,1245,12.0
1189,1324,3438.85
1189,1350,14.0
1189,1360,10.0
1190,23,12.0
1190,56,13.0
1190,104,70.0
1190,111,23.0
1190,124,9.0
1190,132,3032.3
1190,140,611.0
1190,164,10.0
1190,178,10.0
1190,241,702.0
1190,304,81.0
1190,315,134.0
1190,444,17.0
1190,498,6969.1
1190,525,16.0
1190,534,10.0
1190,563,10.0
1190,590,10.0
1190,595,32.0
1190,610,80.0
1190,635,24.0
1190,699,10.0
1190,727,10.0
1190,754,46.0
1190,761,25.0
1190,782,11.0
1190,791,10.0
1190,796,572.0
1190,817,10.0
1190,863,296.25
1190,888,13.0
1190,903,10.0
1190,923,10.0
1190,931,19.0
1190,951,10.0
1190,1083,2754.85
1190,1088,726.0
1190,1089,10.0
1190,1091,10.0
1190,1294,11.0
1190,1311,11162.3
1190,1359,20.5
1191,10,13.0
1191,50,17.0
1191,56,16.0
1191,121,10.0
1191,131,168.0
1191,140,291.0
1191,241,40.0
1191,252,77.0
1191,265,105.0
1191,402,5879.0
1191,431,1791.45
1191,488,10.0
1191,496,51.0
1191,505,10.0
1191,513,13.0
1191,528,53.0
1191,534,18.0
1191,550,10.0
1191,591,10.0
1191,610,10.0
1191,663,21.0
1191,679,14.0
1191,704,42.0
1191,754,10.0
1191,760,31.0
1191,824,147.0
1191,870,105.0
1191,883,4073.15
1191,888,211.0
1191,903,92.0
1191,910,5441.5
1191,935,4426.7
1191,939,28.0
1191,949,49.0
1191,993,58.0
1191,1008,10580.35
1191,1019,10.0
1191,1091,10.0
1191,1114,311.0
1191,1144,125.0
1191,1146,10.0
1191,1154,13.0
1191,1156,41.0
1191,1226,49.0
1191,1263,10.0
1191,1291,12.0
1192,59,10.0
1192,77,10.0
1192,138,68.0
1192,165,17.0
1192,223,1059.0
1192,284,13.0
1192,290,10.0
1192,318,10.0
1192,356,20.0
1192,360,22.0
1192,362,10.0
1192,383,38.0
1192,394,10.0
1192,421,100.0
1192,432,41.0
1192,435,34.0
1192,442,11.0
1192,446,10.0
1192,468,10.0
1192,541,11.0
1192,565,10.0
1192,567,47.0
1192,573,10.0
1192,615,10.0
1192,650,3717.05
1192,667,11.0
1192,678,10.0
1192,700,28.0
1192,719,191.0
1192,724,414.0
1192,726,10.0
1192,797,15.0
1192,798,32.0
1192,822,9811.1
1192,823,18.0
1192,858,21.0
1192,885,10.0
1192,887,10.0
1192,894,3.0
1192,922,10.0
1192,929,44.0
1192,934,10.0
1192,947,80.0
1192,964,22.0
1192,974,17.0
1192,981,23.0
1192,1003,26.5
1192,1029,10.0
1192,1031,13.0
1192,1038,10.0
1192,1074,188.0
1192,1090,19.0
1192,1093,17.0
1192,1122,17.0
1192,1123,11.0
1192,1141,9672.9
1192,1145,64.0
1192,1202,105.0
1192,1207,10.0
1192,1214,77.0
1192,1220,16.0
1192,1229,10.0
1192,1251,23.0
1192,1279,2454.0
1192,1283,756.0
1192,1310,10.0
1192,1317,14.0
1193,10,13.0
1193,41,3453.0
1193,49,10.0
1193,50,27.0
1193,99,10.0
1193,119,141.0
1193,162,23.0
1193,196,10.0
1193,254,10.0
1193,288,312.0
1193,315,83.0
1193,333,31.0
1193,419,23.0
1193,445,12.0
1193,496,12.0
1193,520,70.0
1193,559,87.0
1193,564,10.0
1193,568,6.0
1193,574,67.0
1193,584,42.0
1193,622,14.0
1193,699,10.0
1193,735,19.0
1193,760,10.0
1193,849,3.0
1193,891,19.0
1193,896,55.0
1193,903,77.0
1193,906,18.0
1193,988,10.0
1193,1007,29.0
1193,1012,13.0
1193,1113,10.0
1193,1130,10.0
1193,1146,26.5
1193,1194,8952.85
1193,1211,34.0
1193,1221,1259.5
1193,1259,32.0
1193,1287,6943.7
1193,1291,47.0
1193,1316,87.0
1194,4,10.0
1194,41,21.0
1194,50,36.0
1194,99,71.0
1194,119,103.0
1194,162,11.0
1194,216,12.0
1194,231,10.0
1194,304,10.0
1194,315,33.0
1194,321,10.0
1194,333,10.0
1194,340,10.0
1194,349,10.0
1194,384,41.0
1194,419,10.0
1194,520,10.0
1194,541,10.0
1194,559,68.0
1194,564,8.0
1194,571,4653.25
1194,574,36.0
1194,680,10.0
1194,896,11.0
1194,906,12.0
1194,941,11.0
1194,989,10.0
1194,1113,4133.1
1194,1193,8952.85
1194,1221,6245.05
1194,1236,17.0
1194,1259,76.0
1194,1265,10.0
1194,1287,94.7
1194,1291,10.0
1194,1316,88.0
1194,1318,10.0
1196,3,25.0
1196,45,15.0
1196,78,5827.6
1196,123,36.0
1196,155,13.0
1196,191,10.0
1196,251,10.0
1196,312,30.0
1196,341,10.0
1196,485,10.0
1196,513,4941.0
1196,692,10514.65
1196,711,15.0
1196,729,529.0
1196,773,178.0
1196,863,10.0
1196,866,3427.45
1196,888,10.0
1196,933,19.0
1196,977,8259.3
1196,986,100.45
1196,999,10.0
1196,1001,12.0
1196,1179,5.0
1196,1199,10.0
1196,1206,2754.0
1196,1213,10.0
1196,1292,15.0
1196,1342,10.0
1197,26,1187.0
1197,68,10.0
1197,80,10.0
1197,97,41.0
1197,102,10.0
1197,113,10.0
1197,127,10.0
1197,151,42.0
1197,189,14.0
1197,209,30.0
1197,224,10.0
1197,259,2542.9
1197,281,41.0
1197,336,329.0
1197,341,10.0
1197,348,10.0
1197,415,20.0
1197,469,10162.65
1197,477,303.0
1197,499,10.0
1197,512,11.0
1197,550,10.0
1197,607,4.0
1197,611,599.0
1197,637,10.0
1197,709,10.0
1197,725,10.0
1197,729,12.0
1197,755,100.0
1197,792,341.0
1197,799,68.0
1197,803,10.0
1197,844,27.0
1197,863,58.0
1197,884,172.0
1197,885,10.0
1197,896,181.0
1197,901,7.0
1197,968,13.0
1197,1045,10.0
1197,1072,48.0
1197,1080,107.0
1197,1087,10.0
1197,1112,79.0
1197,1150,11.0
1197,1168,10.0
1197,1211,12.0
1197,1302,10.0
1198,53,10.0
1198,95,10.0
1198,126,10.0
1198,138,14.0
1198,142,10.0
1198,169,197.0
1198,270,24.0
1198,293,10.0
1198,305,25.0
1198,403,10.0
1198,423,288.0
1198,445,10.0
1198,519,9322.0
1198,565,10.0
1198,580,10.0
1198,688,110.0
1198,876,247.0
1198,983,1958.0
1198,1003,35.0
1198,1017,9435.0
1198,1031,1992.0
1198,1075,10.0
1198,1148,10.0
1198,1158,14.0
1198,1238,8361.7
1198,1251,10.0
1198,1324,10.0
1198,1350,2289.2
1199,23,74.0
1199,118,7225.1
1199,123,9163.65
1199,201,7498.35
1199,248,10.0
1199,416,10.0
1199,476,173.0
1199,488,5732.25
1199,510,10.0
1199,534,47.0
1199,583,10.0
1199,631,10.0
1199,715,10.0
1199,799,10.0
1199,849,10.0
1199,897,26.5
1199,913,15.0
1199,926,10.0
1199,942,20.0
1199,947,5437.15
1199,994,10.0
1199,1035,26.65
1199,1117,10.0
1199,1196,10.0
1199,1208,124.0
1199,1213,10.0
1199,1304,10.0
1201,151,26.0
1201,215,10.0
1201,246,25.0
1201,257,11.0
1201,265,7463.4
1201,320,10.0
1201,336,13.0
1201,411,10.0
1201,477,10.0
1201,509,10.0
1201,510,10.0
1201,534,105.0
1201,542,10.0
1201,560,10.0
1201,563,9344.25
1201,564,10.0
1201,595,10.0
1201,616,11.0
1201,651,6.0
1201,665,33.0
1201,672,8984.3
1201,679,20.5
1201,704,20.5
1201,727,19.0
1201,731,10.0
1201,751,55.0
1201,761,38.0
1201,782,194.0
1201,793,10.0
1201,845,60.0
1201,937,22.0
1201,993,4060.8
1201,1015,10.0
1201,1026,189.0
1201,1155,10.0
1201,1203,8187.9
1201,1262,46.0
1201,1291,41.0
1201,1294,11.0
1201,1295,10.0
1201,1358,10.0
1202,66,107.0
1202,98,100.5
1202,115,10.0
1202,152,77.0
1202,171,10.0
1202,175,10.0
1202,244,71.0
1202,296,1910.9
1202,356,61.0
1202,360,83.0
1202,396,22.0
1202,403,10.0
1202,430,10.0
1202,433,20.5
1202,448,275.0
1202,457,34.0
1202,458,5423.1
1202,468,205.0
1202,470,25.0
1202,492,1910.0
1202,530,24.0
1202,553,2272.15
1202,565,62.0
1202,589,42.0
1202,609,10.0
1202,677,36.0
1202,685,10.0
1202,688,10.0
1202,717,11.0
1202,724,10.0
1202,769,11.0
1202,797,10.0
1202,801,10.0
1202,825,10.0
1202,836,35.0
1202,864,10.0
1202,874,9.0
1202,934,10.0
1202,971,62.0
1202,992,73.0
1202,1029,13.0
1202,1066,277.0
1202,1070,10.0
1202,1074,32.0
1202,1076,61.0
1202,1085,101.0
1202,1090,12.0
1202,1102,10.0
1202,1107,37.0
1202,1116,10.0
1202,1119,111.0
1202,1162,10.0
1202,1172,11.0
1202,1182,9663.3
1202,1184,10.0
1202,1188,8849.15
1202,1192,105.0
1202,1220,11.0
1202,1296,16.0
1202,1310,10.0
1202,1313,6.0
1202,1317,16.0
1202,1339,51.0
1202,1344,10.0
1202,1345,91.0
1203,41,15.0
1203,132,10.0
1203,215,57.0
1203,216,16.0
1203,243,3.0
1203,254,10.0
1203,257,10.0
1203,265,5891.6
1203,315,3121.25
1203,320,130.0
1203,328,33.0
1203,337,10.0
1203,355,19.0
1203,477,55.0
1203,509,11.0
1203,539,20.5
1203,563,137.0
1203,574,10.0
1203,610,14.0
1203,645,131.0
1203,646,10.0
1203,651,23.0
1203,672,441.0
1203,693,77.0
1203,727,113.0
1203,751,372.0
1203,782,446.0
1203,842,14.0
1203,845,72.0
1203,860,21.0
1203,931,7175.45
1203,993,3557.1
1203,1015,19.0
1203,1018,10.0
1203,1026,232.0
1203,1088,10.0
1203,1113,15.0
1203,1120,20.0
1203,1169,10.0
1203,1201,8187.9
1203,1322,11.0
1204,48,10.0
1204,59,10.0
1204,91,10.0
1204,116,18.0
1204,133,10.0
1204,206,3.0
1204,245,97.0
1204,300,53.0
1204,354,10.0
1204,366,20.5
1204,427,15.0
1204,442,28.7
1204,552,10.0
1204,555,94.0
1204,639,10.0
1204,688,30.0
1204,695,10.0
1204,753,1188.0
1204,835,7.0
1204,862,452.0
1204,885,10.0
1204,920,10933.65
1204,962,5416.15
1204,984,10.0
1204,1003,10.0
1204,1017,348.0
1204,1125,54.0
1204,1145,10.0
1204,1158,2808.15
1204,1220,1261.4
1204,1245,10.0
1204,1288,10.0
1204,1313,5115.45
1204,1346,10.0
1204,1350,26.0
1204,1355,266.0
1205,17,10.0
1205,20,125.0
1205,108,17.0
1205,132,15.0
1205,191,4180.25
1205,209,50.0
1205,222,24.0
1205,224,38.0
1205,232,45.0
1205,250,147.0
1205,325,29.0
1205,436,10.0
1205,482,26.0
1205,483,10.0
1205,497,14.0
1205,525,10.0
1205,541,10.0
1205,712,4558.75
1205,736,8682.7
1205,785,45.0
1205,803,3.0
1205,830,16.0
1205,871,10.0
1205,886,10.0
1205,897,74.0
1205,901,4.0
1205,905,32.0
1205,943,10.0
1205,982,4797.95
1205,1041,3107.95
1205,1047,41.0
1205,1059,3958.8999999999996
1205,1105,52.0
1205,1111,10.0
1205,1127,10.0
1205,1140,10.0
1205,1155,10.0
1205,1161,20.0
1205,1208,6.0
1205,1255,10.0
1205,1272,18.0
1205,1302,22.0
1206,4,11.0
1206,78,2137.9
1206,129,10.0
1206,143,29.0
1206,213,10.0
1206,271,16.0
1206,340,6.0
1206,382,107.0
1206,384,10.0
1206,385,23.0
1206,398,131.0
1206,413,126.0
1206,426,10.0
1206,469,10.0
1206,538,10.0
1206,587,40.0
1206,623,37.0
1206,671,99.0
1206,674,11.0
1206,692,25.3
1206,694,13.0
1206,699,148.0
1206,709,10.0
1206,736,548.0
1206,747,3.0
1206,755,21.0
1206,790,10.0
1206,805,10.0
1206,827,10.0
1206,863,10.0
1206,866,2378.7
1206,878,6.0
1206,889,10.0
1206,904,11.0
1206,921,21.0
1206,922,243.0
1206,951,10.0
1206,953,70.0
1206,957,10.0
1206,961,24.0
1206,962,13.0
1206,967,22.0
1206,991,41.0
1206,998,196.0
1206,1021,10.0
1206,1035,10.0
1206,1042,202.0
1206,1045,24.0
1206,1060,10.0
1206,1062,37.0
1206,1109,152.0
1206,1130,28.0
1206,1144,203.0
1206,1150,9469.3
1206,1158,10.0
1206,1181,1503.35
1206,1196,2754.0
1206,1256,72.0
1206,1272,10.0
1206,1286,10.0
1206,1335,14.0
1207,63,10.0
1207,126,7708.2
1207,128,12.0
1207,131,10.0
1207,133,4.0
1207,144,11.0
1207,187,10.0
1207,219,9.0
1207,254,10.0
1207,305,21.0
1207,324,20.5
1207,348,10.0
1207,386,453.0
1207,403,11.0
1207,407,23.0
1207,414,27.0
1207,427,6.0
1207,448,6.0
1207,476,37.1
1207,522,532.0
1207,614,20.0
1207,624,20.0
1207,629,10.0
1207,651,42.0
1207,661,10.0
1207,673,10.0
1207,720,10.0
1207,723,10.0
1207,746,10.0
1207,765,10.0
1207,768,13.0
1207,789,10.0
1207,817,10.0
1207,823,822.45
1207,862,10.0
1207,894,10.0
1207,914,10.0
1207,934,10.0
1207,948,123.0
1207,962,29.0
1207,972,10.0
1207,1010,10.0
1207,1035,10.0
1207,1039,10.0
1207,1063,10.0
1207,1091,19.0
1207,1126,10.0
1207,1158,12.0
1207,1162,80.0
1207,1192,10.0
1207,1238,10.0
1207,1289,11.0
1207,1320,106.0
1207,1338,10.0
1208,12,972.0
1208,17,21.0
1208,51,50.0
1208,70,87.0
1208,89,10.0
1208,103,10.0
1208,115,191.0
1208,123,206.0
1208,160,25.0
1208,169,10.0
1208,175,13.0
1208,213,1681.0
1208,220,189.0
1208,229,3035.95
1208,259,13.0
1208,268,10.0
1208,312,26.5
1208,315,16.0
1208,319,10.0
1208,325,10.0
1208,329,373.0
1208,334,10.0
1208,386,219.0
1208,415,14.0
1208,416,11154.3
1208,435,57.0
1208,438,995.0
1208,440,10.0
1208,444,61.0
1208,482,14.0
1208,497,14.0
1208,507,27.0
1208,512,11.0
1208,513,10.0
1208,558,120.0
1208,595,73.0
1208,598,57.0
1208,603,10.0
1208,638,10.0
1208,698,17.0
1208,735,29.0
1208,755,462.0
1208,761,43.0
1208,773,10.0
1208,798,12.0
1208,810,74.0
1208,871,11.0
1208,897,17.0
1208,926,10.0
1208,945,10.0
1208,961,20.5
1208,964,108.0
1208,1064,10.0
1208,1072,22.0
1208,1088,13.0
1208,1110,140.0
1208,1111,11.0
1208,1139,15.0
1208,1142,14.0
1208,1159,10.0
1208,1199,124.0
1208,1205,6.0
1208,1224,10.0
1208,1240,42.0
1208,1257,18.0
1210,79,26.0
1210,311,10.0
1210,390,10.0
1210,412,10.0
1210,419,137.0
1210,431,10.0
1210,539,10.0
1210,586,10.0
1210,603,10.0
1210,646,166.0
1210,655,37.0
1210,668,10.0
1210,738,106.0
1210,739,7301.799999999999
1210,818,8003.25
1210,935,10.0
1210,1034,3824.45
1210,1105,10.0
1210,1120,171.0
1210,1169,10.0
1210,1287,10.0
1210,1304,10.0
1210,1305,10.0
1210,1342,10.0
1211,84,10.0
1211,219,25.0
1211,297,10.0
1211,437,31.0
1211,521,10.0
1211,550,811.75
1211,563,15.0
1211,607,10.0
1211,611,16.0
1211,654,10.0
1211,680,10.0
1211,793,9220.1
1211,891,144.0
1211,940,20.0
1211,954,15.0
1211,1146,10.0
1211,1193,34.0
1211,1197,12.0
1211,1287,2679.0
1212,47,23.0
1212,66,10.0
1212,95,10720.1
1212,137,10.0
1212,173,6294.5
1212,179,10.0
1212,201,4.0
1212,210,52.75
1212,254,44.0
1212,266,27.0
1212,269,201.0
1212,270,114.0
1212,324,136.0
1212,335,72.0
1212,410,19.0
1212,420,72.0
1212,428,10.0
1212,487,42.0
1212,491,12.0
1212,493,31.0
1212,566,33.0
1212,573,34.0
1212,580,77.0
1212,600,4310.35
1212,628,11.0
1212,661,845.3
1212,769,10.0
1212,801,25.0
1212,822,10.0
1212,828,10.0
1212,835,23.0
1212,856,10.0
1212,862,1941.45
1212,864,1101.3
1212,894,10.0
1212,983,11.0
1212,985,47.0
1212,1010,10.0
1212,1069,47.0
1212,1075,12.0
1212,1090,26.0
1212,1102,136.0
1212,1116,1068.0
1212,1158,20.0
1212,1169,10.0
1212,1188,96.0
1212,1220,10.0
1212,1223,20.5
1212,1275,10.0
1212,1307,87.0
1212,1310,10.0
1212,1313,14.0
1212,1314,11.0
1212,1321,1285.0
1212,1346,39.0
1212,1360,10.0
1212,1363,68.0
1214,55,12.0
1214,96,10.0
1214,130,10.0
1214,171,81.0
1214,177,22.0
1214,223,72.0
1214,245,118.0
1214,354,77.0
1214,396,8198.95
1214,410,52.0
1214,433,10.0
1214,435,66.0
1214,494,10.0
1214,582,142.0
1214,617,9.0
1214,624,49.0
1214,630,10.0
1214,661,26.0
1214,667,10.0
1214,670,10.0
1214,724,44.0
1214,726,38.0
1214,763,258.0
1214,769,22.0
1214,841,40.0
1214,934,81.0
1214,971,15.0
1214,981,6769.55
1214,984,44.5
1214,1037,101.0
1214,1067,22.0
1214,1107,10.0
1214,1122,28.0
1214,1125,8819.45
1214,1175,17.0
1214,1189,8084.299999999999
1214,1192,77.0
1214,1245,28.0
1214,1246,10.0
1214,1325,15.0
1215,9,14.0
1215,10,10.0
1215,39,12.0
1215,69,10.0
1215,75,10.0
1215,109,156.0
1215,132,10.0
1215,172,32.8
1215,232,10.0
1215,265,61.0
1215,319,18.0
1215,385,10.0
1215,471,10.0
1215,507,20.0
1215,548,16.0
1215,558,22.0
1215,585,23.0
1215,641,16.0
1215,642,507.0
1215,643,10.0
1215,672,10.0
1215,698,108.0
1215,735,2054.1
1215,790,26.5
1215,792,234.0
1215,834,10.0
1215,901,21.0
1215,918,14.0
1215,943,4246.15
1215,1004,168.0
1215,1019,12.0
1215,1022,1225.0
1215,1035,6.0
1215,1084,3094.25
1215,1213,10.0
1215,1240,5312.950000000001
1215,1252,79.0
1215,1287,13.0
1215,1289,10.0
1215,1292,1132.9
1215,1342,2905.95
1215,1356,1590.0
1216,1,26.5
1216,71,11.0
1216,87,10.0
1216,89,15.0
1216,169,10.0
1216,241,16.0
1216,340,5408.95
1216,380,38.0
1216,408,1238.0
1216,452,13.0
1216,465,123.0
1216,476,10.0
1216,526,10.0
1216,559,45.0
1216,574,13.0
1216,632,10.0
1216,647,118.5
1216,694,10.0
1216,696,13.0
1216,715,20.0
1216,756,65.0
1216,770,2978.1
1216,802,10.0
1216,808,10.0
1216,865,135.0
1216,884,3417.6
1216,891,156.0
1216,924,125.0
1216,927,1266.0
1216,958,5170.2
1216,976,55.0
1216,1021,128.0
1216,1091,10.0
1216,1112,10129.8
1216,1121,6809.0
1216,1235,27.0
1216,1256,175.0
1216,1269,10.0
1216,1299,10.0
1216,1303,598.0
1217,18,24.0
1217,133,10.0
1217,158,18.0
1217,166,1430.0
1217,173,770.0
1217,182,12.0
1217,210,455.0
1217,238,25.0
1217,354,10.0
1217,396,5276.2
1217,841,10.0
1217,990,39.0
1217,1104,646.0
1217,1122,13.0
1217,1123,76.0
1217,1125,7522.0
1217,1223,37.0
1217,1245,3010.2
1217,1250,10.0
1217,1307,5858.2
1218,48,6911.35
1218,238,10.0
1218,473,648.65
1218,487,26.5
1218,617,10.0
1218,667,10.0
1218,974,10.0
1218,1069,1209.1
1218,1355,10.0
1220,55,225.0
1220,59,10.0
1220,91,14.0
1220,96,10.0
1220,112,1528.0
1220,116,7721.0
1220,133,10.0
1220,173,25.0
1220,210,12.0
1220,223,24.0
1220,276,29.0
1220,383,7860.15
1220,429,10.0
1220,439,10.0
1220,448,10.0
1220,487,22.0
1220,523,992.5
1220,530,10.0
1220,556,255.0
1220,566,36.0
1220,593,2275.2999999999997
1220,617,10.0
1220,627,17.0
1220,644,373.0
1220,685,37.0
1220,705,223.0
1220,717,13.0
1220,719,20.0
1220,724,10.0
1220,740,10.0
1220,772,25.0
1220,880,10.0
1220,920,2362.5
1220,981,112.0
1220,984,10.0
1220,996,287.0
1220,1069,147.0
1220,1074,10.0
1220,1090,49.0
1220,1135,10.0
1220,1158,10.0
1220,1189,19.0
1220,1192,16.0
1220,1202,11.0
1220,1204,1261.4
1220,1212,10.0
1220,1232,10.0
1220,1247,1054.0
1220,1307,10.0
1220,1313,6078.4
1220,1325,10.0
1220,1363,309.0
1221,10,10.0
1221,26,20.0
1221,49,13.0
1221,75,10.0
1221,106,14.0
1221,132,22.0
1221,153,1004.0
1221,216,10.0
1221,220,100.0
1221,256,294.0
1221,352,22.0
1221,440,10.0
1221,453,20.0
1221,484,57.0
1221,537,120.0
1221,557,10.0
1221,566,10.0
1221,571,150.0
1221,575,246.0
1221,601,10.0
1221,602,30.0
1221,611,10.0
1221,621,55.0
1221,625,22.0
1221,651,10.0
1221,654,24.5
1221,667,63.0
1221,683,10.0
1221,691,17.0
1221,744,22.0
1221,793,8732.15
1221,819,56.0
1221,902,10.0
1221,903,50.0
1221,905,216.0
1221,907,10.0
1221,913,135.0
1221,945,171.0
1221,953,34.0
1221,970,174.0
1221,971,10.0
1221,980,10.0
1221,1006,10.0
1221,1015,10.0
1221,1029,10.0
1221,1060,39.0
1221,1083,10.0
1221,1091,25.0
1221,1110,10.0
1221,1113,10.0
1221,1127,25.0
1221,1129,107.0
1221,1130,86.0
1221,1144,49.75
1221,1155,19.0
1221,1180,11.0
1221,1193,1259.5
1221,1194,6245.05
1221,1262,37.0
1221,1264,10.0
1221,1270,5236.1
1221,1287,6870.25
1221,1289,58.0
1221,1293,41.0
1221,1305,118.0
1222,61,26.0
1222,160,62.0
1222,183,10.0
1222,184,10.0
1222,302,175.0
1222,361,127.0
1222,365,134.0
1222,408,3446.95
1222,409,10.0
1222,438,48.0
1222,461,7937.85
1222,504,19.0
1222,529,17.0
1222,531,18.0
1222,575,26.5
1222,598,69.0
1222,647,310.0
1222,656,1303.0
1222,871,37.0
1222,878,102.0
1222,884,20.0
1222,902,154.0
1222,924,11.0
1222,942,21.0
1222,950,23.0
1222,963,24.0
1222,1006,11.0
1222,1023,38.0
1222,1105,1135.7
1222,1111,8.0
1222,1161,281.0
1222,1266,41.0
1222,1323,4944.1
1222,1335,26.5
1223,22,10.0
1223,37,63.0
1223,95,224.45
1223,112,10.0
1223,173,3370.95
1223,177,63.0
1223,245,10.0
1223,266,71.0
1223,277,36.0
1223,322,82.0
1223,332,17.0
1223,354,10810.65
1223,403,1011.0
1223,410,2859.45
1223,424,10.0
1223,562,10.0
1223,660,194.0
1223,763,282.0
1223,820,4403.35
1223,836,31.0
1223,864,4197.35
1223,885,13.0
1223,981,13.0
1223,984,12.0
1223,990,140.0
1223,996,11.0
1223,1066,10.0
1223,1070,341.0
1223,1074,10.0
1223,1108,42.0
1223,1125,10.0
1223,1126,52.0
1223,1178,26.0
1223,1184,32.0
1223,1187,10.0
1223,1212,20.5
1223,1217,37.0
1223,1283,10.0
1223,1307,10.0
1223,1325,30.0
1223,1338,29.0
1224,88,203.0
1224,149,6.0
1224,154,13.0
1224,157,3077.85
1224,160,10.0
1224,202,52.0
1224,225,821.0
1224,291,10.0
1224,294,28.0
1224,306,1874.0
1224,312,977.0
1224,323,10.0
1224,334,10.0
1224,374,10.0
1224,392,121.0
1224,402,113.0
1224,541,15.0
1224,584,343.0
1224,623,20.0
1224,680,85.0
1224,713,200.0
1224,730,31.0
1224,819,10.0
1224,883,86.0
1224,896,338.0
1224,910,29.0
1224,973,94.0
1224,988,15.0
1224,1018,10512.6
1224,1026,137.0
1224,1155,10.0
1224,1208,10.0
1224,1262,27.0
1224,1265,31.0
1224,1266,10.0
1224,1287,17.0
1224,1291,157.0
1224,1305,4626.5
1224,1319,92.0
1225,38,13.0
1225,52,40.0
1225,78,86.0
1225,87,10.0
1225,101,127.0
1225,107,7843.049999999999
1225,110,12.0
1225,119,10.0
1225,124,10.0
1225,185,10.0
1225,195,2596.3
1225,227,79.0
1225,229,10.0
1225,249,14.0
1225,275,49.0
1225,295,87.0
1225,302,10.0
1225,340,67.0
1225,372,10.0
1225,374,34.0
1225,381,11.0
1225,406,75.0
1225,409,924.4
1225,428,10.0
1225,455,10.0
1225,512,7.0
1225,526,8.0
1225,557,10.0
1225,631,2911.75
1225,699,10.0
1225,725,10.0
1225,729,14.0
1225,754,47.1
1225,756,33.0
1225,806,202.0
1225,808,13.0
1225,825,173.0
1225,867,10890.85
1225,886,10.0
1225,889,13.0
1225,896,207.0
1225,959,142.0
1225,964,25.0
1225,969,414.0
1225,977,7.0
1225,1011,10.0
1225,1032,11.0
1225,1053,11.0
1225,1086,10.0
1225,1111,107.0
1225,1166,10.0
1225,1234,112.0
1225,1237,256.0
1225,1241,97.0
1225,1265,101.0
1225,1274,10.0
1225,1290,106.0
1225,1323,10.0
1226,27,12.0
1226,29,30.0
1226,50,32.0
1226,164,6.0
1226,323,97.0
1226,375,68.0
1226,404,10.0
1226,471,10.0
1226,508,62.0
1226,526,10.0
1226,528,40.0
1226,564,10.0
1226,645,3479.0
1226,684,10.0
1226,704,12.0
1226,903,42.0
1226,906,10.0
1226,931,7.0
1226,935,35.0
1226,949,80.0
1226,957,13.0
1226,959,10.0
1226,979,10.0
1226,1062,3.0
1226,1079,10.0
1226,1082,15.0
1226,1139,6423.35
1226,1146,10665.9
1226,1180,10.0
1226,1191,49.0
1226,1259,44.0
1227,171,7.0
1227,324,10.0
1227,557,10.0
1227,937,10.0
1228,88,10.0
1228,98,20.5
1228,130,46.0
1228,134,10.0
1228,173,11.0
1228,245,10.0
1228,256,10.0
1228,370,10.0
1228,372,10.0
1228,453,9178.95
1228,639,6741.8
1228,674,10.0
1228,678,4.0
1228,681,16.0
1228,685,3289.45
1228,691,869.0
1228,740,2877.6
1228,756,147.0
1228,854,7009.65
1228,907,104.0
1228,934,13.0
1228,964,10.0
1228,967,25.0
1228,1033,191.0
1228,1055,3.0
1228,1074,10.0
1228,1093,24.0
1228,1129,10.0
1228,1130,123.0
1228,1187,11.0
1228,1254,11.0
1228,1282,735.0
1228,1307,34.0
1228,1339,26.5
1228,1345,6910.4
1228,1360,51.0
1229,18,16.0
1229,96,10.0
1229,116,13.0
1229,120,10.0
1229,202,10.0
1229,226,45.0
1229,244,7.0
1229,289,10.0
1229,351,17.0
1229,360,31.0
1229,421,195.0
1229,516,121.0
1229,523,10.0
1229,670,10.0
1229,686,182.0
1229,720,251.0
1229,794,8646.55
1229,801,181.0
1229,816,7683.55
1229,854,18.0
1229,858,5637.8
1229,894,214.0
1229,920,12.0
1229,1001,15.0
1229,1017,24.0
1229,1055,18.0
1229,1090,7091.5
1229,1116,10.0
1229,1148,10.0
1229,1151,10.0
1229,1158,10.0
1229,1172,10.0
1229,1192,10.0
1229,1245,125.0
1229,1246,6.0
1229,1250,10.0
1229,1355,10.0
1229,1357,10.0
1231,55,3.0
1231,69,1422.1
1231,100,56.0
1231,130,96.0
1231,166,10.0
1231,226,10.0
1231,290,19.0
1231,300,20.0
1231,305,102.0
1231,347,10.0
1231,373,33.0
1231,375,20.5
1231,417,10.0
1231,457,9478.65
1231,555,54.0
1231,737,22.0
1231,794,10.0
1231,822,10.0
1231,835,10.0
1231,850,12.0
1231,894,6.0
1231,899,4398.5
1231,975,10.0
1231,981,10.0
1231,1003,4792.049999999999
1231,1031,15.0
1231,1279,11.0
1231,1293,10.0
1231,1327,17.0
1232,53,45.0
1232,64,36.0
1232,116,10.0
1232,142,17.0
1232,197,41.65
1232,202,4742.8
1232,226,10.0
1232,244,10.0
1232,254,84.0
1232,262,10.0
1232,296,228.0
1232,317,69.0
1232,324,66.0
1232,335,53.0
1232,417,4.0
1232,458,188.0
1232,487,15.0
1232,624,260.0
1232,740,10.0
1232,753,6905.15
1232,801,10.0
1232,836,650.0
1232,839,17.0
1232,864,10.0
1232,909,4819.2
1232,920,10.0
1232,934,187.0
1232,955,36.0
1232,956,38.0
1232,983,10.0
1232,1010,55.0
1232,1033,40.0
1232,1037,10.0
1232,1038,127.0
1232,1039,29.0
1232,1067,10.0
1232,1116,52.0
1232,1122,10.0
1232,1126,30.0
1232,1220,10.0
1232,1250,12.0
1232,1253,10305.85
1232,1339,11.0
1232,1348,7.0
1233,7,10.0
1233,76,10.0
1233,97,18.0
1233,118,10.0
1233,188,10.0
1233,268,10.0
1233,271,8885.15
1233,345,26.0
1233,379,2169.5
1233,382,9.0
1233,413,61.0
1233,425,36.0
1233,428,11.0
1233,497,22.0
1233,508,10.0
1233,526,10.0
1233,537,6.0
1233,585,20.0
1233,621,11.0
1233,626,60.0
1233,632,13.0
1233,690,14.0
1233,709,10.0
1233,800,10.0
1233,851,10.0
1233,869,8045.5
1233,902,8895.25
1233,913,4950.45
1233,943,54.0
1233,958,10.0
1233,1006,25.0
1233,1080,11.0
1233,1133,36.0
1233,1136,10.0
1233,1155,21.0
1233,1156,10.0
1233,1253,38.0
1234,49,42.0
1234,102,10.0
1234,124,46.0
1234,132,11.0
1234,143,10.0
1234,149,5.0
1234,184,15.0
1234,204,739.45
1234,213,10.0
1234,271,24.0
1234,285,3821.1
1234,297,11.0
1234,340,10.0
1234,385,11.0
1234,413,10.0
1234,554,12.0
1234,568,24.0
1234,583,17.0
1234,634,44.0
1234,645,21.0
1234,652,11.0
1234,683,17.0
1234,699,10.0
1234,712,96.0
1234,731,10.0
1234,756,4664.35
1234,775,10.0
1234,795,14.0
1234,827,16.0
1234,861,4561.75
1234,867,13.0
1234,891,141.0
1234,893,216.0
1234,905,10.0
1234,951,29.0
1234,961,37.0
1234,967,10.0
1234,989,10.0
1234,1022,124.0
1234,1028,380.0
1234,1045,39.0
1234,1062,10.0
1234,1087,14.0
1234,1144,10.0
1234,1156,2371.6
1234,1225,112.0
1234,1241,10670.7
1234,1269,59.0
1234,1284,68.0
1234,1286,10.0
1234,1290,51.0
1234,1302,11.0
1234,1303,21.0
1234,1309,3205.0
1235,30,73.0
1235,70,34.0
1235,79,20.5
1235,81,192.0
1235,198,4209.15
1235,199,14.0
1235,215,10.0
1235,216,10.0
1235,240,850.45
1235,243,7886.099999999999
1235,316,10.0
1235,319,25.0
1235,323,10.0
1235,334,10.0
1235,337,14.0
1235,386,10.0
1235,400,7.0
1235,408,32.0
1235,484,2690.0
1235,555,10.0
1235,567,190.0
1235,571,4.0
1235,590,10.0
1235,595,15.0
1235,603,56.0
1235,653,110.0
1235,693,11.0
1235,704,10.0
1235,775,10.0
1235,819,2734.0
1235,860,10.0
1235,868,32.0
1235,910,828.2
1235,911,34.0
1235,927,202.0
1235,943,30.0
1235,1083,14.0
1235,1084,17.0
1235,1216,27.0
1237,1,10.0
1237,4,73.0
1237,7,11.0
1237,9,145.0
1237,38,10.0
1237,52,12.0
1237,78,123.0
1237,101,129.0
1237,143,10.0
1237,209,113.0
1237,227,16.0
1237,247,40.0
1237,271,39.0
1237,272,347.0
1237,275,27.0
1237,340,48.0
1237,348,72.0
1237,364,50.0
1237,374,109.0
1237,380,10.0
1237,381,10.0
1237,406,45.0
1237,428,24.0
1237,506,10.0
1237,526,13.0
1237,620,10.0
1237,626,10.0
1237,641,10.0
1237,656,31.0
1237,728,8149.4
1237,731,66.0
1237,756,36.0
1237,800,15.0
1237,806,16.0
1237,827,25.0
1237,865,14.0
1237,867,337.0
1237,869,13.0
1237,881,21.0
1237,882,10.0
1237,884,403.0
1237,944,49.0
1237,953,10.0
1237,959,35.0
1237,977,178.0
1237,978,10.0
1237,1032,10.0
1237,1053,20.0
1237,1058,36.0
1237,1083,13.0
1237,1130,75.0
1237,1139,10.0
1237,1159,34.0
1237,1168,10.0
1237,1181,2643.85
1237,1225,256.0
1237,1255,296.0
1237,1274,9640.3
1237,1290,22.0
1237,1312,17.0
1237,1359,29.0
1238,63,10.0
1238,135,10.0
1238,244,11.0
1238,298,356.0
1238,393,10.0
1238,399,14.0
1238,432,399.0
1238,433,78.0
1238,458,19.0
1238,470,8511.5
1238,478,10.0
1238,519,10.0
1238,566,81.0
1238,593,12.0
1238,609,10.0
1238,649,20.5
1238,677,35.0
1238,726,24.0
1238,747,10.0
1238,814,10.0
1238,829,84.0
1238,858,10.0
1238,1010,12.0
1238,1030,11.0
1238,1037,13.0
1238,1085,10.0
1238,1104,10.0
1238,1108,10.0
1238,1198,8361.7
1238,1207,10.0
1238,1271,80.0
1238,1343,10.0
1238,1350,1544.1
1238,1354,8.0
1241,4,13.0
1241,13,11.0
1241,49,104.0
1241,132,10.0
1241,143,71.0
1241,186,167.0
1241,195,10.0
1241,221,10.0
1241,271,32.0
1241,285,7652.4
1241,340,116.0
1241,374,19.0
1241,380,10.0
1241,395,48.0
1241,433,17.0
1241,453,5.0
1241,524,12.0
1241,554,10.0
1241,566,53.0
1241,568,9.0
1241,631,10.0
1241,634,42.0
1241,691,40.0
1241,699,312.0
1241,712,24.0
1241,731,10.0
1241,744,10.0
1241,749,10.0
1241,756,3870.6
1241,775,14.0
1241,795,11.0
1241,806,6.0
1241,861,32.5
1241,866,10.0
1241,891,10.0
1241,893,10.0
1241,907,120.0
1241,951,192.0
1241,957,10.0
1241,961,61.0
1241,1004,10.0
1241,1022,130.0
1241,1028,621.0
1241,1045,10.0
1241,1062,18.0
1241,1087,6.0
1241,1130,46.05
1241,1150,10.0
1241,1225,97.0
1241,1234,10670.7
1241,1254,10.0
1241,1256,85.0
1241,1284,15.0
1241,1290,102.0
1241,1293,33.0
1241,1309,379.0
1242,66,10.0
1242,83,22.0
1242,100,10.0
1242,168,10.0
1242,182,8.0
1242,266,28.0
1242,347,22.0
1242,399,10.0
1242,421,737.6
1242,424,10.0
1242,433,18.0
1242,435,17.0
1242,487,57.0
1242,493,20.0
1242,535,83.0
1242,552,4005.55
1242,648,10.0
1242,664,10831.45
1242,675,11.0
1242,681,10.0
1242,697,52.0
1242,732,1120.25
1242,825,15.0
1242,990,10.0
1242,1010,10.0
1242,1033,54.0
1242,1074,10.0
1242,1123,33.0
1242,1126,3.0
1242,1135,26.0
1242,1271,104.0
1242,1307,21.0
1242,1343,8860.05
1242,1344,10.0
1244,59,10872.6
1244,98,10.0
1244,177,34.0
1244,289,3310.7
1244,372,10.0
1244,423,3393.5
1244,442,10.0
1244,445,10.0
1244,627,10.0
1244,644,14.0
1244,650,382.0
1244,664,200.9
1244,720,11.0
1244,732,2213.7
1244,746,14.0
1244,813,2589.0
1244,828,68.0
1244,856,847.0
1244,885,21.0
1244,1010,12.0
1244,1017,16.0
1244,1048,204.0
1244,1055,1203.2
1244,1108,12.0
1244,1178,10.0
1244,1279,256.0
1244,1344,10.0
1245,59,10.0
1245,69,10.0
1245,84,17.0
1245,100,28.0
1245,130,10.0
1245,134,17.0
1245,168,432.9
1245,177,11.0
1245,202,27.0
1245,226,10.0
1245,318,34.5
1245,354,9.0
1245,362,10.0
1245,394,12.0
1245,403,12.0
1245,421,135.0
1245,432,10.0
1245,463,22.0
1245,576,589.0
1245,624,10.0
1245,644,10.0
1245,661,20.0
1245,706,6.0
1245,726,13.0
1245,822,23.0
1245,841,21.0
1245,876,10.0
1245,894,70.0
1245,955,5142.35
1245,971,10.0
1245,984,10.0
1245,1070,10.0
1245,1125,4832.3
1245,1184,15.0
1245,1189,12.0
1245,1204,10.0
1245,1214,28.0
1245,1217,3010.2
1245,1229,125.0
1245,1280,3711.05
1245,1307,6.0
1245,1338,10.0
1245,1360,10.0
1246,18,10.0
1246,25,30.0
1246,116,25.0
1246,120,10.0
1246,138,47.0
1246,165,10.0
1246,223,10.0
1246,256,10.0
1246,290,26.0
1246,296,15.0
1246,305,10.0
1246,354,10.0
1246,360,10.0
1246,386,10.0
1246,430,3619.7999999999997
1246,436,69.0
1246,457,15.0
1246,523,33.0
1246,562,84.0
1246,582,12.0
1246,608,10.0
1246,617,86.0
1246,628,10.0
1246,648,2998.5
1246,724,10.0
1246,765,29.0
1246,814,10.0
1246,822,88.0
1246,850,20.0
1246,990,10.0
1246,1031,14.0
1246,1122,10.0
1246,1128,10.0
1246,1141,7.0
1246,1148,10617.75
1246,1178,14.0
1246,1214,10.0
1246,1229,6.0
1246,1283,10.0
1246,1331,24.0
1247,135,22.0
1247,171,10.0
1247,284,10.0
1247,289,10.0
1247,357,4040.0
1247,362,20.0
1247,364,10.0
1247,732,6.0
1247,745,6.0
1247,828,3334.3
1247,981,10.0
1247,1050,14.0
1247,1068,45.0
1247,1135,10.0
1247,1187,54.0
1247,1220,1054.0
1247,1313,1043.0
1250,63,16.0
1250,100,10.0
1250,112,50.0
1250,120,16.0
1250,124,44.0
1250,126,10.0
1250,130,18.0
1250,142,32.8
1250,144,10.0
1250,173,12.0
1250,175,6.0
1250,177,19.0
1250,210,14.0
1250,291,10.0
1250,298,211.0
1250,330,11.0
1250,365,3.0
1250,394,22.0
1250,432,10.0
1250,433,10.0
1250,439,10.0
1250,451,12.0
1250,516,24.0
1250,536,10.0
1250,556,966.0
1250,562,114.0
1250,566,23.0
1250,573,63.0
1250,593,10.0
1250,609,10.0
1250,630,11.0
1250,644,11.0
1250,670,10.0
1250,686,204.0
1250,705,29.0
1250,720,8938.85
1250,765,110.0
1250,815,10.0
1250,851,100.0
1250,885,4105.35
1250,889,81.0
1250,971,35.0
1250,984,10.0
1250,1017,10.0
1250,1033,17.0
1250,1039,60.0
1250,1046,2503.9
1250,1125,10.0
1250,1217,10.0
1250,1229,10.0
1250,1232,12.0
1250,1317,5484.15
1250,1331,5335.1
1250,1346,32.0
1250,1357,151.0
1250,1363,10.0
1251,33,10.0
1251,77,10663.3
1251,291,78.0
1251,292,10213.45
1251,435,11.0
1251,451,53.0
1251,482,10.0
1251,487,10.0
1251,573,39.0
1251,609,10.0
1251,732,10.0
1251,763,10.0
1251,889,67.0
1251,1000,22.0
1251,1050,185.0
1251,1107,6594.75
1251,1192,23.0
1251,1198,10.0
1251,1300,4134.0
1251,1350,10.0
1252,4,5580.8
1252,7,30.5
1252,10,74.0
1252,34,10.0
1252,94,10.0
1252,97,10.0
1252,129,417.0
1252,136,8016.65
1252,211,10.0
1252,213,10.0
1252,252,10.0
1252,348,471.25
1252,400,10.0
1252,415,10.0
1252,428,9.0
1252,451,10.0
1252,471,10.0
1252,532,10.0
1252,541,10.0
1252,569,13.0
1252,577,8251.2
1252,602,10.0
1252,608,10.0
1252,637,595.0
1252,647,10.0
1252,669,14.0
1252,698,26.0
1252,721,36.0
1252,731,7514.35
1252,756,6.0
1252,758,37.0
1252,778,10.0
1252,784,10.0
1252,791,10.0
1252,799,10.0
1252,809,209.0
1252,827,20.0
1252,831,10.0
1252,847,98.0
1252,848,19.0
1252,873,13.0
1252,881,1542.55
1252,912,13.0
1252,925,69.0
1252,943,101.0
1252,958,10.0
1252,993,10.0
1252,1035,2569.05
1252,1096,608.0
1252,1098,10.0
1252,1118,9.0
1252,1180,656.0
1252,1215,79.0
1252,1254,27.0
1252,1304,663.0
1252,1312,711.0
1252,1318,631.0
1252,1341,401.0
1252,1358,656.0
1253,37,1398.0
1253,53,22.0
1253,98,10.0
1253,168,10.0
1253,197,10.0
1253,202,784.0
1253,206,10.0
1253,254,11.0
1253,270,10.0
1253,296,228.0
1253,317,73.0
1253,322,14.0
1253,324,521.0
1253,335,10.0
1253,433,3052.95
1253,458,158.0
1253,487,401.0
1253,493,64.0
1253,515,10.0
1253,553,36.65
1253,566,899.15
1253,589,19.0
1253,684,10.0
1253,702,57.0
1253,836,1240.0
1253,869,46.0
1253,934,10.0
1253,955,63.0
1253,956,81.0
1253,1010,173.0
1253,1033,21.0
1253,1038,89.0
1253,1122,10.0
1253,1123,10.0
1253,1126,152.0
1253,1172,3387.35
1253,1232,10305.85
1253,1233,38.0
1253,1307,10.0
1253,1327,10.0
1254,3,488.0
1254,45,19.0
1254,124,23.0
1254,136,32.0
1254,216,437.0
1254,236,13.0
1254,248,44.0
1254,256,10.0
1254,281,31.0
1254,302,10.0
1254,341,5772.05
1254,404,108.0
1254,433,10.0
1254,451,58.0
1254,470,10.0
1254,474,304.0
1254,502,10.0
1254,537,331.0
1254,544,14.0
1254,588,177.0
1254,614,43.0
1254,641,194.0
1254,656,221.0
1254,667,14.0
1254,698,32.0
1254,758,3351.75
1254,776,62.0
1254,785,24.6
1254,798,367.0
1254,812,4389.9
1254,824,18.0
1254,848,10.0
1254,863,65.0
1254,886,10.0
1254,889,35.0
1254,905,24.0
1254,918,5492.1
1254,925,26.0
1254,945,19.0
1254,964,297.0
1254,997,4330.95
1254,1006,10.0
1254,1011,10.0
1254,1027,10.0
1254,1064,3446.95
1254,1180,153.0
1254,1228,11.0
1254,1241,10.0
1254,1252,27.0
1254,1293,192.0
1254,1303,568.0
1254,1323,10.0
1254,1335,10.0
1254,1356,6.0
1255,26,11.0
1255,94,10.0
1255,178,10.0
1255,188,10.0
1255,272,5302.25
1255,325,10.0
1255,397,10.0
1255,466,10.0
1255,504,10.0
1255,712,3655.75
1255,770,10.0
1255,863,27.0
1255,924,492.0
1255,942,10.0
1255,943,10.0
1255,953,10.0
1255,1011,10.0
1255,1057,10.0
1255,1205,10.0
1255,1237,296.0
1255,1269,713.0
1255,1303,209.0
1255,1320,10.0
1255,1335,397.0
1256,34,23.0
1256,122,3669.3
1256,143,11162.3
1256,172,10.0
1256,260,10.0
1256,275,1638.55
1256,285,10.0
1256,329,24.0
1256,340,6273.85
1256,352,10.0
1256,379,9.0
1256,382,14.0
1256,385,10.0
1256,405,104.0
1256,452,2053.0
1256,532,21.0
1256,634,10.0
1256,699,11.0
1256,701,37.0
1256,756,61.0
1256,779,66.0
1256,824,10.0
1256,834,10.0
1256,884,10.0
1256,886,3128.55
1256,891,190.0
1256,913,11.0
1256,919,10.0
1256,925,10.0
1256,957,10.0
1256,959,5416.65
1256,961,140.0
1256,1006,10.0
1256,1011,10.0
1256,1021,1574.0
1256,1022,10.0
1256,1117,16.0
1256,1130,45.0
1256,1137,10.0
1256,1150,83.0
1256,1161,42.5
1256,1206,72.0
1256,1216,175.0
1256,1241,85.0
1256,1264,10.0
1256,1284,18.0
1256,1319,10.0
1257,4,10.0
1257,26,10.0
1257,31,33.0
1257,102,9874.55
1257,160,14.0
1257,184,592.0
1257,189,473.0
1257,196,3.0
1257,264,13.0
1257,306,510.45
1257,331,4.0
1257,443,9658.7
1257,469,19.0
1257,574,94.0
1257,607,30.0
1257,651,238.0
1257,725,36.0
1257,752,6.0
1257,826,10.0
1257,860,178.0
1257,865,3665.1499999999996
1257,948,14.0
1257,1083,10.0
1257,1208,18.0
1257,1277,1399.0
1257,1311,10.0
1257,1320,12.0
1258,7,653.0
1258,34,18.0
1258,61,12.0
1258,74,10.0
1258,185,554.0
1258,188,10.0
1258,213,10.0
1258,221,36.0
1258,264,48.0
1258,438,35.0
1258,567,26.0
1258,571,25.0
1258,579,11.0
1258,624,10.0
1258,674,10.0
1258,821,10.0
1258,838,561.0
1258,883,10.0
1258,890,600.0
1258,896,11.0
1258,945,138.0
1258,970,10.0
1258,973,11120.3
1258,1001,13.0
1258,1087,78.0
1258,1319,2600.45
1258,1326,39.0
1258,1352,79.0
1259,50,11041.3
1259,99,10.0
1259,104,26.5
1259,144,12.0
1259,239,25.0
1259,241,4585.75
1259,242,1690.0
1259,246,20.5
1259,278,229.0
1259,304,10.0
1259,391,995.0
1259,397,102.5
1259,496,22.0
1259,508,60.0
1259,542,10.0
1259,550,20.5
1259,563,16.0
1259,567,20.5
1259,579,1694.0
1259,594,358.75
1259,655,14.0
1259,679,11.0
1259,704,17.0
1259,725,20.5
1259,760,23.0
1259,817,30.0
1259,916,10.0
1259,930,20.5
1259,931,19.0
1259,935,19.0
1259,939,52.0
1259,949,24.0
1259,972,38.95
1259,989,9459.25
1259,993,29.0
1259,1019,10.0
1259,1088,10.0
1259,1089,67.65
1259,1091,10.0
1259,1159,10.0
1259,1166,20.5
1259,1169,10.0
1259,1193,32.0
1259,1194,76.0
1259,1226,44.0
1262,41,10.0
1262,58,10.0
1262,162,8.0
1262,178,79.0
1262,202,10.0
1262,285,10.0
1262,303,29.0
1262,306,33.0
1262,437,7609.95
1262,621,10.0
1262,680,62.0
1262,823,38.0
1262,903,6.0
1262,1015,9912.45
1262,1018,12.0
1262,1105,10.0
1262,1139,10.0
1262,1142,10.0
1262,1185,10.0
1262,1201,46.0
1262,1221,37.0
1262,1224,27.0
1263,60,534.0
1263,70,22.0
1263,228,37.0
1263,288,188.0
1263,324,19.0
1263,336,12.0
1263,353,400.0
1263,367,10949.3
1263,417,10.0
1263,436,26.0
1263,467,10.0
1263,485,10.0
1263,534,128.0
1263,574,10.0
1263,665,44.0
1263,676,6.0
1263,704,9500.4
1263,739,15.0
1263,908,52.4
1263,945,90.0
1263,972,20.5
1263,973,10.0
1263,1012,46.0
1263,1026,31.0
1263,1062,10.0
1263,1168,10.0
1263,1174,10.0
1263,1191,10.0
1263,1318,554.5
1264,3,13.0
1264,52,14.0
1264,108,14.0
1264,275,3.0
1264,408,20.0
1264,437,10.0
1264,452,7861.25
1264,497,10.0
1264,500,10.0
1264,526,8811.65
1264,659,105.0
1264,668,10.0
1264,758,10.0
1264,767,24.0
1264,771,10.0
1264,780,16.0
1264,800,10.0
1264,890,15.0
1264,913,241.0
1264,915,2177.15
1264,927,22.0
1264,944,10.0
1264,1011,252.0
1264,1021,7196.9
1264,1045,16.0
1264,1047,344.0
1264,1087,145.0
1264,1164,12.0
1264,1167,128.0
1264,1181,10.0
1264,1221,10.0
1264,1256,10.0
1264,1283,30.0
1264,1301,111.0
1264,1336,60.0
1265,27,3351.9500000000003
1265,30,10.0
1265,32,12.0
1265,38,12.0
1265,41,71.0
1265,75,7037.05
1265,99,12.0
1265,103,10.0
1265,122,192.0
1265,154,37.0
1265,209,10.0
1265,237,10.0
1265,249,10.0
1265,271,15.0
1265,274,52.0
1265,288,10.0
1265,291,107.0
1265,294,12.0
1265,334,10.0
1265,336,19.0
1265,367,24.0
1265,406,6.0
1265,482,62.0
1265,485,10.0
1265,540,18.0
1265,541,21.0
1265,659,20.0
1265,699,3152.5
1265,735,10.0
1265,738,76.0
1265,796,9219.5
1265,833,11.0
1265,848,10.0
1265,852,190.0
1265,867,95.0
1265,872,9641.65
1265,882,11.0
1265,896,1226.0
1265,898,26.0
1265,903,197.0
1265,905,16.0
1265,921,36.0
1265,949,113.0
1265,969,226.0
1265,979,15.0
1265,1013,148.0
1265,1054,5.0
1265,1120,83.0
1265,1121,113.0
1265,1124,47.0
1265,1129,33.0
1265,1194,10.0
1265,1224,31.0
1265,1225,101.0
1265,1266,11.0
1265,1284,17.0
1265,1285,10.0
1265,1299,10.0
1265,1328,2158.0
1266,61,11.0
1266,221,20.0
1266,285,12.0
1266,329,10.0
1266,369,3.0
1266,434,48.0
1266,461,9818.8
1266,485,10.0
1266,503,60.0
1266,507,10.0
1266,529,10.0
1266,575,2128.0
1266,577,99.0
1266,583,10.0
1266,606,10.0
1266,641,959.0
1266,662,10.0
1266,799,171.0
1266,810,57.0
1266,833,10.0
1266,923,10.0
1266,924,37.0
1266,950,5486.6
1266,982,10.0
1266,1001,20.0
1266,1004,36.0
1266,1042,14.0
1266,1083,10.0
1266,1087,4.0
1266,1222,41.0
1266,1224,10.0
1266,1265,11.0
1266,1285,10.0
1266,1315,2276.0
1266,1335,3856.4
1266,1359,32.0
1269,176,10.0
1269,184,15.0
1269,186,51.0
1269,272,11.0
1269,375,206.0
1269,408,13.0
1269,461,141.0
1269,476,10.0
1269,638,10.0
1269,694,68.0
1269,712,11089.3
1269,749,10.0
1269,845,16.0
1269,927,7979.35
1269,941,48.0
1269,950,846.0
1269,982,7206.9
1269,1112,97.0
1269,1117,27.0
1269,1216,10.0
1269,1234,59.0
1269,1236,6.0
1269,1255,713.0
1269,1285,282.0
1269,1303,26.65
1269,1335,26.0
1270,19,218.0
1270,20,87.0
1270,23,10.0
1270,29,10.0
1270,41,180.0
1270,94,10.0
1270,132,23.0
1270,151,193.0
1270,209,10.0
1270,215,10.0
1270,246,17.0
1270,278,94.0
1270,304,12.0
1270,328,17.0
1270,333,28.0
1270,341,10.0
1270,397,2074.45
1270,406,213.0
1270,407,19.0
1270,484,15.0
1270,510,19.0
1270,512,12.0
1270,550,6.0
1270,559,89.0
1270,569,10.0
1270,571,49.0
1270,574,45.0
1270,591,10.0
1270,620,6.0
1270,654,10821.95
1270,672,14.0
1270,676,4007.0
1270,725,34.0
1270,749,46.0
1270,793,3250.05
1270,819,36.0
1270,845,59.0
1270,859,22.0
1270,897,100.0
1270,926,1688.0
1270,942,10.0
1270,953,41.0
1270,954,10.0
1270,1058,119.0
1270,1077,15.0
1270,1083,8.0
1270,1106,45.0
1270,1113,176.0
1270,1140,39.0
1270,1144,14.0
1270,1161,10.0
1270,1166,13.0
1270,1169,10.0
1270,1221,5236.1
1270,1281,87.0
1270,1305,131.0
1271,83,10.0
1271,152,10.0
1271,156,26.5
1271,175,11.0
1271,206,12.0
1271,244,2753.6
1271,324,10.0
1271,351,10.0
1271,372,24.0
1271,515,29.0
1271,536,81.0
1271,576,10.0
1271,578,33.0
1271,664,108.0
1271,681,15.0
1271,719,10.0
1271,724,10.0
1271,785,10.0
1271,802,20.5
1271,1030,10.0
1271,1033,27.0
1271,1102,10.0
1271,1107,10.0
1271,1125,10.0
1271,1188,10.0
1271,1238,80.0
1271,1242,104.0
1271,1310,10.0
1271,1350,8804.95
1272,26,10.0
1272,212,10.0
1272,224,10699.75
1272,274,10.0
1272,325,434.0
1272,485,10.0
1272,498,18.0
1272,577,10.0
1272,663,47.0
1272,767,10.0
1272,785,63.0
1272,817,76.0
1272,958,226.0
1272,989,10.0
1272,997,6.0
1272,1008,5.0
1272,1042,10.0
1272,1053,4.0
1272,1124,10.0
1272,1130,10.0
1272,1136,13.0
1272,1159,72.0
1272,1205,18.0
1272,1206,10.0
1273,7,105.0
1273,27,30.0
1273,45,11.0
1273,87,10.0
1273,94,11.0
1273,119,743.0
1273,121,42.0
1273,144,16.0
1273,184,13.0
1273,215,10.0
1273,229,89.95
1273,251,255.0
1273,281,21.0
1273,285,23.0
1273,306,15.0
1273,312,10816.9
1273,315,43.0
1273,428,13.0
1273,438,24.6
1273,513,1252.0
1273,632,10.0
1273,694,92.0
1273,773,6.0
1273,803,70.0
1273,861,23.0
1273,891,10.0
1273,898,25.0
1273,969,10.0
1273,997,64.0
1273,1018,401.0
1273,1052,3.0
1273,1065,781.0
1273,1109,163.0
1273,1155,10.0
1273,1161,37.0
1274,9,69.0
1274,46,22.0
1274,52,13.0
1274,78,6485.95
1274,107,34.0
1274,122,24.0
1274,186,52.0
1274,212,30.0
1274,268,10.0
1274,425,102.0
1274,483,24.0
1274,513,10.0
1274,521,11.0
1274,524,10.0
1274,529,59.0
1274,531,11.0
1274,554,12.0
1274,575,16.0
1274,605,89.0
1274,616,10.0
1274,666,36.0
1274,690,20.0
1274,728,58.5
1274,800,28.0
1274,867,22.0
1274,884,12.0
1274,939,128.0
1274,977,73.3
1274,978,154.0
1274,986,7581.75
1274,998,26.0
1274,1028,34.0
1274,1049,5822.05
1274,1109,51.0
1274,1167,10.0
1274,1179,10.0
1274,1181,8652.0
1274,1225,10.0
1274,1237,9640.3
1274,1290,26.5
1274,1299,10.0
1275,31,10.0
1275,65,10.0
1275,81,10.0
1275,95,10.0
1275,114,92.0
1275,115,33.0
1275,119,7.0
1275,179,877.0
1275,199,10.0
1275,241,10.0
1275,243,12.0
1275,257,25.0
1275,291,35.0
1275,316,10.0
1275,539,10.0
1275,603,10548.85
1275,653,195.0
1275,657,10.0
1275,672,41.0
1275,679,20.5
1275,731,10.0
1275,738,10.0
1275,761,10.0
1275,763,10.0
1275,842,10.0
1275,860,10.0
1275,943,26.0
1275,1036,12.0
1275,1052,10.0
1275,1088,10.0
1275,1131,10.0
1275,1212,10.0
1275,1286,333.0
1276,66,4611.3
1276,206,3069.8
1276,317,6786.049999999999
1276,442,10.0
1276,463,23.0
1276,578,2664.1
1276,601,48.0
1276,628,45.0
1276,674,10.0
1276,702,10.0
1276,996,11.0
1276,1165,10.0
1276,1177,10.0
1276,1310,10.0
1276,1343,25.0
1277,78,158.0
1277,81,10.0
1277,83,11.0
1277,160,16.0
1277,207,187.0
1277,227,10.0
1277,295,21.0
1277,302,10.0
1277,311,14.0
1277,320,10.0
1277,365,82.0
1277,412,205.0
1277,419,10.0
1277,512,9288.65
1277,524,10.0
1277,540,10.0
1277,569,14.0
1277,577,33.0
1277,635,79.0
1277,646,148.0
1277,657,10.0
1277,782,37.0
1277,784,10.0
1277,790,83.0
1277,806,29.0
1277,863,2703.45
1277,886,10.0
1277,952,10.0
1277,959,10.0
1277,961,25.0
1277,977,163.0
1277,1065,6024.5
1277,1087,10.0
1277,1089,179.0
1277,1131,17.0
1277,1150,3665.75
1277,1169,149.0
1277,1257,1399.0
1277,1349,10.0
1277,1359,2921.1
1278,89,5659.85
1278,126,3852.8999999999996
1278,128,52.0
1278,137,10.0
1278,153,80.0
1278,166,10.0
1278,244,10.0
1278,393,18.0
1278,436,68.0
1278,439,26.0
1278,442,10.0
1278,445,13.0
1278,470,100.0
1278,516,10.0
1278,589,10.0
1278,614,7299.4
1278,615,63.0
1278,629,10.0
1278,747,92.0
1278,768,11.0
1278,769,10.0
1278,805,19.0
1278,814,14.0
1278,823,10.0
1278,835,10.0
1278,862,10.0
1278,894,10.0
1278,996,10.0
1278,1017,1079.0
1278,1085,7726.3
1278,1188,38.0
1278,1296,54.0
1278,1327,10.0
1278,1332,10.0
1279,59,257.0
1279,134,10.0
1279,135,14.0
1279,414,36.5
1279,430,14.0
1279,457,20.0
1279,580,10.0
1279,609,10.0
1279,639,10.0
1279,650,9111.75
1279,724,382.0
1279,788,1473.6
1279,822,626.5
1279,880,10.0
1279,967,14.0
1279,1048,16.0
1279,1119,1296.2
1279,1192,2454.0
1279,1231,11.0
1279,1244,256.0
1279,1248,9.0
1280,168,8892.95
1280,226,10.0
1280,289,189.0
1280,318,2348.9
1280,379,10.0
1280,423,100.0
1280,627,9285.95
1280,630,4.0
1280,801,12.0
1280,949,10.0
1280,1055,81.0
1280,1178,10.0
1280,1245,3711.05
1280,1324,11.0
1280,1355,32.0
1281,17,70.0
1281,20,10.0
1281,74,14.0
1281,121,10.0
1281,129,3.0
1281,154,14.0
1281,209,56.0
1281,215,10.0
1281,285,33.0
1281,302,21.0
1281,334,11.0
1281,337,13.0
1281,363,3779.25
1281,375,32.0
1281,380,10.0
1281,387,10.0
1281,395,90.0
1281,402,32.0
1281,406,10.0
1281,452,10.0
1281,534,10.0
1281,583,58.0
1281,622,52.0
1281,634,1577.8
1281,645,68.0
1281,654,11.0
1281,659,23.0
1281,679,12.0
1281,744,106.0
1281,795,24.0
1281,808,38.0
1281,842,10.0
1281,851,20.0
1281,861,28.0
1281,863,10.0
1281,891,63.0
1281,896,37.0
1281,897,29.0
1281,905,93.0
1281,906,65.0
1281,907,10.0
1281,923,25.0
1281,926,61.0
1281,1026,22.0
1281,1032,414.0
1281,1113,10.0
1281,1140,11019.1
1281,1270,87.0
1281,1301,62.0
1281,1302,6.0
1281,1303,10.0
1281,1336,12.0
1281,1342,10.0
1282,54,9.0
1282,134,10.0
1282,144,6.0
1282,156,4298.65
1282,187,10.0
1282,205,4083.95
1282,366,10.0
1282,372,75.0
1282,410,10.0
1282,427,17.0
1282,453,975.0
1282,639,38.0
1282,674,10.0
1282,686,14.0
1282,691,10174.35
1282,893,63.0
1282,894,1022.5
1282,951,23.0
1282,1055,18.0
1282,1093,32.0
1282,1148,10.0
1282,1187,30.0
1282,1188,31.0
1282,1228,735.0
1282,1288,10.0
1282,1327,1277.0
1283,54,10.0
1283,98,56.0
1283,202,10.0
1283,223,314.0
1283,294,10.0
1283,356,10.0
1283,360,10.0
1283,393,18.0
1283,420,10.0
1283,427,10.0
1283,432,26.0
1283,453,4316.15
1283,488,51.0
1283,492,10.0
1283,520,6752.7
1283,600,10.0
1283,615,10.0
1283,629,11.0
1283,659,33.0
1283,678,26.5
1283,685,10.0
1283,691,1432.6
1283,700,6.0
1283,724,679.0
1283,740,6002.9
1283,780,111.0
1283,822,81.0
1283,850,43.0
1283,913,31.0
1283,985,10.0
1283,1012,8343.15
1283,1047,24.0
1283,1054,10.0
1283,1069,16.0
1283,1090,10.0
1283,1184,10.0
1283,1192,756.0
1283,1223,10.0
1283,1246,10.0
1283,1264,30.0
1283,1301,36.0
1283,1327,10.0
1283,1336,119.0
1283,1344,356.0
1283,1356,25.0
1284,19,21.0
1284,125,10.0
1284,143,24.0
1284,154,71.0
1284,172,10.0
1284,219,27.0
1284,221,28.0
1284,259,10.0
1284,285,10.0
1284,296,12.0
1284,323,10.0
1284,348,15.0
1284,450,5694.900000000001
1284,460,82.0
1284,466,7397.7
1284,623,30.0
1284,634,11162.3
1284,659,880.0
1284,714,42.0
1284,836,21.0
1284,851,10.0
1284,891,14.0
1284,893,10.0
1284,905,6822.05
1284,916,17.0
1284,939,421.0
1284,949,671.0
1284,961,16.0
1284,1011,10.0
1284,1027,16.0
1284,1035,10.0
1284,1062,9023.2
1284,1140,10.0
1284,1186,10.0
1284,1234,68.0
1284,1241,15.0
1284,1256,18.0
1284,1265,17.0
1284,1336,10.0
1285,176,67.0
1285,184,47.0
1285,187,40.0
1285,239,216.0
1285,257,18.0
1285,315,10.0
1285,319,10.0
1285,375,2158.25
1285,382,153.0
1285,398,10.0
1285,405,55.0
1285,434,93.0
1285,469,10.0
1285,525,10.0
1285,534,184.0
1285,538,26.5
1285,542,300.0
1285,712,164.0
1285,808,32.5
1285,812,10.0
1285,827,10.0
1285,842,79.0
1285,882,10.0
1285,889,20.0
1285,905,10.0
1285,914,13.0
1285,941,10.0
1285,954,10.0
1285,982,108.0
1285,999,25.0
1285,1001,681.0
1285,1022,10.0
1285,1023,17.0
1285,1035,10.0
1285,1061,10.0
1285,1087,3199.0
1285,1096,10.0
1285,1102,10.0
1285,1117,21.0
1285,1143,820.0
1285,1180,3.0
1285,1181,10.0
1285,1188,10.0
1285,1265,10.0
1285,1266,10.0
1285,1269,282.0
1285,1293,13.0
1285,1308,3.0
1285,1335,372.0
1286,17,5932.950000000001
1286,76,2617.55
1286,102,15.0
1286,136,64.0
1286,219,65.0
1286,370,11.0
1286,382,17.0
1286,397,10.0
1286,426,28.0
1286,451,10.0
1286,460,273.0
1286,603,312.0
1286,622,18.0
1286,645,17.0
1286,653,5.0
1286,659,10.0
1286,713,10.0
1286,757,335.0
1286,773,123.0
1286,824,2473.0
1286,851,34.0
1286,860,11.0
1286,898,4074.6
1286,914,19.0
1286,923,6.0
1286,941,12.0
1286,961,10.0
1286,997,56.0
1286,998,12.0
1286,1004,5527.6
1286,1006,404.0
1286,1011,10.0
1286,1094,49.0
1286,1206,10.0
1286,1234,10.0
1286,1275,333.0
1286,1312,22.0
1286,1356,19.0
1287,10,728.0
1287,12,10.0
1287,23,10.0
1287,41,10.0
1287,58,72.0
1287,70,10.0
1287,99,37.0
1287,154,73.0
1287,178,11.0
1287,202,236.0
1287,216,10.0
1287,219,10.0
1287,242,41.0
1287,251,182.0
1287,291,10.0
1287,305,331.0
1287,306,188.0
1287,311,6.0
1287,319,14.0
1287,321,10.0
1287,336,11.0
1287,337,4.0
1287,374,31.0
1287,395,336.0
1287,402,10.0
1287,459,10.0
1287,505,150.0
1287,508,44.0
1287,517,77.0
1287,587,10.0
1287,620,7.0
1287,680,199.0
1287,744,10.0
1287,750,15.0
1287,791,10.0
1287,793,5079.45
1287,823,220.0
1287,861,20.0
1287,907,320.0
1287,970,17.0
1287,976,10.0
1287,1015,10.0
1287,1018,150.0
1287,1036,45.0
1287,1091,48.0
1287,1098,10.0
1287,1142,13.0
1287,1193,6943.7
1287,1194,94.7
1287,1210,10.0
1287,1211,2679.0
1287,1215,13.0
1287,1221,6870.25
1287,1224,17.0
1288,22,29.0
1288,57,26.5
1288,88,20.5
1288,133,10.0
1288,173,10.0
1288,175,14.0
1288,210,61.0
1288,244,10.0
1288,322,10.0
1288,372,8978.0
1288,421,20.0
1288,435,12.0
1288,436,10.0
1288,457,27.0
1288,492,12.0
1288,494,10.0
1288,519,10.0
1288,589,10.0
1288,596,4347.0
1288,599,10.0
1288,600,10.0
1288,627,23.0
1288,628,36.0
1288,639,10.0
1288,687,10.0
1288,723,21.0
1288,769,10.0
1288,822,297.0
1288,854,10.0
1288,972,10.0
1288,983,10.0
1288,995,11.0
1288,1029,10.0
1288,1039,10.0
1288,1090,6.0
1288,1101,279.0
1288,1108,10.0
1288,1123,10.0
1288,1158,10.0
1288,1165,25.0
1288,1187,320.0
1288,1204,10.0
1288,1282,10.0
1288,1296,10.0
1288,1310,7880.85
1288,1345,20.5
1288,1346,11022.3
1288,1355,10.0
1289,17,15.0
1289,132,13.0
1289,160,511.0
1289,190,125.0
1289,219,10.0
1289,220,3292.45
1289,272,32.0
1289,307,84.0
1289,366,10.0
1289,438,501.0
1289,455,13.0
1289,482,10.0
1289,484,125.0
1289,497,24.0
1289,502,10.0
1289,513,10.0
1289,557,83.0
1289,583,10.0
1289,588,59.0
1289,598,59.0
1289,607,10.0
1289,653,2852.4
1289,679,11.0
1289,698,2183.25
1289,714,10.0
1289,739,91.0
1289,792,3057.65
1289,803,6237.1
1289,809,22.0
1289,817,528.0
1289,819,186.0
1289,860,2658.95
1289,897,13.0
1289,912,355.0
1289,925,3125.05
1289,933,3117.2
1289,961,60.0
1289,965,10.0
1289,972,11.0
1289,1022,10.0
1289,1043,11.0
1289,1083,45.0
1289,1084,10.0
1289,1105,1086.0
1289,1127,10.0
1289,1153,9.0
1289,1159,16.0
1289,1207,11.0
1289,1215,10.0
1289,1221,58.0
1289,1240,1246.0
1289,1305,10.0
1289,1342,2533.1
1289,1356,17.0
1289,1358,54.0
1290,7,10.0
1290,20,10.0
1290,40,16.0
1290,46,34.0
1290,49,125.0
1290,52,10.0
1290,97,13.0
1290,143,26.0
1290,190,210.0
1290,213,59.0
1290,236,30.0
1290,241,4.0
1290,254,10.0
1290,306,10.0
1290,338,10.0
1290,340,151.0
1290,348,10.0
1290,365,21.0
1290,368,23.0
1290,380,10.0
1290,381,10.0
1290,385,13.0
1290,413,6.0
1290,464,10.0
1290,466,10.0
1290,469,14.0
1290,499,10.0
1290,531,10.0
1290,606,20.0
1290,616,4155.45
1290,620,105.0
1290,699,242.0
1290,710,10.0
1290,731,29.0
1290,733,13.0
1290,744,71.0
1290,804,8425.1
1290,806,18.0
1290,827,17.0
1290,851,13.0
1290,859,10.0
1290,867,12.0
1290,877,10.0
1290,881,10.0
1290,921,10.0
1290,949,10.0
1290,957,6.0
1290,958,10.0
1290,963,50.0
1290,973,6.0
1290,977,18.0
1290,986,9879.65
1290,1015,10.0
1290,1045,14.0
1290,1049,10529.7
1290,1062,10.0
1290,1072,274.0
1290,1080,10.0
1290,1130,27.0
1290,1137,27.0
1290,1139,19.0
1290,1154,2698.55
1290,1159,5258.7
1290,1167,10.0
1290,1225,106.0
1290,1234,51.0
1290,1237,22.0
1290,1241,102.0
1290,1274,26.5
1290,1301,22.0
1290,1319,9.0
1290,1349,10.0
1291,10,10.0
1291,11,10.0
1291,70,62.0
1291,81,27.0
1291,103,10.0
1291,119,11.0
1291,151,10.0
1291,154,23.0
1291,157,15.0
1291,164,9150.4
1291,216,10.0
1291,219,15.0
1291,249,10.0
1291,265,10.0
1291,294,12.0
1291,303,27.0
1291,311,66.0
1291,321,10.0
1291,334,96.0
1291,371,10.0
1291,395,10.0
1291,402,64.0
1291,419,291.0
1291,498,40.0
1291,513,10.0
1291,514,12.0
1291,539,10.0
1291,559,14.0
1291,574,36.0
1291,579,10.0
1291,584,178.0
1291,594,108.0
1291,606,134.0
1291,610,10.0
1291,643,54.0
1291,651,9453.3
1291,655,86.0
1291,735,28.0
1291,784,79.0
1291,817,18.0
1291,826,10.0
1291,861,23.0
1291,877,10.0
1291,883,134.0
1291,908,940.95
1291,917,19.0
1291,931,9600.95
1291,952,14.0
1291,954,27.0
1291,961,44.0
1291,972,13.0
1291,1007,13.0
1291,1012,10.0
1291,1018,10.0
1291,1034,10.0
1291,1080,32.0
1291,1088,10.0
1291,1089,25.0
1291,1105,31.0
1291,1112,14.0
1291,1131,12.0
1291,1144,10.0
1291,1191,12.0
1291,1193,47.0
1291,1194,10.0
1291,1201,41.0
1291,1224,157.0
1291,1352,32.0
1292,51,10.0
1292,80,8207.4
1292,87,7861.7
1292,103,37.0
1292,190,70.0
1292,231,21.0
1292,382,10.0
1292,387,12.0
1292,405,10.0
1292,433,59.0
1292,529,47.0
1292,538,10.0
1292,587,25.0
1292,594,16.0
1292,602,9.0
1292,715,36.5
1292,735,4361.4
1292,782,26.0
1292,785,34.0
1292,798,34.85
1292,799,154.0
1292,863,10.0
1292,867,10.0
1292,965,10930.3
1292,978,18.0
1292,980,10.0
1292,989,9.0
1292,1057,10.0
1292,1087,39.0
1292,1181,10.0
1292,1196,15.0
1292,1215,1132.9
1293,61,779.0
1293,207,82.0
1293,256,10.0
1293,309,10.0
1293,314,10.0
1293,328,676.0
1293,333,26.0
1293,373,409.0
1293,379,14.0
1293,433,60.0
1293,485,10.0
1293,537,99.0
1293,555,383.0
1293,558,10.0
1293,563,158.0
1293,566,76.0
1293,637,1260.4
1293,669,534.1
1293,728,12.0
1293,735,8.0
1293,737,242.0
1293,806,6.0
1293,808,2496.3
1293,819,20.5
1293,851,14.0
1293,860,10.0
1293,861,83.0
1293,873,26.0
1293,907,10.0
1293,912,10.0
1293,913,15.0
1293,942,10.0
1293,945,125.0
1293,947,10.0
1293,972,10.0
1293,993,10.0
1293,1001,292.75
1293,1006,19.0
1293,1022,38.0
1293,1117,10.0
1293,1127,10.0
1293,1160,10.0
1293,1180,11005.65
1293,1181,15.0
1293,1221,41.0
1293,1231,10.0
1293,1241,33.0
1293,1254,192.0
1293,1285,13.0
1293,1295,126.0
1293,1312,30.0
1293,1316,21.0
1293,1318,116.0
1293,1336,46.0
1293,1356,107.0
1293,1358,216.0
1293,1359,596.0
1294,23,9.0
1294,44,22.0
1294,60,10.0
1294,88,10.0
1294,175,10.0
1294,197,223.0
1294,198,174.0
1294,215,10.0
1294,240,181.0
1294,291,10.0
1294,297,3.0
1294,367,3.0
1294,395,25.0
1294,407,10.0
1294,431,65.0
1294,452,20.0
1294,484,64.0
1294,496,10.0
1294,573,120.0
1294,591,24.0
1294,607,52.0
1294,610,10.0
1294,690,10.0
1294,701,10.0
1294,760,549.0
1294,791,832.0
1294,818,219.0
1294,903,22.0
1294,910,11.0
1294,912,11.0
1294,914,10.0
1294,988,10.0
1294,1021,149.0
1294,1098,39.0
1294,1118,113.0
1294,1124,38.0
1294,1169,73.0
1294,1174,11162.3
1294,1185,16.0
1294,1190,11.0
1294,1201,11.0
1294,1311,10.0
1294,1351,10.0
1295,232,30.0
1295,324,16.0
1295,328,10692.3
1295,499,10.0
1295,567,10.0
1295,604,109.0
1295,727,15.0
1295,736,10.0
1295,751,31.0
1295,812,46.0
1295,845,10.0
1295,933,10.0
1295,954,12.0
1295,972,17.0
1295,991,21.0
1295,1064,18.0
1295,1119,13.0
1295,1201,10.0
1295,1293,126.0
1295,1316,96.0
1295,1351,9967.35
1295,1358,1593.0
1296,133,20.0
1296,158,10.0
1296,205,21.0
1296,223,17.0
1296,238,43.0
1296,290,10.0
1296,298,10.0
1296,347,54.0
1296,417,1594.0
1296,436,10429.0
1296,448,10.0
1296,677,10.0
1296,724,325.1
1296,814,2117.0
1296,825,84.0
1296,829,10.0
1296,855,12.0
1296,934,10.0
1296,974,11.0
1296,975,17.0
1296,985,10.0
1296,990,13.0
1296,1030,10.0
1296,1068,10.0
1296,1081,11.0
1296,1108,3.0
1296,1165,14.0
1296,1184,40.0
1296,1202,16.0
1296,1248,10.0
1296,1278,54.0
1296,1288,10.0
1296,1310,10.0
1296,1338,166.0
1298,34,101.0
1298,73,15.0
1298,75,10.0
1298,87,11.0
1298,113,10.0
1298,207,175.0
1298,234,121.05
1298,267,34.0
1298,340,10.0
1298,469,10.0
1298,508,6.15
1298,532,25.0
1298,669,84.0
1298,775,1517.0
1298,778,82.0
1298,881,10.0
1298,895,10640.35
1298,953,10.0
1298,1305,10.0
1298,1319,4599.05
1298,1359,262.0
1299,1,105.0
1299,52,80.0
1299,78,20.0
1299,101,251.0
1299,107,28.0
1299,195,107.0
1299,222,18.0
1299,250,30.0
1299,275,54.0
1299,338,333.0
1299,340,130.0
1299,406,8134.85
1299,482,17.0
1299,483,10.0
1299,572,12.0
1299,605,41.0
1299,631,99.0
1299,647,25.0
1299,668,10.0
1299,782,10.0
1299,852,385.0
1299,865,10.0
1299,869,14.0
1299,884,26.0
1299,942,10.0
1299,959,18.0
1299,969,7261.15
1299,976,36.0
1299,977,10.0
1299,1009,10.0
1299,1013,3061.55
1299,1045,7820.15
1299,1053,56.0
1299,1058,5445.85
1299,1082,28.0
1299,1124,65.0
1299,1216,10.0
1299,1265,10.0
1299,1274,10.0
1300,33,3316.0
1300,54,4114.8
1300,77,9694.35
1300,175,10.0
1300,205,400.5
1300,292,2644.0
1300,413,10.0
1300,427,8055.7
1300,511,43.0
1300,523,18.0
1300,579,10.0
1300,689,16.0
1300,700,10.0
1300,822,10.0
1300,894,2525.45
1300,992,10.0
1300,1000,10.0
1300,1107,34.0
1300,1122,10.0
1300,1251,4134.0
1301,12,112.0
1301,49,6641.55
1301,56,15.0
1301,110,10.0
1301,285,71.0
1301,362,13.0
1301,450,29.0
1301,488,100.0
1301,568,6451.8
1301,605,10.0
1301,606,11.0
1301,638,22.0
1301,645,49.0
1301,659,9584.35
1301,780,136.0
1301,851,18.0
1301,861,33.0
1301,873,22.0
1301,913,67.0
1301,940,17.0
1301,978,10.0
1301,985,10.0
1301,1009,9.0
1301,1045,10.0
1301,1047,152.0
1301,1054,39.0
1301,1129,2048.0
1301,1139,10.0
1301,1140,31.0
1301,1168,29.0
1301,1180,10.0
1301,1236,8.0
1301,1264,111.0
1301,1281,62.0
1301,1283,36.0
1301,1290,22.0
1301,1312,12.0
1301,1336,9451.15
1301,1356,19.0
1302,13,10.0
1302,17,19.0
1302,20,70.0
1302,29,38.0
1302,38,10.0
1302,129,316.0
1302,204,12.0
1302,209,50.0
1302,220,53.0
1302,272,38.0
1302,404,24.0
1302,500,268.0
1302,605,2917.0
1302,638,2153.85
1302,654,77.0
1302,756,17.0
1302,785,14.0
1302,830,10354.3
1302,871,19.0
1302,886,10.0
1302,940,36.0
1302,941,3.0
1302,1022,19.0
1302,1032,265.0
1302,1047,112.0
1302,1127,33.0
1302,1130,6493.5
1302,1156,26.0
1302,1161,48.0
1302,1179,148.0
1302,1180,10.0
1302,1197,10.0
1302,1205,22.0
1302,1234,11.0
1302,1236,10.0
1302,1281,6.0
1302,1305,35.0
1302,1316,13.0
1302,1352,1682.15
1303,87,12.0
1303,94,10.0
1303,176,10.0
1303,204,11.0
1303,207,17.0
1303,213,26.0
1303,272,3665.15
1303,299,203.0
1303,341,12.0
1303,365,10.0
1303,381,90.0
1303,385,21.0
1303,398,8502.35
1303,404,129.0
1303,408,581.0
1303,409,10.0
1303,469,10.0
1303,499,25.0
1303,525,32.0
1303,540,26.0
1303,583,46.0
1303,618,12.0
1303,635,40.0
1303,645,27.0
1303,714,10.0
1303,715,113.0
1303,749,13.0
1303,776,31.0
1303,785,14.0
1303,795,19.0
1303,821,8701.3
1303,863,12.0
1303,867,10.0
1303,873,10.0
1303,891,66.0
1303,927,596.0
1303,982,10.0
1303,998,10.0
1303,1047,20.5
1303,1053,433.0
1303,1061,11.0
1303,1077,112.0
1303,1111,27.0
1303,1112,608.0
1303,1115,29.0
1303,1156,17.0
1303,1216,598.0
1303,1234,21.0
1303,1254,568.0
1303,1255,209.0
1303,1269,26.65
1303,1281,10.0
1303,1304,4776.15
1304,29,10.0
1304,34,12.0
1304,123,10.0
1304,189,23.0
1304,201,10.0
1304,225,10.0
1304,272,4418.5
1304,314,139.0
1304,323,10.0
1304,332,10.0
1304,370,10.0
1304,398,9550.85
1304,400,155.0
1304,426,14.0
1304,450,10.0
1304,471,10.0
1304,528,10.0
1304,669,10.0
1304,776,24.0
1304,809,1378.0
1304,865,10.0
1304,978,10.0
1304,1155,10.0
1304,1199,10.0
1304,1210,10.0
1304,1252,663.0
1304,1303,4776.15
1304,1323,10.0
1305,20,32.0
1305,41,57.0
1305,139,10.0
1305,151,74.0
1305,209,64.0
1305,212,4917.7
1305,215,280.0
1305,225,14.0
1305,246,55.0
1305,315,31.0
1305,459,19.0
1305,484,10.0
1305,559,77.0
1305,574,10.0
1305,620,361.0
1305,621,175.0
1305,622,13.0
1305,636,3.0
1305,654,60.0
1305,725,11.0
1305,727,14.0
1305,744,46.0
1305,751,22.0
1305,770,67.0
1305,819,19.0
1305,830,28.0
1305,845,27.0
1305,859,53.0
1305,886,10.0
1305,903,10.0
1305,906,36.0
1305,926,68.0
1305,960,559.0
1305,993,10.0
1305,1015,21.0
1305,1018,2147.25
1305,1089,44.0
1305,1113,39.0
1305,1127,10.0
1305,1144,10.0
1305,1166,24.0
1305,1169,51.0
1305,1210,10.0
1305,1221,118.0
1305,1224,4626.5
1305,1270,131.0
1305,1289,10.0
1305,1298,10.0
1305,1302,35.0
1307,15,10.0
1307,95,72.0
1307,98,16.0
1307,135,10.0
1307,153,10.0
1307,166,2258.0
1307,238,17.0
1307,244,259.0
1307,254,68.0
1307,284,451.0
1307,293,59.0
1307,318,5018.4
1307,324,26.0
1307,335,97.0
1307,356,10.0
1307,394,18.0
1307,403,273.0
1307,420,95.0
1307,433,10.0
1307,442,41.0
1307,446,10.0
1307,487,25.0
1307,516,10.0
1307,535,10.0
1307,573,24.0
1307,661,10.0
1307,670,150.0
1307,702,40.0
1307,723,171.0
1307,763,10.0
1307,801,36.0
1307,805,3.0
1307,835,10.0
1307,858,17.0
1307,1033,316.0
1307,1067,15.0
1307,1102,12.0
1307,1188,12.0
1307,1212,87.0
1307,1217,5858.2
1307,1220,10.0
1307,1223,10.0
1307,1228,34.0
1307,1242,21.0
1307,1245,6.0
1307,1253,10.0
1307,1313,47.0
1307,1314,118.0
1307,1321,10.0
1307,1348,56.0
1307,1355,111.0
1307,1360,2684.0
1309,109,369.0
1309,195,207.0
1309,204,2656.3
1309,248,11.0
1309,275,16.0
1309,302,43.0
1309,365,12.0
1309,382,13.0
1309,444,79.0
1309,450,6.15
1309,455,26.0
1309,465,18.0
1309,466,71.0
1309,486,14.0
1309,498,13.0
1309,512,29.0
1309,513,12.0
1309,583,24.0
1309,602,29.0
1309,606,17.0
1309,621,10.0
1309,631,190.0
1309,659,20.5
1309,749,6636.45
1309,756,3550.7
1309,804,35.0
1309,867,10.0
1309,869,10.0
1309,884,437.0
1309,893,14.0
1309,902,10.0
1309,905,31.0
1309,921,1682.8
1309,951,9336.3
1309,957,20.5
1309,964,74.0
1309,997,20.0
1309,1004,468.0
1309,1032,15.0
1309,1047,10.0
1309,1080,7.0
1309,1156,136.0
1309,1161,25.0
1309,1168,8897.0
1309,1234,3205.0
1309,1241,379.0
1309,1323,23.0
1310,57,5884.8
1310,64,62.0
1310,88,25.0
1310,95,71.0
1310,266,15.0
1310,293,10.0
1310,360,18.0
1310,392,10.0
1310,448,5613.65
1310,453,10.0
1310,470,29.0
1310,493,11.0
1310,515,10.0
1310,523,10.0
1310,548,10.0
1310,565,12.0
1310,589,14.0
1310,596,839.0
1310,628,8557.0
1310,644,10.0
1310,675,10.0
1310,685,22.55
1310,702,9730.4
1310,723,22.0
1310,724,29.0
1310,726,10.0
1310,730,10.0
1310,844,144.0
1310,850,10.0
1310,934,10.0
1310,955,16.0
1310,983,10.0
1310,1010,42.0
1310,1070,16.0
1310,1075,74.0
1310,1126,10.0
1310,1162,24.6
1310,1192,10.0
1310,1202,10.0
1310,1212,10.0
1310,1271,10.0
1310,1276,10.0
1310,1288,7880.85
1310,1296,10.0
1310,1313,10.0
1310,1317,65.0
1310,1343,10.0
1310,1346,7381.0
1310,1348,10.0
1311,23,10.0
1311,52,10.0
1311,70,11.0
1311,140,1162.0
1311,164,137.0
1311,186,39.5
1311,207,116.0
1311,212,15.0
1311,241,1154.0
1311,242,10.0
1311,343,10.0
1311,498,47.0
1311,525,19.0
1311,528,17.0
1311,529,30.0
1311,557,32.0
1311,563,135.0
1311,572,10.0
1311,610,24.0
1311,613,29.0
1311,635,602.4
1311,646,11.0
1311,676,60.0
1311,727,1081.0
1311,739,67.0
1311,751,11.0
1311,760,13.0
1311,796,591.0
1311,818,10.0
1311,853,10.0
1311,863,19.0
1311,866,22.0
1311,877,23.0
1311,931,59.0
1311,993,10.0
1311,1083,20.5
1311,1088,1235.0
1311,1091,10.0
1311,1113,10.0
1311,1140,10.0
1311,1190,11162.3
1311,1257,10.0
1311,1294,10.0
1311,1358,10.0
1312,4,10.0
1312,32,206.0
1312,41,10.0
1312,52,10.0
1312,61,664.0
1312,78,24.0
1312,109,23.0
1312,124,22.0
1312,209,123.0
1312,271,17.0
1312,309,586.0
1312,348,10.0
1312,374,10.0
1312,379,10.0
1312,380,24.0
1312,400,15.0
1312,415,10.0
1312,450,113.0
1312,558,34.0
1312,598,7850.75
1312,601,10.0
1312,616,40.0
1312,642,881.0
1312,710,10.0
1312,773,106.0
1312,812,227.0
1312,847,11.0
1312,851,142.0
1312,861,38.0
1312,871,4688.75
1312,893,76.0
1312,923,44.0
1312,941,88.0
1312,993,10.0
1312,1001,667.0
1312,1004,39.0
1312,1022,4153.6
1312,1052,10.0
1312,1059,15.0
1312,1062,60.0
1312,1064,168.0
1312,1072,10.0
1312,1117,725.0
1312,1155,10.0
1312,1168,204.0
1312,1180,92.0
1312,1237,17.0
1312,1252,711.0
1312,1286,22.0
1312,1293,30.0
1312,1301,12.0
1312,1318,428.0
1312,1326,8447.15
1312,1336,20.0
1312,1359,33.0
1313,57,10.0
1313,64,19.0
1313,81,149.0
1313,95,34.0
1313,177,16.0
1313,182,10.0
1313,199,10.0
1313,202,28.0
1313,226,10.0
1313,228,452.0
1313,266,130.0
1313,324,10.0
1313,345,25.0
1313,357,246.0
1313,367,25.0
1313,410,20.5
1313,414,10.0
1313,433,16.0
1313,523,2492.5
1313,536,10.0
1313,548,21.0
1313,566,118.0
1313,599,14.0
1313,628,17.0
1313,660,10.0
1313,702,46.0
1313,753,21.0
1313,763,76.0
1313,765,1940.0
1313,801,25.0
1313,844,10.0
1313,874,13.0
1313,922,10.0
1313,981,10.0
1313,1016,10.0
1313,1069,28.0
1313,1076,10.0
1313,1085,10.0
1313,1089,10.0
1313,1125,3.0
1313,1162,10.0
1313,1182,96.0
1313,1188,6.0
1313,1202,6.0
1313,1204,5115.45
1313,1212,14.0
1313,1220,6078.4
1313,1247,1043.0
1313,1307,47.0
1313,1310,10.0
1314,63,2194.85
1314,88,11.0
1314,95,14.0
1314,223,485.55
1314,244,38.0
1314,266,109.0
1314,284,173.0
1314,293,10.0
1314,330,3.0
1314,351,41.0
1314,419,10.0
1314,446,182.0
1314,449,10.0
1314,456,38.0
1314,468,86.0
1314,470,10.0
1314,473,13.0
1314,542,10.0
1314,546,13.0
1314,566,10.0
1314,599,2384.0
1314,604,10.0
1314,644,20.0
1314,655,24.0
1314,724,3196.9
1314,726,10.0
1314,835,10255.45
1314,893,10.0
1314,985,10.0
1314,1000,10.0
1314,1069,117.0
1314,1076,26.5
1314,1102,10.0
1314,1162,67.0
1314,1212,11.0
1314,1248,6.0
1314,1307,118.0
1314,1345,102.0
1314,1350,10.0
1314,1353,116.0
1315,23,158.0
1315,39,16.0
1315,40,8.0
1315,58,10.0
1315,215,10.0
1315,229,34.0
1315,333,272.0
1315,361,9101.0
1315,384,42.0
1315,539,102.0
1315,663,10.0
1315,693,10.0
1315,727,10.0
1315,751,128.0
1315,757,20.5
1315,877,10.0
1315,924,60.0
1315,931,10.0
1315,948,7798.9
1315,950,4280.1
1315,988,10.0
1315,991,40.0
1315,993,13.0
1315,1023,10.0
1315,1047,10.0
1315,1136,10.0
1315,1266,2276.0
1315,1316,15.0
1315,1335,6469.0
1315,1351,10.0
1316,31,10.0
1316,106,184.0
1316,126,14.0
1316,288,10.0
1316,306,10.0
1316,340,7.0
1316,365,10.0
1316,384,10604.5
1316,402,10.0
1316,404,24.0
1316,426,325.0
1316,485,10.0
1316,502,10.0
1316,503,10.0
1316,520,138.0
1316,534,13.0
1316,541,10.0
1316,555,10.0
1316,559,25.0
1316,571,29.0
1316,601,313.0
1316,693,25.0
1316,720,10.0
1316,729,27.0
1316,751,10.0
1316,811,16.0
1316,847,10.0
1316,877,10.0
1316,922,27.0
1316,968,11.0
1316,991,8985.7
1316,993,30.0
1316,1193,87.0
1316,1194,88.0
1316,1293,21.0
1316,1295,96.0
1316,1302,13.0
1316,1315,15.0
1316,1318,105.0
1316,1341,15.0
1316,1351,668.0
1317,5,7850.8
1317,98,10.0
1317,165,20.0
1317,171,19.0
1317,192,10.0
1317,290,1049.0
1317,335,10.0
1317,347,10.0
1317,356,10.0
1317,362,30.0
1317,393,28.7
1317,414,10.0
1317,433,14.0
1317,511,10.0
1317,536,8.0
1317,675,10.0
1317,730,11.0
1317,794,10.0
1317,885,19.0
1317,932,4233.0
1317,974,2330.4
1317,1033,23.0
1317,1158,10.0
1317,1192,14.0
1317,1202,16.0
1317,1250,5484.15
1317,1310,65.0
1317,1331,10837.8
1318,11,10.0
1318,29,10.0
1318,157,11.0
1318,221,12.0
1318,288,145.0
1318,309,791.0
1318,329,10.0
1318,367,85.0
1318,374,10.0
1318,384,143.0
1318,485,10.0
1318,574,10.0
1318,579,10.0
1318,590,15.0
1318,651,10.0
1318,676,168.0
1318,699,10.0
1318,795,10.0
1318,844,10.0
1318,883,78.0
1318,1102,10.0
1318,1146,110.0
1318,1174,44.45
1318,1180,12.0
1318,1194,10.0
1318,1252,631.0
1318,1263,554.5
1318,1293,116.0
1318,1312,428.0
1318,1316,105.0
1319,9,10.0
1319,119,10.0
1319,160,124.0
1319,221,10.0
1319,242,18.0
1319,267,1266.55
1319,323,20.5
1319,384,26.5
1319,438,127.0
1319,451,10.0
1319,507,12.0
1319,538,19.0
1319,541,10.0
1319,567,21.0
1319,579,12.0
1319,808,10.0
1319,812,12.0
1319,826,10.0
1319,883,13.0
1319,890,10.0
1319,945,25.0
1319,973,5133.75
1319,991,10.0
1319,1018,135.0
1319,1036,67.0
1319,1087,37.0
1319,1224,92.0
1319,1256,10.0
1319,1258,2600.45
1319,1290,9.0
1319,1298,4599.05
1319,1326,13.0
1319,1352,148.0
1320,26,6.0
1320,45,56.0
1320,87,10.0
1320,126,10.0
1320,185,10.0
1320,219,15.0
1320,264,225.0
1320,314,374.0
1320,361,3175.7
1320,398,4686.1
1320,417,10.0
1320,443,13.0
1320,460,10.0
1320,502,20.0
1320,522,53.0
1320,558,6.0
1320,588,14.0
1320,637,17.0
1320,725,10.0
1320,755,10.0
1320,799,159.0
1320,821,623.2
1320,948,10652.7
1320,970,17.0
1320,972,10.0
1320,982,10.0
1320,1031,66.0
1320,1082,1251.0
1320,1084,23.0
1320,1112,41.0
1320,1115,10.0
1320,1150,10.0
1320,1167,12.0
1320,1207,106.0
1320,1255,10.0
1320,1257,12.0
1321,5,506.0
1321,88,101.0
1321,95,1486.0
1321,112,10.0
1321,177,7.0
1321,269,5826.6
1321,357,13.0
1321,364,10.0
1321,366,26.65
1321,511,8026.15
1321,520,10.0
1321,612,10.0
1321,643,10.0
1321,674,7953.85
1321,682,20.5
1321,730,10.0
1321,737,17.0
1321,952,10.0
1321,1012,10.0
1321,1016,10.0
1321,1067,11.0
1321,1068,17.0
1321,1074,10.0
1321,1158,13.0
1321,1165,5320.200000000001
1321,1212,1285.0
1321,1248,8.0
1321,1307,10.0
1321,1332,40.0
1321,1353,10.0
1321,1354,10.0
1322,49,434.0
1322,207,10.0
1322,225,43.0
1322,323,82.0
1322,540,24.0
1322,571,46.0
1322,622,10.0
1322,645,2132.0
1322,654,33.0
1322,659,10.0
1322,671,10.0
1322,744,10.0
1322,795,10546.15
1322,891,10.0
1322,906,60.0
1322,1015,10.0
1322,1088,50.0
1322,1129,10.0
1322,1140,81.0
1322,1203,11.0
1322,1336,8450.15
1323,34,10.0
1323,36,10.0
1323,88,10.0
1323,114,10.0
1323,140,31.0
1323,160,16.0
1323,204,10.0
1323,274,10.0
1323,306,15.0
1323,398,10.0
1323,455,43.0
1323,461,7717.65
1323,476,10.0
1323,479,10.0
1323,583,98.0
1323,585,41.0
1323,704,324.0
1323,731,113.0
1323,748,20.5
1323,760,14.0
1323,775,15.0
1323,854,10.0
1323,869,19.0
1323,878,4473.3
1323,889,10.0
1323,895,10.0
1323,903,432.0
1323,915,101.0
1323,931,18.0
1323,941,111.0
1323,943,669.0
1323,950,20.5
1323,951,15.0
1323,987,10.0
1323,1022,22.0
1323,1047,10.0
1323,1079,26.5
1323,1084,6.0
1323,1088,19.0
1323,1099,16.0
1323,1113,10.0
1323,1115,18.0
1323,1130,31.0
1323,1222,4944.1
1323,1225,10.0
1323,1240,358.0
1323,1254,10.0
1323,1304,10.0
1323,1309,23.0
1324,135,10.0
1324,173,3108.0
1324,210,5736.75
1324,214,11.0
1324,396,26.0
1324,442,10.0
1324,491,13.0
1324,519,69.0
1324,543,108.0
1324,673,10.0
1324,706,309.0
1324,719,16.0
1324,764,78.0
1324,876,7128.35
1324,967,40.0
1324,981,14.0
1324,996,26.5
1324,1173,27.0
1324,1189,3438.85
1324,1198,10.0
1324,1280,11.0
1324,1329,22.0
1326,14,91.0
1326,29,128.0
1326,32,10.0
1326,106,10.0
1326,113,6873.1
1326,124,70.0
1326,179,10.0
1326,189,10.0
1326,271,42.0
1326,273,20.5
1326,306,10.0
1326,325,74.0
1326,331,11.0
1326,348,10.0
1326,373,10.0
1326,451,35.0
1326,555,10.0
1326,588,11032.55
1326,598,26.5
1326,608,57.0
1326,613,11.0
1326,616,10.0
1326,624,10.0
1326,625,10.0
1326,653,29.0
1326,661,10.0
1326,674,10.0
1326,701,63.0
1326,710,118.0
1326,749,10.0
1326,811,12.0
1326,812,179.0
1326,834,21.0
1326,844,10.0
1326,889,29.0
1326,904,14.0
1326,919,11.0
1326,925,10.0
1326,943,407.5
1326,954,10.0
1326,961,710.0
1326,991,10.0
1326,994,10.0
1326,1019,10.0
1326,1027,61.0
1326,1031,54.0
1326,1043,55.0
1326,1064,212.0
1326,1161,6.0
1326,1165,51.0
1326,1168,13.0
1326,1179,7.0
1326,1258,39.0
1326,1312,8447.15
1326,1319,13.0
1326,1356,6271.25
1327,77,10.0
1327,137,10.0
1327,156,1345.1
1327,159,10.0
1327,169,27.0
1327,244,750.5
1327,296,10.0
1327,300,10.0
1327,418,19.0
1327,421,11.0
1327,427,20.5
1327,455,10.0
1327,458,10.0
1327,460,10.0
1327,519,18.0
1327,520,141.0
1327,580,39.0
1327,629,11017.45
1327,649,20.5
1327,691,10.0
1327,747,10.0
1327,805,6.0
1327,829,109.0
1327,868,159.0
1327,894,7274.4
1327,1003,65.0
1327,1093,10.0
1327,1104,10.0
1327,1107,8512.55
1327,1151,10.0
1327,1231,17.0
1327,1253,10.0
1327,1278,10.0
1327,1282,1277.0
1327,1283,10.0
1328,27,1372.2
1328,75,121.0
1328,76,22.0
1328,87,10.0
1328,127,1247.0
1328,139,20.5
1328,236,2550.4
1328,369,11.0
1328,413,10.0
1328,583,10.0
1328,623,10.0
1328,715,17.0
1328,733,9012.8
1328,776,13.0
1328,804,1637.0
1328,852,1980.0
1328,872,2120.0
1328,928,10.0
1328,945,2829.6
1328,958,149.0
1328,969,2199.0
1328,970,4043.0499999999997
1328,986,1433.0
1328,998,10.0
1328,1265,2158.0
1331,5,7442.35
1331,98,10.0
1331,290,1639.0
1331,300,10.0
1331,322,10.0
1331,392,10.0
1331,393,391.45
1331,396,12.0
1331,430,10.0
1331,468,10.0
1331,520,10.0
1331,687,12.0
1331,702,10.0
1331,720,3884.5
1331,814,12.0
1331,839,10.0
1331,876,25.0
1331,932,7499.45
1331,946,16.0
1331,995,16.0
1331,1033,2734.5
1331,1141,330.05
1331,1145,2461.8
1331,1246,24.0
1331,1250,5335.1
1331,1317,10837.8
1331,1348,14.0
1331,1353,8.0
1332,269,10.0
1332,347,16.0
1332,366,2938.7
1332,511,17.0
1332,579,539.0
1332,663,5.0
1332,688,10.0
1332,737,4357.5
1332,825,636.0
1332,909,19.0
1332,1016,10949.3
1332,1278,10.0
1332,1321,40.0
1335,36,48.0
1335,39,10.0
1335,81,10.0
1335,122,10.0
1335,176,10.0
1335,185,10.0
1335,199,10.0
1335,236,598.0
1335,272,10.0
1335,361,8368.35
1335,375,71.0
1335,385,535.0
1335,395,40.0
1335,405,24.0
1335,413,10.0
1335,434,10.0
1335,567,10.0
1335,652,59.0
1335,709,579.0
1335,798,194.0
1335,889,10.0
1335,922,301.0
1335,924,10833.3
1335,933,10.0
1335,964,242.0
1335,982,141.0
1335,985,10.0
1335,1035,10.0
1335,1043,6.0
1335,1047,2104.2
1335,1137,666.0
1335,1144,10.0
1335,1206,14.0
1335,1222,26.5
1335,1254,10.0
1335,1255,397.0
1335,1266,3856.4
1335,1269,26.0
1335,1285,372.0
1335,1315,6469.0
1336,49,4145.4
1336,180,16.0
1336,207,6.0
1336,227,12.0
1336,260,10.0
1336,285,56.0
1336,450,10.0
1336,524,11.0
1336,568,1798.65
1336,605,41.0
1336,645,22.0
1336,659,1058.0
1336,780,129.0
1336,851,36.0
1336,861,62.0
1336,873,24.0
1336,891,95.0
1336,913,82.0
1336,957,15.0
1336,987,10.0
1336,1009,23.0
1336,1045,17.0
1336,1047,108.0
1336,1054,34.0
1336,1139,10.0
1336,1180,22.0
1336,1264,60.0
1336,1281,12.0
1336,1283,119.0
1336,1284,10.0
1336,1293,46.0
1336,1301,9451.15
1336,1312,20.0
1336,1322,8450.15
1336,1356,351.0
1338,16,16.0
1338,18,13.0
1338,64,20.0
1338,100,8208.7
1338,126,10.0
1338,133,10.0
1338,134,52.0
1338,158,65.0
1338,168,26.0
1338,177,11.0
1338,332,26.0
1338,403,111.0
1338,417,10.0
1338,423,15.0
1338,436,80.0
1338,442,2736.5
1338,446,10.0
1338,456,32.0
1338,470,10.0
1338,491,25.0
1338,551,9274.7
1338,600,10.0
1338,706,13.0
1338,814,10.0
1338,836,10.0
1338,974,10.0
1338,981,10.0
1338,984,10.0
1338,990,16.0
1338,995,10.0
1338,1066,35.0
1338,1104,10.0
1338,1125,10.0
1338,1178,14.0
1338,1207,10.0
1338,1223,29.0
1338,1245,10.0
1338,1296,166.0
1338,1325,12.0
1338,1344,12.0
1338,1355,11162.3
1339,18,15.0
1339,54,86.0
1339,88,26.5
1339,96,10.0
1339,167,191.0
1339,266,103.0
1339,292,10.0
1339,293,54.0
1339,322,10.0
1339,386,48.15
1339,417,153.0
1339,427,29.0
1339,430,10.0
1339,435,1603.2
1339,436,108.0
1339,468,45.0
1339,470,28.0
1339,565,59.0
1339,629,16.0
1339,639,3909.95
1339,648,10.0
1339,674,6.0
1339,706,49.0
1339,723,148.0
1339,747,21.0
1339,769,13.0
1339,794,20.0
1339,801,73.0
1339,815,5655.45
1339,844,11.0
1339,854,366.0
1339,934,162.0
1339,985,10.0
1339,1029,4540.3
1339,1075,10.0
1339,1126,5.0
1339,1145,10.0
1339,1162,10.0
1339,1165,16.0
1339,1178,298.0
1339,1184,119.0
1339,1202,51.0
1339,1228,26.5
1339,1232,11.0
1339,1345,101.0
1339,1353,15.0
1341,185,11.0
1341,215,23.0
1341,230,1692.0
1341,233,4607.8
1341,249,44.0
1341,252,14.0
1341,315,11.0
1341,329,10.0
1341,371,10.0
1341,409,10.0
1341,471,10.0
1341,496,10.0
1341,505,13.0
1341,539,10.0
1341,568,10.0
1341,569,47.0
1341,610,345.5
1341,651,9209.2
1341,655,10.0
1341,679,54.0
1341,694,13.0
1341,751,116.0
1341,760,716.4
1341,791,16.0
1341,877,11.0
1341,916,10.0
1341,939,15.0
1341,943,15.0
1341,993,10.0
1341,1007,10.0
1341,1096,10858.65
1341,1118,10.0
1341,1169,26.0
1341,1252,401.0
1341,1316,15.0
1342,39,10.0
1342,102,78.0
1342,124,12.0
1342,127,12.0
1342,184,24.0
1342,220,10.0
1342,227,10.0
1342,252,10.0
1342,274,36.0
1342,302,13.0
1342,476,23.0
1342,494,259.0
1342,507,16.0
1342,564,10.0
1342,653,1605.2
1342,731,17.0
1342,737,10.0
1342,775,17.0
1342,792,7805.7
1342,803,166.05
1342,812,18.0
1342,869,10.0
1342,912,20.0
1342,943,2377.5
1342,947,16.0
1342,961,1151.5
1342,1022,10.0
1342,1084,3998.75
1342,1105,10.0
1342,1109,18.0
1342,1117,10.0
1342,1127,17.0
1342,1154,10.0
1342,1160,10.0
1342,1196,10.0
1342,1210,10.0
1342,1215,2905.95
1342,1240,4309.85
1342,1281,10.0
1342,1289,2533.1
1342,1356,16.0
1343,100,7910.75
1343,130,10.0
1343,171,3107.1
1343,177,3073.3
1343,284,36.0
1343,296,35.0
1343,347,18.0
1343,399,11.0
1343,407,10.0
1343,442,10382.65
1343,463,12.0
1343,478,43.0
1343,516,23.0
1343,535,73.0
1343,547,10.0
1343,664,10.0
1343,673,6.0
1343,675,10.0
1343,687,10.0
1343,697,40.0
1343,726,16.0
1343,732,12.0
1343,763,20.5
1343,825,20.5
1343,1030,15.0
1343,1038,11.0
1343,1070,10.0
1343,1090,10.0
1343,1123,18.0
1343,1175,10.0
1343,1178,10.0
1343,1238,10.0
1343,1242,8860.05
1343,1276,25.0
1343,1310,10.0
1343,1345,12.0
1344,16,599.2
1344,120,10.0
1344,171,3395.2
1344,175,16.0
1344,226,1638.0
1344,244,11.0
1344,282,29.0
1344,324,16.0
1344,335,34.0
1344,439,10.0
1344,492,12.0
1344,552,3910.5
1344,617,2465.7
1344,664,18.55
1344,673,48.0
1344,813,10.0
1344,900,44.0
1344,981,253.0
1344,996,14.0
1344,1066,710.0
1344,1075,246.0
1344,1080,129.15
1344,1090,10.0
1344,1104,3670.8
1344,1107,21.0
1344,1116,177.0
1344,1165,10.0
1344,1184,2318.0
1344,1202,10.0
1344,1242,10.0
1344,1244,10.0
1344,1283,356.0
1344,1338,12.0
1344,1357,1080.75
1345,88,12.0
1345,98,42.5
1345,138,10.0
1345,152,42.0
1345,211,13.0
1345,218,17.0
1345,244,85.0
1345,270,48.0
1345,293,17.0
1345,360,87.0
1345,372,5866.6
1345,435,10.0
1345,448,13.0
1345,453,1781.45
1345,468,73.0
1345,487,10.0
1345,493,10.0
1345,523,51.0
1345,565,94.0
1345,589,10.0
1345,628,7644.25
1345,639,8490.05
1345,678,9166.25
1345,681,26.0
1345,685,4469.25
1345,702,26.5
1345,740,26.5
1345,797,6.0
1345,864,55.0
1345,962,25.0
1345,1000,72.0
1345,1063,41.0
1345,1070,10.0
1345,1075,17.0
1345,1119,109.0
1345,1202,91.0
1345,1228,6910.4
1345,1288,20.5
1345,1314,102.0
1345,1339,101.0
1345,1343,12.0
1345,1350,25.0
1345,1353,171.0
1346,18,10.0
1346,95,30.0
1346,133,10.0
1346,210,10.0
1346,238,10.0
1346,351,6.0
1346,354,10.0
1346,366,11.0
1346,372,23.0
1346,386,3765.65
1346,427,10.0
1346,446,43.05
1346,448,13.0
1346,449,10.0
1346,565,21.0
1346,566,26.0
1346,596,10862.95
1346,624,13.0
1346,627,10.0
1346,639,10.0
1346,648,10.0
1346,678,21.0
1346,702,5875.900000000001
1346,740,56.0
1346,822,185.0
1346,854,20.0
1346,862,10.0
1346,984,15.0
1346,1101,271.0
1346,1187,277.0
1346,1204,10.0
1346,1212,39.0
1346,1250,32.0
1346,1288,11022.3
1346,1310,7381.0
1348,47,184.0
1348,128,108.0
1348,210,10.0
1348,253,10.0
1348,335,105.0
1348,347,91.0
1348,429,31.0
1348,463,29.0
1348,478,29.0
1348,487,22.0
1348,493,10.0
1348,516,12.0
1348,535,137.0
1348,573,85.0
1348,593,10.0
1348,615,15.0
1348,753,270.0
1348,769,62.9
1348,772,6837.75
1348,797,10.0
1348,825,78.0
1348,839,11081.05
1348,876,23.0
1348,992,23.0
1348,996,141.0
1348,1033,72.0
1348,1075,10.0
1348,1116,3035.25
1348,1232,7.0
1348,1307,56.0
1348,1310,10.0
1348,1331,14.0
1348,1360,62.0
1350,156,172.1
1350,182,13.0
1350,244,1045.0
1350,254,7.0
1350,293,10.0
1350,322,12.0
1350,356,10.0
1350,372,63.0
1350,393,10.0
1350,407,10.0
1350,439,10.0
1350,483,10.0
1350,516,10.0
1350,536,50.0
1350,573,31.0
1350,578,68.0
1350,614,10.0
1350,639,25.0
1350,664,20.0
1350,726,13.0
1350,753,10.0
1350,835,10.0
1350,844,21.0
1350,1031,6663.7
1350,1188,14.0
1350,1189,14.0
1350,1198,2289.2
1350,1204,26.0
1350,1238,1544.1
1350,1251,10.0
1350,1271,8804.95
1350,1314,10.0
1350,1345,25.0
1351,75,10.0
1351,155,18.0
1351,215,4.0
1351,225,10.0
1351,230,15.0
1351,243,10.0
1351,255,70.0
1351,258,10.0
1351,328,1488.0
1351,337,13.0
1351,604,11.0
1351,727,10.0
1351,736,10.0
1351,742,13.0
1351,751,4.0
1351,760,10.0
1351,812,658.0
1351,818,43.0
1351,819,10.0
1351,912,84.0
1351,972,10.0
1351,1064,673.0
1351,1144,10.0
1351,1154,10.0
1351,1294,10.0
1351,1295,9967.35
1351,1315,10.0
1351,1316,668.0
1351,1340,10.0
1351,1358,8890.3
1352,160,54.0
1352,221,8827.15
1352,250,13.0
1352,264,27.0
1352,291,4.0
1352,302,146.0
1352,379,10.0
1352,438,14.0
1352,450,10.0
1352,482,107.0
1352,483,209.0
1352,504,3.0
1352,568,18.0
1352,605,2991.6
1352,749,1008.6
1352,830,10.0
1352,883,10.0
1352,893,10.0
1352,945,42.0
1352,954,31.0
1352,970,92.0
1352,973,66.0
1352,1018,16.0
1352,1026,44.0
1352,1087,10.0
1352,1130,4975.4
1352,1168,5330.95
1352,1258,79.0
1352,1291,32.0
1352,1302,1682.15
1352,1319,148.0
1353,5,32.2
1353,100,41.0
1353,120,47.0
1353,138,12.0
1353,200,756.0
1353,238,3.0
1353,244,85.0
1353,262,10.0
1353,269,119.0
1353,282,10.0
1353,301,10.0
1353,330,10.0
1353,439,18.0
1353,468,67.0
1353,487,26.5
1353,515,10.0
1353,562,1270.0
1353,580,10.0
1353,589,10.0
1353,593,10.0
1353,599,78.0
1353,600,10.0
1353,687,199.0
1353,719,50.35
1353,753,784.0
1353,835,58.0
1353,1119,52.0
1353,1162,78.0
1353,1314,116.0
1353,1321,10.0
1353,1331,8.0
1353,1339,15.0
1353,1345,171.0
1353,1357,22.0
1355,63,10.0
1355,107,890.4
1355,135,1185.25
1355,142,17.0
1355,205,10.0
1355,296,10.0
1355,339,27.0
1355,354,10.0
1355,441,10.0
1355,446,91.0
1355,454,10.0
1355,458,10.0
1355,551,3918.25
1355,648,10.0
1355,667,10.0
1355,816,33.0
1355,841,10.0
1355,892,10.0
1355,922,10.0
1355,981,10.0
1355,990,5655.35
1355,995,14.0
1355,1039,10.0
1355,1066,68.0
1355,1148,14.0
1355,1204,266.0
1355,1218,10.0
1355,1229,10.0
1355,1280,32.0
1355,1288,10.0
1355,1307,111.0
1355,1325,20.5
1355,1338,11162.3
1356,4,881.0
1356,11,6.0
1356,12,16.0
1356,69,10.0
1356,74,14.0
1356,136,10.0
1356,139,20.0
1356,182,12.0
1356,202,10.0
1356,207,91.0
1356,220,13.0
1356,285,102.0
1356,314,58.0
1356,321,104.0
1356,329,10.0
1356,363,37.0
1356,368,35.0
1356,379,19.0
1356,421,53.0
1356,452,25.0
1356,461,76.0
1356,469,10.0
1356,476,84.0
1356,488,11.0
1356,541,77.0
1356,548,21.0
1356,558,14.0
1356,588,3195.25
1356,606,10.0
1356,624,44.0
1356,625,12.0
1356,652,10.0
1356,659,357.0
1356,661,23.0
1356,698,12.0
1356,717,10.0
1356,735,69.0
1356,780,28.0
1356,809,282.0
1356,824,10.0
1356,828,20.0
1356,851,228.0
1356,860,7452.1
1356,861,57.0
1356,873,98.0
1356,922,10.0
1356,945,10.0
1356,947,47.0
1356,961,20.0
1356,982,24.0
1356,985,210.0
1356,1021,34.0
1356,1022,7975.1
1356,1027,11.0
1356,1038,46.0
1356,1047,11.0
1356,1054,33.0
1356,1108,23.0
1356,1123,47.0
1356,1129,59.0
1356,1143,203.0
1356,1180,126.0
1356,1215,1590.0
1356,1254,6.0
1356,1283,25.0
1356,1286,19.0
1356,1289,17.0
1356,1293,107.0
1356,1301,19.0
1356,1326,6271.25
1356,1336,351.0
1356,1342,16.0
1357,16,203.0
1357,116,10.0
1357,135,2261.8
1357,171,289.05
1357,238,10.0
1357,293,1262.0
1357,303,14.0
1357,324,10.0
1357,335,10.0
1357,386,22.0
1357,442,973.75
1357,516,130.0
1357,551,3217.45
1357,706,4801.0
1357,720,204.0
1357,745,12.0
1357,765,11.0
1357,801,14.0
1357,967,1667.0
1357,1039,10483.9
1357,1066,52.8
1357,1125,10.0
1357,1141,10.0
1357,1172,10.0
1357,1178,480.0
1357,1184,45.05
1357,1229,10.0
1357,1250,151.0
1357,1344,1080.75
1357,1353,22.0
1358,25,17.0
1358,56,10.0
1358,155,256.0
1358,164,31.0
1358,230,739.0
1358,232,25.0
1358,243,229.0
1358,252,10.0
1358,272,36.0
1358,328,3065.0
1358,471,10.0
1358,567,19.0
1358,610,16.0
1358,637,10.0
1358,693,27.0
1358,727,10.0
1358,742,18.0
1358,751,10.0
1358,754,15.0
1358,758,10.0
1358,796,12.0
1358,818,6.0
1358,877,10.0
1358,912,10.0
1358,972,28.0
1358,988,10.0
1358,991,10.0
1358,1098,10.0
1358,1113,10.0
1358,1128,38.0
1358,1180,68.0
1358,1201,10.0
1358,1252,656.0
1358,1289,54.0
1358,1293,216.0
1358,1295,1593.0
1358,1311,10.0
1358,1351,8890.3
1359,4,10.0
1359,9,9.0
1359,11,6.0
1359,29,10.0
1359,46,44.0
1359,51,10.0
1359,132,39.0
1359,224,10.0
1359,229,11.0
1359,304,24.0
1359,309,140.0
1359,329,10.0
1359,373,10.0
1359,380,11.0
1359,390,12.0
1359,397,14.0
1359,444,636.0
1359,455,12.0
1359,461,21.0
1359,479,10.0
1359,498,10.0
1359,529,24.0
1359,531,10.0
1359,555,10.0
1359,563,222.0
1359,569,643.0
1359,577,506.0
1359,606,451.0
1359,608,302.0
1359,613,25.0
1359,643,35.0
1359,666,10.0
1359,756,10.0
1359,771,11.0
1359,775,114.0
1359,782,4972.7
1359,785,10.0
1359,790,34.0
1359,849,56.0
1359,860,22.0
1359,886,10.0
1359,895,182.0
1359,916,58.0
1359,965,10.0
1359,987,10.0
1359,993,136.0
1359,1024,10.0
1359,1036,12.0
1359,1054,10.0
1359,1065,6196.7
1359,1072,11.0
1359,1127,11.0
1359,1180,463.0
1359,1190,20.5
1359,1237,29.0
1359,1266,32.0
1359,1277,2921.1
1359,1293,596.0
1359,1298,262.0
1359,1312,33.0
1360,15,13.0
1360,64,21.0
1360,95,10.0
1360,100,10.0
1360,130,6.0
1360,134,5955.05
1360,177,10.0
1360,238,10.0
1360,254,77.0
1360,293,20.0
1360,324,55.0
1360,330,2842.0
1360,335,79.0
1360,394,10.0
1360,420,1788.0
1360,478,10.0
1360,487,14.0
1360,491,2313.55
1360,516,680.0
1360,548,63.0
1360,599,10.0
1360,630,20.0
1360,670,6531.45
1360,702,29.0
1360,726,13.0
1360,763,21.0
1360,822,12.0
1360,835,11.0
1360,839,23.0
1360,995,10.0
1360,1010,104.0
1360,1102,14.0
1360,1126,35.0
1360,1135,23.0
1360,1136,30.0
1360,1189,10.0
1360,1212,10.0
1360,1228,51.0
1360,1245,10.0
1360,1307,2684.0
1360,1348,62.0
1363,95,10.0
1363,112,7316.55
1363,130,17.0
1363,137,321.0
1363,167,4474.25
1363,218,668.0
1363,226,11.0
1363,277,10.0
1363,284,16.0
1363,322,10.0
1363,394,47.65
1363,396,14.0
1363,420,26.5
1363,424,10.0
1363,511,10.0
1363,546,10.0
1363,589,10.0
1363,609,10.0
1363,617,17.0
1363,628,10.0
1363,630,9766.95
1363,664,7.0
1363,705,840.0
1363,726,12.0
1363,765,6117.9
1363,794,16.0
1363,813,168.0
1363,816,10.0
1363,868,1278.8
1363,885,32.0
1363,920,1002.0
1363,967,14.0
1363,981,13.0
1363,1046,14.0
1363,1055,10.0
1363,1074,12.0
1363,1108,15.0
1363,1116,6.0
1363,1126,10.0
1363,1184,176.0
1363,1212,68.0
1363,1220,309.0
1363,1250,10.0
