agent_i,agent_j,tc_s
1,60,10.0
1,188,10.0
1,333,10.0
1,343,17.0
1,482,54.0
1,647,8299.58
1,886,1406.0
1,934,10.0
1,1007,56.0
1,1076,10.0
1,1121,6.0
1,1161,1233.0
1,1164,10.0
1,1167,10.0
3,32,316.0
3,104,7.0
3,186,467.0
3,503,10.0
3,616,39.0
3,688,509.0
3,701,10.0
3,748,10777.1
3,898,18.0
3,925,10.0
3,930,10.0
3,958,495.0
3,971,10.0
3,1011,58.0
3,1167,10.0
4,132,25.0
4,221,10.0
4,248,10.0
4,257,44.0
4,298,27.0
4,315,21.4
4,319,10.0
4,343,10.0
4,367,10.0
4,402,21.4
4,585,19.0
4,586,60.0
4,587,12.0
4,604,10.0
4,626,11.0
4,651,11.0
4,716,29.0
4,731,2383.0
4,738,10.0
4,751,10.0
4,791,17.0
4,830,10.0
4,911,21.4
4,939,21.0
4,943,19.0
4,1022,21.4
4,1057,27.0
4,1109,24.0
4,1118,10.0
4,1120,79.0
4,1233,133.0
4,1263,21.0
4,1302,23.54
4,1312,88.0
4,1323,10.0
4,1344,9433.1
5,7,58.0
5,70,10.0
5,130,10.0
5,258,31.0
5,290,970.0
5,305,10.0
5,390,10.0
5,403,10.0
5,420,12.0
5,428,37.0
5,487,40.0
5,560,12.0
5,683,21.4
5,831,22.0
5,932,841.0
5,1039,31.0
5,1294,10.0
5,1317,577.0
5,1321,7130.36
5,1331,453.0
7,5,58.0
7,290,13.0
7,298,10.0
7,320,10.0
7,428,10364.3
7,512,10.0
7,565,12.0
7,566,10.0
7,600,10.0
7,696,10.0
7,778,62.06
7,805,10.0
7,895,38.0
7,932,17.0
7,966,34.0
7,1024,10.0
7,1123,9.0
7,1141,4.0
7,1158,18.0
7,1190,13.0
7,1202,52.0
7,1204,16.0
7,1273,19.0
7,1319,19.6
7,1338,10.0
9,38,111.0
9,46,5354.74
9,73,10.0
9,119,10.0
9,155,12.84
9,379,64.0
9,465,60.0
9,584,10.0
9,587,15.0
9,645,10.0
9,756,10.0
9,915,11.0
9,1022,6.0
9,1064,131.0
9,1289,10.0
9,1312,10.0
9,1315,10.0
9,1316,10.0
9,1344,12.0
10,41,5730.46
10,225,10.0
10,294,13.0
10,323,368.0
10,343,32.0
10,389,19.6
10,413,19.6
10,521,248.0
10,576,267.0
10,634,83.0
10,704,10.0
10,719,397.0
10,791,10.0
10,794,10.0
10,868,27.0
10,890,108.66
10,908,13.0
10,942,5.0
10,1006,98.0
10,1007,10.0
10,1063,455.0
10,1090,10.0
10,1140,123.0
10,1141,10.0
10,1222,119.0
10,1273,10.0
10,1284,153.0
10,1323,12.0
12,55,283.0
12,66,73.0
12,112,439.0
12,207,24.0
12,218,87.0
12,285,10.0
12,288,10.0
12,416,10.0
12,444,11.0
12,478,3.0
12,508,4549.6
12,609,36.0
12,644,148.0
12,769,63.0
12,885,22.0
12,966,100.0
12,1091,133.0
12,1098,27.0
12,1253,10.0
12,1277,459.0
12,1363,10.0
13,204,20.0
13,247,10068.2
13,251,10.0
13,298,11.0
13,432,28.0
13,704,10.0
13,738,21.4
13,912,1182.72
13,1022,21.4
13,1096,11.0
14,36,40.0
14,74,475.0
14,113,10.0
14,194,62.0
14,199,10.0
14,239,10.0
14,275,42.0
14,280,11.0
14,485,898.0
14,526,68.0
14,595,11.0
14,598,264.0
14,631,3.0
14,721,10.0
14,799,10.0
14,803,35.0
14,811,8579.86
14,852,338.0
14,871,320.0
14,873,10.0
14,886,10.0
14,959,10.0
14,1013,440.0
14,1042,19.6
14,1101,3.0
14,1132,10.0
14,1164,10.0
14,1258,15.0
15,98,10.0
15,161,35.0
15,198,10.0
15,205,38.0
15,355,10.0
15,454,21.0
15,457,60.0
15,458,10.0
15,493,17.0
15,639,10.0
15,654,16.0
15,699,348.0
15,743,10.0
15,793,100.0
15,816,34.0
15,858,9834.18
15,887,10.0
15,894,15.0
15,910,10.0
15,977,10.0
15,1063,10.0
15,1074,230.0
15,1107,81.0
15,1110,71.0
15,1142,35.0
15,1265,10.0
15,1270,13.0
15,1279,17.0
15,1299,453.0
16,59,4.0
16,88,94.0
16,169,10.0
16,175,10.0
16,392,544.0
16,420,10.0
16,439,10.0
16,589,160.0
16,655,10.0
16,705,10.0
16,730,522.0
16,794,15.0
16,813,16.0
16,836,12.0
16,841,345.0
16,1019,13.0
16,1069,6.0
16,1104,12.0
16,1200,10.0
16,1217,9.0
17,30,26.0
17,178,10.0
17,227,22.0
17,237,13.0
17,317,10.0
17,347,21.4
17,675,10.0
17,684,9.0
17,874,10.0
17,889,10.0
17,897,10593.9
17,919,6.42
17,953,10.0
17,976,10.0
17,1112,10.0
17,1127,10.0
17,1210,65.0
17,1239,10.0
17,1256,10.0
17,1359,10.0
18,133,13.0
18,238,10.0
18,289,27.0
18,403,10.0
18,644,13.0
18,932,10.0
18,1052,9.0
18,1055,18.0
18,1104,10.0
18,1149,10.0
18,1178,1959.0
18,1357,6583.28
19,76,10.0
19,107,10.0
19,114,645.0
19,176,10.0
19,307,43.0
19,325,10.0
19,405,18.0
19,409,47.0
19,460,10.0
19,776,179.0
19,898,650.0
19,945,642.0
19,970,654.0
19,1061,10.0
19,1106,10.0
19,1154,13.0
19,1187,15.0
19,1199,10.0
22,158,31.0
22,192,36.0
22,322,163.0
22,380,10.0
22,569,186.0
22,956,133.0
22,1231,50.0
23,112,12.0
23,171,10.0
23,324,30.0
23,359,10.0
23,465,21.4
23,519,129.0
23,534,1712.0
23,565,10.0
23,569,19.6
23,578,14.0
23,611,21.4
23,614,10.0
23,630,22.0
23,705,22.0
23,732,27.0
23,752,246.0
23,753,19.6
23,826,10.0
23,842,1793.0
23,844,50.96
23,880,10.0
23,907,1681.0
23,935,19.6
23,963,10.0
23,993,214.0
23,1017,13.0
23,1066,10.0
23,1091,10.0
23,1174,10.0
23,1276,3.0
23,1310,6.0
23,1317,255.0
23,1331,230.0
23,1358,19.6
27,1240,918.0
28,215,12.0
28,239,10.0
28,295,24.0
28,301,10.0
28,325,518.0
28,340,10.0
28,341,10.0
28,387,13.0
28,411,10.0
28,451,34.0
28,460,14.0
28,469,10.0
28,482,10.0
28,536,624.0
28,540,10.0
28,682,1545.0
28,701,8608.1
28,721,77.0
28,739,22.0
28,797,15.0
28,803,10.0
28,1042,86.0
28,1101,10.0
28,1124,10.0
28,1159,19.6
28,1179,14.0
28,1197,10.0
28,1216,538.6
29,50,10.0
29,188,10.0
29,239,90.0
29,351,41.0
29,477,10.0
29,502,10.0
29,542,10.0
29,666,11.0
29,851,19.6
29,965,16.0
29,989,10.0
30,17,26.0
30,58,25.0
30,104,11.0
30,113,10.0
30,178,17.0
30,227,11.0
30,237,11.0
30,316,9.0
30,409,19.0
30,460,13.0
30,497,17.0
30,700,6.0
30,723,17.0
30,761,16.0
30,771,61.0
30,867,12.0
30,871,11.0
30,1028,3134.0
30,1093,10.0
30,1225,10.0
31,83,14.0
31,112,15.0
31,210,45.0
31,213,21.4
31,269,122.0
31,284,25.0
31,324,54.0
31,365,4.0
31,394,21.4
31,400,3.0
31,601,5.0
31,706,29.0
31,764,19.0
31,1052,10726.1
31,1116,33.0
31,1191,28.0
31,1321,72.0
31,1338,9.0
32,3,316.0
32,56,10.0
32,76,10.0
32,99,337.0
32,104,14.0
32,143,10.0
32,172,51.0
32,181,10.0
32,186,478.0
32,195,16.0
32,273,10.0
32,275,10.0
32,291,10.0
32,321,25.0
32,325,43.0
32,340,31.0
32,387,45.0
32,486,42.0
32,507,30.0
32,554,10.0
32,592,51.0
32,616,13.0
32,646,333.0
32,665,10.0
32,677,333.0
32,748,7.0
32,797,45.0
32,798,9908.86
32,814,3.0
32,889,22.0
32,897,17.0
32,953,22.0
32,959,18.0
32,965,42.0
32,971,47.0
32,1011,317.0
32,1027,51.0
32,1028,24.0
32,1154,415.0
32,1167,340.0
32,1179,12.0
32,1292,14.0
32,1362,22.0
33,51,10.0
33,142,10.0
33,214,15.0
33,292,250.0
33,551,12.0
33,582,10.0
33,600,28.0
33,793,10.0
33,815,9844.380000000001
33,832,31.0
33,1070,16.0
33,1162,27.0
33,1202,3.0
33,1206,59.0
33,1282,10.0
33,1311,3.0
33,1343,89.0
33,1346,13.0
34,51,12.0
34,76,14.0
34,220,594.0
34,237,10.0
34,273,28.0
34,341,11.0
34,434,103.0
34,459,104.0
34,532,10818.5
34,616,70.0
34,714,31.0
34,968,14.0
34,976,10.0
34,1060,10.0
34,1076,10.0
34,1087,21.0
34,1154,11.0
34,1179,3.0
34,1254,39.0
36,14,40.0
36,76,30.0
36,140,21.4
36,315,10.0
36,385,16.0
36,405,10.0
36,455,10.0
36,482,3.0
36,503,10.0
36,524,144.0
36,542,10.0
36,598,10.0
36,652,10651.1
36,873,10.0
36,874,127.0
36,958,140.0
36,1044,136.0
36,1045,61.0
36,1115,13.0
36,1167,10.0
37,177,35.0
37,293,34.56
37,428,10.0
37,764,37.0
37,789,24.0
37,836,10451.18
37,882,28.0
37,975,26.0
37,984,32.0
37,1041,11.0
37,1245,271.0
37,1253,260.0
37,1338,10.0
38,9,111.0
38,84,10.0
38,103,10866.1
38,297,11.0
38,306,11.0
38,379,12.0
38,398,81.0
38,425,25.0
38,465,17.0
38,584,10.0
38,587,13.0
38,604,21.0
38,613,18.0
38,637,30.0
38,690,25.0
38,729,144.0
38,736,10.0
38,738,14.0
38,803,185.0
38,1026,10.0
38,1105,41.0
38,1120,31.0
38,1224,23.0
38,1269,10.0
38,1304,29.0
38,1309,13.0
38,1312,127.0
38,1342,19.0
39,507,10.0
39,933,5086.36
40,84,10.0
40,389,1690.0
40,585,3.0
40,613,36.0
40,623,1166.0
40,626,3.0
40,727,10.0
40,808,14.0
40,869,11.0
40,939,92.0
40,978,14.0
40,1023,34.0
40,1064,10.0
40,1105,10.0
40,1221,10.0
40,1291,10.0
40,1309,10.0
41,10,5730.46
41,302,19.0
41,314,11.0
41,343,10.0
41,351,10.0
41,365,6.0
41,368,10.0
41,533,10.0
41,571,10.0
41,604,10.0
41,613,16.0
41,672,10.0
41,729,14.0
41,736,10.0
41,791,10.0
41,1006,77.0
41,1022,10.0
41,1080,19.6
41,1113,1645.0
41,1117,12.0
41,1193,10.0
41,1194,107.0
44,127,28.0
44,243,22.0
44,300,20.0
44,333,24.0
44,347,25.0
44,483,96.0
44,607,721.0
44,625,10.0
44,646,17.0
44,884,652.0
44,1197,10.0
44,1294,3.0
44,1340,10.0
45,85,22.0
45,141,10.0
45,143,20.0
45,469,618.0
45,482,30.0
45,485,10.0
45,526,27.0
45,595,194.0
45,694,3.0
45,698,19.6
45,724,524.26
45,761,289.0
45,868,164.0
45,904,41.0
45,968,758.26
45,1179,9134.26
45,1197,10.0
45,1256,31.4
46,9,5354.74
46,117,10.0
46,1209,21.4
47,112,10.0
47,158,10.0
47,168,10.0
47,222,8.56
47,256,17.0
47,433,10.0
47,512,10.0
47,856,7546.52
47,963,10.0
47,984,19.6
47,1039,10.0
47,1041,10.0
47,1189,10.0
47,1214,71.0
49,84,3.0
49,306,19.0
49,343,31.0
49,365,19.6
49,387,10.0
49,417,10.0
49,568,10715.46
49,611,35.0
49,642,32.0
49,662,41.0
49,704,10.0
49,712,10.0
49,935,6.0
49,950,49.0
49,1007,10.0
49,1018,15.0
49,1080,10.0
49,1120,26.0
49,1136,10.0
49,1296,13.0
50,29,10.0
50,114,38.0
50,118,10.0
50,132,11.0
50,141,17.0
50,199,13.0
50,241,8005.860000000001
50,298,19.0
50,316,13.0
50,340,12.0
50,351,6.0
50,451,11.0
50,460,18.0
50,540,10.0
50,666,37.0
50,721,27.0
50,814,13.0
50,945,11.0
50,958,12.0
50,959,7.0
50,964,27.0
50,970,50.0
50,989,1319.0
50,1259,2196.0
51,33,10.0
51,34,12.0
51,121,20.0
51,140,379.0
51,141,10.0
51,304,10.0
51,307,97.0
51,333,12.0
51,340,23.0
51,411,21.0
51,436,6.0
51,540,382.0
51,547,16.0
51,592,18.0
51,599,10.0
51,768,179.0
51,775,10.0
51,810,10712.34
51,825,10.0
51,874,10.0
51,918,357.0
51,945,507.0
51,970,225.0
51,994,10.0
51,1028,11.0
51,1094,10.0
52,191,13.0
52,229,88.0
52,461,91.0
52,602,10.0
52,604,10.0
52,613,3.0
52,803,49.0
52,861,10.0
52,939,27.0
52,998,15.0
52,1082,10.0
52,1156,10.0
52,1266,7.0
53,88,10.0
53,100,10.0
53,115,13.0
53,132,14.0
53,429,6.0
53,463,26.0
53,512,131.0
53,520,10.0
53,548,9478.82
53,566,11.0
53,579,10.0
53,609,10.0
53,765,52.0
53,880,10.0
53,1075,21.4
53,1172,10.0
53,1217,10.0
54,83,19.6
54,175,19.6
54,198,10.0
54,207,34.0
54,270,10.0
54,427,10772.7
54,488,15.0
54,631,10.0
54,667,11.0
54,681,12.0
54,823,3.0
54,1232,10.0
54,1276,28.0
55,12,283.0
55,66,175.0
55,160,64.0
55,218,29.0
55,336,67.0
55,355,12.0
55,400,3.0
55,404,10.0
55,438,146.0
55,491,10.0
55,508,35.0
55,560,24.0
55,590,10.0
55,609,26.0
55,644,10666.62
55,675,10.0
55,717,18.0
55,737,85.0
55,772,3.0
55,966,105.0
55,992,55.0
55,1055,10.0
55,1065,61.0
55,1091,116.0
55,1189,10.0
55,1207,13.0
55,1217,52.0
55,1277,10.0
56,32,10.0
56,104,17.0
56,149,8.0
56,240,10.0
56,263,7.0
56,351,3.0
56,364,10.0
56,385,19.6
56,388,6.0
56,479,5434.44
56,506,10.0
56,767,14.0
56,987,10.0
56,1111,10.0
56,1159,12.0
56,1179,10.0
57,356,16.0
57,453,32.0
57,517,10.0
57,691,18.0
57,1070,9.0
57,1162,19.0
57,1185,42.0
57,1190,43.0
57,1274,18.0
57,1311,303.0
58,30,25.0
58,178,2314.0
58,295,8.0
58,395,10.0
58,486,10.0
58,698,10.0
58,897,18.0
58,934,3.0
58,941,10.0
58,1254,473.0
59,16,4.0
59,100,13.0
59,115,10.0
59,168,6.0
59,276,10.0
59,423,11.0
59,445,10.0
59,478,10.0
59,535,10.0
59,655,49.0
59,697,10.0
59,732,28.0
59,747,10.0
59,790,14.0
59,822,3.0
59,856,3.0
59,1033,67.0
59,1041,77.0
59,1048,1010.0
59,1126,10.0
59,1244,7842.32
59,1272,10.0
59,1276,53.0
59,1317,10.0
60,1,10.0
60,114,3.0
60,124,186.0
60,151,10.0
60,195,10.0
60,299,10.0
60,333,10.0
60,353,13.0
60,385,30.0
60,469,19.6
60,502,11.0
60,503,1179.0
60,506,10.0
60,647,7.0
60,814,10.0
60,851,10.0
60,886,22.0
60,889,10.0
60,976,1118.0
60,1045,10.0
60,1121,27.0
60,1164,180.0
60,1292,15.0
61,191,10.0
61,196,32.0
61,303,24.0
61,381,10.0
61,440,17.0
61,645,26.0
61,795,16.0
61,868,14.0
61,877,15.0
61,914,10.0
61,998,31.0
61,1001,11078.1
61,1079,23.0
61,1082,10.0
61,1143,10.0
63,104,153.0
63,151,28.0
63,195,3.0
63,246,10.0
63,321,15.0
63,599,18.0
63,665,441.0
63,677,77.0
63,680,28.0
63,754,10.0
63,884,3.0
63,930,76.0
63,958,10.0
63,971,10700.26
63,1002,401.0
63,1011,10.0
63,1132,468.0
63,1154,145.0
64,11,132.0
64,122,31.0
64,137,27.0
64,161,10.0
64,188,503.0
64,195,11.0
64,214,7.0
64,243,7.0
64,301,10.0
64,307,10.0
64,341,10.0
64,356,15.0
64,431,10.0
64,591,10.0
64,596,15.0
64,616,38.0
64,621,269.0
64,647,14.0
64,667,10.0
64,687,1639.0
64,699,10.0
64,708,33.0
64,714,10.0
64,771,10.0
64,803,21.0
64,904,66.0
64,910,354.0
64,919,27.0
64,929,15.0
64,945,10.0
64,962,111.0
64,1035,10.0
64,1112,10.0
64,1154,20.0
64,1198,10.0
64,1202,10.0
64,1228,3.0
64,1235,10.0
65,407,99.0
65,576,79.0
65,664,221.0
65,689,10664.66
65,882,11.0
66,12,73.0
66,55,175.0
66,83,82.0
66,96,10.0
66,111,127.0
66,133,23.0
66,142,406.0
66,173,10.0
66,206,12.0
66,288,10.0
66,329,62.0
66,443,38.0
66,463,10.0
66,473,3.0
66,523,64.0
66,534,40.0
66,559,191.0
66,574,151.0
66,580,11.0
66,609,10921.46
66,644,162.0
66,671,10.0
66,861,3.0
66,907,18.0
66,1037,10.0
66,1122,477.0
66,1257,150.0
66,1348,223.0
69,126,23.54
69,245,5720.52
69,259,3.0
69,413,21.4
69,445,10.0
69,545,10.0
69,601,10.0
69,608,5.0
69,664,38.0
69,1102,12.0
69,1208,11.0
69,1242,19.0
69,1263,21.4
69,1278,91.0
70,5,10.0
70,71,46.0
70,89,48.0
70,202,37.0
70,256,39.0
70,271,23.0
70,334,6565.2
70,336,10.0
70,374,39.0
70,430,10.0
70,583,10.0
70,612,10.0
70,675,10.0
70,740,10.0
70,813,10.0
70,833,36.0
70,932,10.0
70,1067,177.0
70,1271,4.0
70,1272,34.0
70,1278,10.0
71,70,46.0
71,134,12.0
71,202,134.0
71,256,10.0
71,271,89.0
71,298,11.0
71,334,55.0
71,335,87.0
71,374,114.0
71,410,10.0
71,583,13.0
71,598,10.0
71,623,12.0
71,833,6996.84
73,9,10.0
73,117,89.0
73,139,28.0
73,225,145.0
73,232,4.0
73,297,3.0
73,351,63.0
73,371,10.0
73,412,10.0
73,599,10.0
73,656,5.0
73,663,3.0
73,680,3.0
73,736,16.0
73,744,10.0
73,800,249.0
73,893,10.0
73,901,21.0
73,942,12.0
73,1006,4740.68
73,1007,10.0
73,1193,10.0
74,14,475.0
74,79,17.0
74,104,10.0
74,121,19.6
74,122,10.0
74,183,10.0
74,186,10.0
74,325,9822.42
74,340,15.0
74,405,26.0
74,452,91.0
74,483,12.0
74,486,407.0
74,537,10.0
74,734,10.0
74,768,22.0
74,799,8.56
74,803,13.0
74,811,496.0
74,851,12.0
74,873,1795.0
74,919,10.0
74,1021,24.0
74,1028,10.0
74,1045,21.0
74,1121,13.0
74,1341,8.0
75,98,44.0
75,156,10.0
75,171,10.0
75,356,42.0
75,528,723.0
75,550,7.0
75,624,10.0
75,643,110.0
75,650,32.0
75,683,48.0
75,702,3.0
75,880,10.0
75,1067,105.0
75,1090,10.0
75,1150,10.0
75,1265,9724.44
75,1271,10.0
76,19,10.0
76,32,10.0
76,34,14.0
76,36,30.0
76,311,10.0
76,352,66.0
76,402,144.0
76,405,10.0
76,482,400.0
76,483,307.0
76,530,423.0
76,770,271.0
76,824,80.0
76,846,10.0
76,883,11.0
76,988,11.0
76,1053,10.0
76,1124,460.0
76,1144,10.0
76,1187,3.0
76,1210,181.0
76,1254,10.0
76,1340,10.0
77,98,10.0
77,292,1505.0
77,858,45.0
77,894,13.0
77,1110,17.0
77,1142,73.0
77,1251,10819.5
77,1259,10.0
77,1271,49.0
77,1300,1645.0
77,1350,36.0
78,177,468.0
78,205,10.0
78,216,10.0
78,360,4.0
78,448,10.0
78,493,25.0
78,534,10.0
78,553,17.0
78,681,11.0
78,699,16.0
78,702,21.0
78,804,10.0
78,848,3.0
78,977,10855.1
78,981,3.0
78,1049,18.0
78,1058,365.0
78,1262,13.0
78,1270,10.0
79,74,17.0
79,141,11.0
79,240,4750.08
79,321,3.0
79,347,6.0
79,452,10.0
79,598,14.0
79,607,24.0
79,799,10.0
79,871,33.0
79,873,10.0
79,1021,10.0
79,1164,3.0
79,1197,10.0
80,87,1231.0
80,114,29.0
80,176,13.0
80,227,14.0
80,249,10.0
80,299,2200.0
80,304,12.0
80,307,10.0
80,364,10.0
80,405,13.0
80,467,10.0
80,485,10.0
80,507,16.0
80,715,10002.1
80,761,43.0
80,767,10.0
80,768,55.0
80,889,13.0
80,898,10.0
80,968,549.0
80,1086,10.0
80,1101,47.0
80,1115,2005.0
80,1167,10.0
83,31,14.0
83,54,19.6
83,66,82.0
83,88,9454.1
83,106,10.0
83,132,26.0
83,171,10.0
83,206,337.0
83,207,55.0
83,253,10.0
83,329,162.0
83,382,10.0
83,415,247.0
83,423,21.0
83,443,145.0
83,473,471.0
83,523,166.0
83,573,19.6
83,609,114.0
83,907,11.0
83,937,266.0
83,1098,298.0
83,1232,10.0
83,1357,14.0
84,38,10.0
84,40,10.0
84,49,3.0
84,146,11.0
84,157,10.0
84,251,58.0
84,271,669.0
84,367,10.0
84,379,143.0
84,533,9833.66
84,584,108.0
84,587,440.0
84,662,318.0
84,791,3.0
84,800,5.0
84,921,14.0
84,924,10.0
84,1111,3.0
84,1193,14.0
84,1215,452.0
84,1226,10.0
84,1233,42.8
85,45,22.0
85,183,10671.1
85,273,10.0
85,436,10.0
85,483,12.0
85,486,10.0
85,507,14.0
85,735,65.0
85,779,12.0
85,919,10.0
87,80,1231.0
87,113,316.0
87,114,44.0
87,123,10.0
87,201,579.0
87,255,10.0
87,299,1812.0
87,304,10.0
87,307,278.0
87,483,10.0
87,715,2085.0
87,798,32.0
87,851,7080.9400000000005
87,968,19.0
87,1087,19.6
87,1115,1704.0
87,1161,20.0
87,1167,36.0
87,1187,80.0
88,16,94.0
88,53,10.0
88,83,9454.1
88,187,13.0
88,197,10.0
88,254,3.0
88,270,5.0
88,298,10.0
88,305,67.0
88,386,134.0
88,392,947.0
88,511,15.0
88,590,10.0
88,657,10.0
88,696,4.0
88,705,10.0
88,730,1496.0
88,823,118.0
88,864,10.0
88,1039,10.0
88,1307,3.0
88,1363,22.0
89,70,48.0
89,169,10353.62
89,212,77.0
89,258,10.0
89,334,58.0
89,591,11.0
89,679,10.0
89,820,10.0
89,1068,10.0
89,1184,10.0
91,96,9999.619999999999
91,167,10.0
91,206,10.0
91,212,19.0
91,218,519.0
91,253,10.0
91,259,10.0
91,498,10.0
91,513,10.0
91,562,10.0
91,627,78.0
91,681,10.0
91,720,3.0
91,966,10.0
91,990,10.0
91,996,10.0
91,1046,104.0
91,1065,10.0
91,1069,10.0
91,1355,10.0
94,90,4139.34
94,163,3408.38
94,193,4640.26
94,401,4639.26
94,759,11155.1
94,940,4647.26
94,947,4660.26
94,1356,10889.5
96,66,10.0
96,91,9999.619999999999
96,168,21.4
96,184,16.0
96,218,10.0
96,498,10.0
96,512,15.0
96,534,10.0
96,627,20.0
96,644,13.0
96,670,10.0
96,753,10.0
96,840,7.0
96,984,10.0
96,990,10.0
96,996,92.0
96,1046,13.0
96,1068,6.0
96,1091,10.0
96,1178,5.0
97,191,102.0
97,297,12.0
97,361,11.0
97,521,34.0
97,709,10.0
97,756,35.0
97,791,10.0
97,998,10.0
97,1080,2913.0
97,1084,30.0
97,1285,10.0
98,15,10.0
98,75,44.0
98,77,10.0
98,356,10809.1
98,442,3.0
98,470,10.0
98,528,16.0
98,596,10.0
98,687,10.0
98,699,83.0
98,745,3.0
98,794,20.0
98,796,10.0
98,887,10.0
98,894,17.0
98,1067,23.0
98,1070,10.0
98,1102,10.0
98,1141,12.0
98,1145,23.0
98,1310,10.0
98,1346,10.0
99,32,337.0
99,104,459.0
99,186,16.0
99,241,10.0
99,307,3.0
99,321,8788.06
99,485,26.0
99,595,423.0
99,646,10.0
99,665,492.0
99,677,505.0
99,680,10.0
99,761,295.0
99,770,10.0
99,797,16.0
99,911,28.0
99,960,10.0
99,1011,19.0
99,1154,191.0
99,1167,10.0
100,53,10.0
100,59,13.0
100,167,111.0
100,262,52.0
100,269,693.0
100,270,298.0
100,289,10.0
100,336,263.0
100,337,126.0
100,420,10.0
100,427,68.0
100,432,10.0
100,516,138.0
100,573,18.0
100,609,10.0
100,627,68.0
100,667,12.0
100,696,10.0
100,717,10.0
100,765,10.0
100,823,17.0
100,853,18.0
100,864,7560.24
100,984,25.0
100,1039,42.0
100,1041,3.0
100,1059,10.0
100,1116,805.0
100,1135,11.0
100,1185,148.0
100,1338,10.0
101,121,34.0
101,140,47.4
101,227,10.0
101,385,39.0
101,467,32.0
101,538,53.0
101,646,10.0
101,652,3.0
101,710,10.0
101,735,101.0
101,751,3.0
101,767,2683.48
101,871,24.0
101,928,32.0
101,930,10.0
101,972,11.0
101,1011,21.0
101,1088,10.0
101,1132,11.0
101,1154,10.0
101,1159,19.6
101,1165,68.48
101,1179,29.0
101,1314,10.0
102,120,10.0
102,153,28.0
102,160,10.0
102,189,10930.14
102,224,10.0
102,335,10.0
102,416,73.0
102,438,16.0
102,443,958.0
102,444,140.0
102,559,183.0
102,574,99.0
102,644,75.0
102,882,3.0
102,1037,30.0
102,1207,10.0
102,1208,10.0
102,1257,2480.0
102,1348,20.0
103,38,10866.1
103,119,10.0
103,306,26.0
103,425,23.0
103,465,10.0
103,645,21.0
103,716,3.0
103,756,10.0
103,782,10.0
103,792,27.0
103,795,10.0
103,915,10.0
103,946,13.0
103,978,10.0
103,999,10.0
103,1072,41.0
103,1079,38.0
103,1105,21.0
103,1304,22.0
103,1305,47.0
103,1312,54.0
103,1342,10.0
104,3,7.0
104,30,11.0
104,32,14.0
104,56,17.0
104,63,153.0
104,74,10.0
104,99,459.0
104,141,10.0
104,151,10.0
104,186,177.0
104,215,18.0
104,321,444.0
104,353,7035.16
104,595,16.0
104,665,73.0
104,677,11.0
104,680,447.0
104,715,11.0
104,761,10.0
104,797,10.0
104,884,10.0
104,928,40.0
104,956,10.0
104,958,10.0
104,959,10.0
104,971,286.0
104,1011,16.0
104,1027,10.0
104,1132,10.0
104,1159,29.0
104,1179,37.0
104,1225,10.0
104,1362,27.0
106,83,10.0
106,111,21.4
106,258,10.0
106,373,10.0
106,403,10.0
106,487,20.0
106,511,13.0
106,565,10.0
106,573,8054.82
106,601,2157.0
106,842,10.0
106,1017,10.0
106,1052,10.0
106,1230,10.0
107,19,10.0
107,182,10.0
107,208,64.0
107,291,10.0
107,295,10.0
107,300,10.0
107,333,10.0
107,503,11.0
107,554,18.0
107,666,9283.84
107,852,10.0
107,886,10.0
107,898,10.0
107,1028,58.0
107,1094,43.0
107,1161,9.0
107,1286,4.0
107,1332,21.0
110,122,3.0
110,341,20.0
110,387,10.0
110,434,34.0
110,459,20.0
110,479,23.0
110,526,10.0
110,581,1510.0
110,714,1246.0
110,898,3.0
110,1060,7159.74
110,1077,20.0
110,1174,46.0
110,1294,10.0
111,66,127.0
111,106,21.4
111,132,9829.1
111,184,195.0
111,206,172.0
111,207,84.6
111,259,10.0
111,382,10.0
111,443,26.0
111,473,120.0
111,484,21.4
111,534,111.0
111,548,10.0
111,572,1647.0
111,573,21.4
111,609,43.0
111,667,3.0
111,752,19.6
111,778,11.0
111,826,29.6
111,842,140.0
111,907,150.0
111,1098,19.6
112,12,439.0
112,23,12.0
112,31,15.0
112,47,10.0
112,160,10.0
112,360,10.0
112,432,19.0
112,473,137.0
112,498,10.0
112,546,10.0
112,612,10.0
112,630,1657.0
112,705,10848.58
112,861,3.0
112,880,10.0
112,984,82.0
112,1052,61.0
112,1069,61.0
112,1208,21.0
112,1220,12.0
112,1232,10.0
112,1250,17.0
112,1357,123.0
112,1363,1490.0
113,14,10.0
113,30,10.0
113,87,316.0
113,122,17.0
113,172,10.0
113,176,10.0
113,178,35.0
113,219,3.0
113,220,10.0
113,244,21.4
113,246,24.0
113,333,10.0
113,455,15.0
113,483,27.0
113,647,20.0
113,803,10.0
113,886,10.0
113,898,103.0
113,925,226.0
113,965,10.0
113,989,81.0
113,997,10.0
113,1045,10.0
113,1115,10.0
113,1121,10.0
113,1164,10.0
114,19,645.0
114,50,38.0
114,60,3.0
114,80,29.0
114,87,44.0
114,143,10.0
114,188,10.0
114,255,10.0
114,291,9206.4
114,341,10.0
114,351,10.0
114,352,3.0
114,353,27.0
114,369,10.0
114,417,10.0
114,455,10.0
114,483,66.0
114,503,13.0
114,522,25.0
114,598,10.0
114,688,15.0
114,711,16.0
114,755,19.0
114,789,10.0
114,886,10.0
114,898,1665.0
114,925,10.0
114,945,10.0
114,997,10.0
114,1021,76.0
114,1101,10.0
114,1167,12.0
114,1187,10.0
114,1256,10.0
115,53,13.0
115,59,10.0
115,173,10.0
115,197,84.0
115,254,10.0
115,305,52.0
115,386,10170.36
115,463,11.0
115,492,7.0
115,498,24.0
115,513,19.6
115,516,33.0
115,562,10.0
115,577,11.0
115,730,10.0
115,823,126.0
115,1066,12.0
115,1075,26.0
115,1126,16.0
115,1331,10.0
116,133,14.0
116,218,77.0
116,403,42.0
116,429,82.0
116,593,10656.74
116,765,10.0
116,772,77.0
116,962,179.0
116,990,10.0
116,1046,12.0
116,1116,11.0
116,1158,88.0
116,1208,10.0
116,1253,14.0
117,46,10.0
117,73,89.0
117,149,10.0
117,160,17.64
117,328,10.0
117,369,10.0
117,563,8063.5599999999995
117,585,26.0
117,791,10.0
117,863,10.0
117,911,10.0
117,978,10.0
117,1022,21.4
117,1023,10.0
117,1096,3.0
117,1118,40.0
117,1130,10.0
117,1314,10.0
117,1358,10.0
118,50,10.0
118,488,6639.84
118,526,3.0
118,700,28.0
118,852,24.0
118,941,10.0
118,971,3.0
118,1013,114.0
118,1093,11.0
118,1126,20.0
119,9,10.0
119,103,10.0
119,157,1881.0
119,341,10.0
119,532,10.0
119,584,1790.0
119,611,10.0
119,711,34.0
119,886,31.0
119,924,10.0
119,1289,21.4
120,102,10.0
120,142,10.0
120,270,10.0
120,301,10.0
120,312,11.0
120,355,32.0
120,424,12.0
120,442,29.0
120,517,10.0
120,573,446.0
120,578,191.0
120,596,16.0
120,617,10225.56
120,628,3.0
120,733,9.0
120,764,18.0
120,817,60.0
120,832,4.0
120,840,11.0
120,849,22.0
120,854,20.0
120,887,10.0
120,916,49.0
120,929,4.0
120,981,10.0
120,1012,5.0
120,1068,14.0
120,1162,10.0
120,1228,8.0
120,1279,10.0
120,1299,40.0
120,1318,12.0
120,1343,11.0
120,1345,14.0
120,1346,10.0
120,1354,13.0
121,51,20.0
121,74,19.6
121,101,34.0
121,340,10.0
121,385,26.0
121,469,10.0
121,503,90.0
121,537,10.0
121,538,10.0
121,594,15.0
121,598,23.0
121,616,10.0
121,647,33.0
121,680,10.0
121,698,16.0
121,851,11.0
121,884,201.0
121,925,19.0
121,928,24.0
121,930,1121.0
121,1027,10.0
121,1124,10.0
121,1127,16.0
121,1131,13.0
121,1132,10.0
121,1167,10.0
121,1179,18.0
121,1210,10.0
122,64,31.0
122,74,10.0
122,110,3.0
122,113,17.0
122,176,74.0
122,178,19.0
122,188,10.0
122,340,38.0
122,387,6.0
122,405,75.0
122,434,10.0
122,483,36.0
122,525,10.0
122,647,4.0
122,700,10.0
122,798,26.0
122,884,22.0
122,886,104.0
122,928,15.0
122,958,21.4
122,1060,3.0
122,1077,10.0
122,1087,3.0
122,1121,10860.7
122,1154,10.0
122,1161,20.0
122,1174,4.0
123,87,10.0
123,127,18.0
123,151,62.0
123,201,21.4
123,257,11.0
123,275,10.0
123,300,10.0
123,325,10.0
123,385,14.0
123,455,41.0
123,460,29.0
123,486,67.0
123,538,23.0
123,540,13.0
123,723,23.0
123,818,10.0
123,884,14.0
123,934,45.0
123,960,22.0
123,968,10.0
123,1061,31.0
123,1086,30.0
123,1088,10.0
123,1159,492.0
123,1179,10.0
123,1187,89.0
123,1196,10.0
123,1199,10510.380000000001
124,60,186.0
124,172,10.0
124,178,10.0
124,257,34.0
124,340,19.0
124,395,10.0
124,436,9.0
124,507,10.0
124,542,10.0
124,715,55.0
124,761,95.0
124,798,31.0
124,889,10872.1
124,898,10.0
124,941,206.0
124,965,40.0
124,1106,10.0
124,1179,61.0
125,369,10.0
125,402,10.0
125,404,10.0
125,450,149.0
125,756,10.0
125,883,27.0
125,999,10.0
125,1026,46.0
125,1062,59.0
125,1168,19.0
125,1186,8068.68
125,1221,10.0
125,1233,18.0
125,1305,10.0
126,69,23.54
126,153,28.0
126,169,19.6
126,433,10.0
126,566,10.0
126,578,19.0
126,601,39.96
126,617,11.0
126,630,10.0
126,662,21.4
126,764,34.24
126,832,21.0
126,963,10.0
126,1113,10.0
126,1206,10.0
126,1207,9807.1
126,1253,10.0
126,1273,10.0
126,1298,10.0
127,44,28.0
127,123,18.0
127,133,10.0
127,172,17.0
127,188,33.0
127,307,10.0
127,340,12.0
127,347,12.0
127,352,33.0
127,385,10.0
127,387,11.0
127,405,10.0
127,525,104.0
127,675,10.0
127,755,10.0
127,945,35.480000000000004
127,959,18.0
127,1034,11.0
127,1061,65.0
127,1159,4854.46
127,1199,10.0
127,1254,423.0
128,138,10.0
128,334,10.0
128,355,34.0
128,356,11.0
128,675,3.0
128,681,19.0
128,689,66.0
128,699,247.0
128,796,422.0
128,910,24.0
128,981,27.0
128,1102,406.0
128,1107,3.0
128,1189,57.0
128,1190,675.0
128,1262,63.0
128,1311,722.0
128,1343,4.0
129,141,305.0
129,199,10.0
129,316,27.0
129,387,5080.280000000001
129,525,19.6
129,846,10.0
129,941,479.0
129,958,12.0
129,1127,10.0
130,5,10.0
130,133,10.0
130,136,10.0
130,158,10.0
130,160,44.0
130,167,10.0
130,171,3.0
130,177,19.0
130,242,41.0
130,262,48.0
130,400,13.0
130,429,31.0
130,435,47.42
130,438,14.0
130,473,10.0
130,696,10.0
130,717,78.0
130,790,16.0
130,853,12.0
130,885,10.0
130,932,38.0
130,961,21.4
130,1037,25.48
130,1041,14.0
130,1059,10.0
130,1091,34.0
130,1184,27.0
130,1217,42.0
130,1245,8770.74
131,138,682.0
131,165,718.0
131,205,12.0
131,244,10.0
131,266,12.0
131,292,56.0
131,356,122.0
131,397,80.0
131,400,10.0
131,457,308.0
131,496,121.0
131,519,10.0
131,539,11.0
131,612,14.0
131,648,10.0
131,679,10526.9
131,692,10.0
131,699,6.0
131,708,6.0
131,719,10.0
131,796,42.0
131,828,17.0
131,887,14.0
131,899,80.0
131,981,93.0
131,984,64.0
131,1162,10.0
131,1189,24.0
131,1190,57.0
131,1198,3.0
131,1290,21.0
131,1328,7.0
132,4,25.0
132,50,11.0
132,53,14.0
132,83,26.0
132,111,9829.1
132,144,10.0
132,187,10.0
132,192,41.0
132,206,115.0
132,207,474.0
132,224,21.4
132,247,13.0
132,257,24.0
132,259,17.0
132,262,34.4
132,270,10.0
132,298,1591.0
132,301,10.0
132,336,38.0
132,415,11.0
132,432,575.0
132,473,188.0
132,534,114.0
132,562,10.0
132,591,10.0
132,612,19.0
132,614,10.0
132,717,10.0
132,720,10.0
132,731,12.0
132,737,10.0
132,765,10.0
132,823,10.0
132,833,10.0
132,842,10.0
132,963,10.0
132,966,10.0
132,989,20.0
132,990,10.0
132,1010,61.0
132,1055,11.0
132,1135,10.0
132,1207,33.0
132,1232,10.0
132,1272,10.0
132,1317,10.0
133,18,13.0
133,66,23.0
133,116,14.0
133,127,10.0
133,130,10.0
133,142,10.0
133,166,10.0
133,175,50.0
133,218,44.0
133,238,10932.18
133,269,102.0
133,276,20.0
133,317,10.0
133,318,93.0
133,404,10.0
133,429,131.0
133,508,16.0
133,559,13.0
133,574,3.0
133,609,8.0
133,747,10.0
133,769,50.0
133,772,155.0
133,962,30.0
133,1037,245.0
133,1046,39.0
133,1122,216.0
133,1276,10.0
133,1307,34.0
133,1360,10.0
134,71,12.0
134,305,10.0
134,589,22.0
134,696,16.0
134,1173,4616.26
134,1217,5379.68
134,1245,19.6
134,1267,4119.280000000001
134,1329,556.0
135,161,20.0
135,296,10.0
135,370,10.0
135,421,88.0
135,456,83.0
135,615,6.0
135,691,4.0
135,745,9778.62
135,794,28.0
135,862,20.0
135,1016,184.0
135,1038,55.0
135,1108,151.0
135,1123,10.0
135,1150,10.0
135,1206,24.0
135,1273,44.0
136,130,10.0
136,431,10.0
136,463,30.0
136,512,20.0
136,513,81.0
136,516,5.0
136,534,10.0
136,644,10.0
136,697,22.0
136,720,53.0
136,1017,10.0
136,1033,11.0
136,1065,105.0
136,1066,47.0
136,1122,10.0
136,1217,40.0
136,1250,133.0
137,64,27.0
137,161,10.0
137,205,16.0
137,437,194.0
137,453,10.0
137,458,10.0
137,528,56.0
137,539,123.0
137,591,44.0
137,621,462.0
137,628,10.0
137,643,55.0
137,650,10.0
137,683,10218.42
137,691,19.0
137,719,10.0
137,850,21.4
137,917,10.0
137,962,27.0
137,1151,10.0
137,1328,10.0
138,128,10.0
138,131,682.0
138,165,10750.94
138,429,14.0
138,431,13.0
138,437,10.0
138,492,10.0
138,591,48.0
138,601,10.0
138,679,725.0
138,769,10.0
138,794,12.0
138,885,14.0
138,986,10.0
138,1104,10.0
138,1211,10.0
138,1278,17.0
139,73,28.0
139,225,58.0
139,232,23.0
139,297,127.0
139,302,21.4
139,413,18.0
139,563,35.0
139,637,41.0
139,792,10.0
139,961,4.0
139,1007,10.0
139,1082,21.4
139,1309,80.0
140,36,21.4
140,51,379.0
140,101,47.4
140,181,21.0
140,219,10.0
140,227,10.0
140,241,1366.0
140,280,10.0
140,291,60.0
140,325,10.0
140,353,428.0
140,540,20.0
140,595,10.0
140,599,13.0
140,616,10.0
140,714,6.0
140,835,10.0
140,871,10.0
140,1002,12.0
140,1028,10.0
140,1088,9143.18
140,1101,11.0
140,1127,18.0
140,1132,10.0
140,1286,10.0
140,1314,10.0
140,1362,25.0
142,33,10.0
142,66,406.0
142,120,10.0
142,133,10.0
142,168,10.0
142,177,30.0
142,285,23.0
142,298,10.0
142,394,10.0
142,403,19.6
142,410,95.0
142,419,35.0
142,432,4428.6
142,444,10.0
142,445,10.0
142,546,2544.24
142,577,15.0
142,579,10.0
142,582,10.0
142,655,71.0
142,692,10.0
142,764,247.8
142,801,12.0
142,820,101.0
142,836,10.0
142,895,201.0
142,923,11.0
142,963,104.0
142,1206,10.0
142,1248,3.0
142,1298,10.0
143,32,10.0
143,45,20.0
143,114,10.0
143,141,154.08
143,255,189.0
143,321,15.0
143,409,7.0
143,452,747.3199999999999
143,467,445.24
143,482,7.0
143,485,261.2
143,594,38.0
143,605,8.0
143,646,10.0
143,694,21.0
143,751,178.0
143,761,216.0
143,770,221.0
143,874,10.0
143,886,10.0
143,904,568.56
143,908,10.0
143,960,39.0
143,989,10.0
143,1021,1276.04
143,1042,836.72
143,1101,91.0
143,1127,3.0
143,1154,10.0
143,1187,266.58
143,1216,3.0
143,1256,9519.44
144,132,10.0
144,165,61.0
144,187,7676.78
144,198,4.0
144,288,21.0
144,339,9.0
144,354,10.0
144,366,10.0
144,419,10.0
144,511,21.4
144,551,71.0
144,608,10.0
144,772,10.0
144,844,199.0
144,1010,140.0
144,1055,24.0
144,1075,165.0
144,1098,3.0
144,1125,36.0
144,1126,163.0
144,1188,30.0
144,1338,10.0
144,1354,52.0
151,60,10.0
151,63,28.0
151,104,10.0
151,123,62.0
151,246,10619.5
151,280,19.0
151,311,136.0
151,352,255.0
151,411,6.0
151,455,14.0
151,469,3.0
151,479,288.0
151,500,10.0
151,647,10.0
151,721,10.0
151,767,3.0
151,928,467.0
151,968,905.0
151,994,13.0
151,1002,298.0
151,1011,12.0
151,1027,362.0
151,1101,10.0
151,1132,432.0
151,1179,475.0
151,1362,153.0
153,102,28.0
153,126,28.0
153,175,20.0
153,189,10.0
153,196,10.0
153,382,3.0
153,404,11.0
153,423,37.0
153,435,89.0
153,478,10.0
153,566,20.0
153,573,10.0
153,578,10.0
153,579,10.0
153,611,21.4
153,730,20.0
153,752,37.82
153,753,9707.1
153,819,410.88
153,937,21.4
153,967,10.0
153,1221,821.0
153,1248,25.0
153,1358,21.4
154,167,8.0
154,225,5693.84
154,361,81.0
154,701,21.4
154,713,55.0
154,736,10.0
154,903,7.0
154,1003,21.4
154,1022,15.0
154,1057,3.0
154,1072,21.0
154,1079,100.0
154,1086,19.0
154,1153,10.0
154,1289,10.0
154,1335,10.0
156,75,10.0
156,205,10.0
156,643,15.0
156,650,10.0
156,678,6.0
156,685,12.0
156,687,15.0
156,740,12.0
156,848,10.0
157,84,10.0
157,119,1881.0
157,215,16.0
157,297,10.0
157,302,10.0
157,314,6030.74
157,340,28.0
157,364,10.0
157,584,2367.0
157,586,10.0
157,751,3.0
157,775,28.0
157,886,20.0
157,921,132.0
157,1161,28.0
157,1315,14.0
158,22,31.0
158,47,10.0
158,130,10.0
158,168,1158.0
158,171,20.0
158,175,23.54
158,192,7886.219999999999
158,245,68.0
158,322,20.0
158,394,21.4
158,569,34.0
158,577,32.0
158,593,25.0
158,650,10.0
158,747,21.4
158,956,34.0
160,55,64.0
160,102,10.0
160,112,10.0
160,117,17.64
160,130,44.0
160,166,120.0
160,213,13.0
160,242,10.0
160,284,22.0
160,318,10.0
160,335,58.0
160,336,10.0
160,357,10.0
160,437,43.0
160,438,10816.34
160,444,22.0
160,508,22.0
160,513,42.0
160,644,32.0
160,778,10.0
160,790,21.0
160,1033,20.0
160,1037,147.0
160,1065,54.0
160,1217,54.0
161,15,35.0
161,64,10.0
161,135,20.0
161,137,10.0
161,205,10.0
161,266,3.0
161,320,19.6
161,356,3.0
161,437,254.0
161,591,439.0
161,628,10.0
161,679,12.0
161,743,10436.28
161,822,617.0
161,1089,13.0
161,1145,25.0
161,1150,10.0
161,1155,137.0
161,1235,10.0
161,1271,10.0
161,1299,462.0
164,367,41.0
164,461,28.0
164,569,10.0
164,610,1823.0
164,760,1632.0
164,835,18.0
164,877,1786.0
164,931,10293.28
164,943,5.0
164,946,212.0
164,1084,55.0
164,1109,3.0
164,1263,124.0
164,1269,12.0
165,131,718.0
165,138,10750.94
165,144,61.0
165,169,29.0
165,296,7.0
165,394,21.4
165,429,1380.3
165,430,3.0
165,487,3.0
165,492,21.4
165,553,38.0
165,591,13.0
165,636,3.0
165,679,737.0
165,684,10.0
165,885,75.0
165,1278,54.0
166,133,10.0
166,160,120.0
166,276,10.0
166,288,191.0
166,336,18.0
166,396,10009.18
166,513,30.0
166,548,10.0
166,577,23.0
166,644,27.0
166,995,59.0
166,1208,15.0
166,1214,628.0
166,1217,44.0
166,1223,245.0
167,91,10.0
167,100,111.0
167,130,10.0
167,154,8.0
167,212,11.0
167,262,96.0
167,270,10.0
167,394,846.0
167,498,11.0
167,516,133.0
167,627,10710.0
167,670,3.0
167,717,106.0
167,720,6.0
167,789,10.0
167,841,30.0
167,916,14.0
167,984,95.0
167,1039,51.0
167,1068,23.0
167,1069,93.0
167,1125,10.0
167,1245,19.0
167,1250,12.0
167,1276,10.0
167,1357,6.0
168,47,10.0
168,59,6.0
168,96,21.4
168,142,10.0
168,158,1158.0
168,192,2333.0
168,318,21.4
168,403,21.4
168,478,8.0
168,670,22.0
168,696,10.0
169,16,10.0
169,89,10353.62
169,126,19.6
169,165,29.0
169,175,10.0
169,212,439.0
169,334,32.0
169,407,27.82
169,415,23.0
169,508,10.0
169,591,20.0
169,747,21.4
169,885,10.0
169,1272,12.0
169,1278,11.0
169,1321,6.0
171,23,10.0
171,75,10.0
171,83,10.0
171,130,3.0
171,158,20.0
171,192,24.0
171,210,10.0
171,234,10.0
171,256,281.0
171,276,10048.1
171,336,15.0
171,410,35.28
171,419,14.0
171,612,12.0
171,624,10.0
171,644,10.0
171,685,6.0
171,747,10.0
171,764,5.0
171,794,10.0
171,822,55.0
171,880,10.0
171,1052,95.0
171,1063,10.0
171,1098,10.0
171,1123,53.0
171,1158,11.0
171,1205,20.0
171,1271,10.0
171,1346,30.0
171,1357,10.0
172,32,51.0
172,113,10.0
172,124,10.0
172,127,17.0
172,199,20.0
172,507,10902.1
172,542,69.0
172,592,22.0
172,711,10.0
172,889,10.0
172,953,10.0
172,965,10.0
172,1027,10.0
172,1028,60.0
172,1042,19.6
172,1292,65.0
173,66,10.0
173,115,10.0
173,147,20.0
173,187,9.0
173,210,10174.56
173,234,10.0
173,285,108.0
173,324,10.0
173,423,12.0
173,429,24.0
173,556,10.0
173,579,10.0
173,882,11.0
173,996,90.0
173,1041,10.0
173,1046,40.0
173,1059,10.0
173,1104,355.0
173,1158,10.0
173,1217,476.0
173,1277,10.0
173,1319,32.0
173,1355,10.0
173,1360,10.0
175,16,10.0
175,54,19.6
175,133,50.0
175,153,20.0
175,158,23.54
175,169,10.0
175,198,145.0
175,238,25.0
175,330,12.0
175,404,64.0
175,423,34.0
175,431,75.0
175,435,10502.54
175,445,11.0
175,492,10.0
175,548,27.82
175,551,10.0
175,555,10.0
175,608,25.68
175,643,10.0
175,910,18.0
175,1307,27.0
175,1355,112.0
175,1360,10.0
176,19,10.0
176,80,13.0
176,113,10.0
176,122,74.0
176,405,10860.1
176,459,144.0
176,479,10.0
176,524,10.0
176,538,10.0
176,552,19.0
176,690,10.0
176,712,71.0
176,714,19.6
176,744,21.4
176,782,3.0
176,812,11.0
176,946,15.0
176,1013,34.24
176,1087,41.16
176,1121,191.0
176,1241,80.0
176,1269,40.0
176,1302,10.0
177,37,35.0
177,78,468.0
177,130,19.0
177,142,30.0
177,197,90.0
177,317,20.0
177,370,19.0
177,406,385.0
177,420,15.0
177,423,90.0
177,426,45.0
177,427,17.0
177,492,106.0
177,512,10.0
177,560,10.0
177,565,10.0
177,601,19.0
177,627,10.0
177,643,43.0
177,675,32.0
177,730,23.0
177,805,5.0
177,828,13.0
177,910,10.0
177,977,100.0
177,1017,11.0
177,1038,454.0
177,1049,450.0
177,1058,121.0
177,1108,26.0
177,1123,10.0
177,1151,10.0
177,1290,82.0
177,1307,58.0
177,1338,7036.22
177,1355,10.0
177,1360,156.0
178,17,10.0
178,30,17.0
178,58,2314.0
178,113,35.0
178,122,19.0
178,124,10.0
178,227,10.0
178,460,6828.66
178,486,17.0
178,665,10.0
178,710,35.0
178,768,10.0
178,897,14.0
178,941,14.0
178,965,34.0
178,1254,517.0
182,107,10.0
182,208,10.0
182,300,10.0
182,455,10.0
182,461,11.0
182,530,9190.62
182,599,14.0
182,700,28.0
182,735,104.0
182,835,17.0
182,877,10.0
182,1086,17.0
182,1188,66.64
183,11,10.0
183,74,10.0
183,85,10671.1
183,436,10.0
183,451,10.0
183,502,10.0
183,754,10.0
183,779,10.0
183,785,10.0
183,919,52.6
183,959,5.0
183,1043,10.0
184,96,16.0
184,111,195.0
184,213,38.0
184,256,3.0
184,335,24.0
184,429,25.0
184,572,10.0
184,577,1256.0
184,720,10.0
184,861,90.0
184,885,10.0
184,1037,23.0
184,1052,7.0
184,1068,10.0
184,1272,9.0
185,201,10.0
185,220,77.0
185,249,10815.96
185,315,14.0
185,341,10.0
185,405,11.0
185,483,11.0
185,485,13.0
185,507,10.0
185,532,25.0
185,694,22.0
185,776,10.0
185,810,4.0
185,889,10.0
185,968,10.0
185,1292,10.0
186,3,467.0
186,32,478.0
186,74,10.0
186,99,16.0
186,104,177.0
186,321,149.0
186,331,27.0
186,384,73.0
186,385,30.0
186,388,79.0
186,595,479.0
186,624,49.0
186,661,60.0
186,701,21.0
186,711,3542.96
186,748,340.0
186,761,353.0
186,845,10.0
186,958,37.0
186,987,31.0
186,991,54.0
186,1002,13.0
186,1011,10.0
186,1154,226.0
186,1167,255.0
187,88,13.0
187,132,10.0
187,144,7676.78
187,173,9.0
187,262,64.2
187,298,50.0
187,317,10.0
187,433,10.0
187,439,10.0
187,498,10.0
187,548,10.0
187,556,42.0
187,612,10.0
187,963,10.0
187,1075,41.0
187,1091,20.0
187,1204,10.0
188,1,10.0
188,29,10.0
188,64,503.0
188,114,10.0
188,122,10.0
188,127,33.0
188,215,10.0
188,291,96.0
188,352,10.0
188,364,439.0
188,387,10.0
188,497,10.0
188,665,21.4
188,666,22.0
188,693,10.0
188,711,10.0
188,751,228.0
188,755,23.0
188,767,20.0
188,785,10.0
188,799,13.0
188,889,6.0
188,945,91.0
188,973,366.0
188,1043,5534.6
188,1077,18.0
188,1087,28.0
188,1106,10.0
188,1112,10.0
188,1121,10.0
188,1154,70.0
188,1258,617.0
189,102,10930.14
189,153,10.0
189,206,10.0
189,366,10.0
189,382,10.0
189,392,3.0
189,429,10.0
189,438,66.0
189,443,1412.0
189,444,106.0
189,473,10.0
189,559,171.0
189,573,10.0
189,574,174.0
189,644,71.0
189,747,10.0
189,753,18.0
189,861,21.4
189,963,10.0
189,1208,10.0
189,1217,30.0
189,1257,2492.0
189,1277,10.0
189,1319,3.0
189,1348,56.0
190,191,10.0
190,311,10.0
190,529,6731.54
190,531,542.0
190,537,566.0
190,557,1753.0
190,602,10.0
190,614,62.0
190,632,10.0
190,964,3.0
190,968,11.0
190,997,10.0
190,1119,718.0
190,1131,3.0
190,1164,21.0
191,52,13.0
191,61,10.0
191,97,102.0
191,190,10.0
191,301,21.4
191,343,21.4
191,425,480.0
191,499,10.0
191,690,416.0
191,703,10.0
191,998,28.0
191,1082,10.0
191,1153,11083.1
191,1303,20.0
192,22,36.0
192,132,41.0
192,158,7886.219999999999
192,168,2333.0
192,171,24.0
192,218,10.0
192,282,17.0
192,298,11.0
192,322,29.0
192,330,10.0
192,470,10.0
192,498,21.4
192,569,34.0
192,635,131.0
192,730,10.0
192,747,21.4
192,790,14.0
192,956,28.0
192,995,31.4
192,1046,17.0
192,1069,13.0
192,1250,10.0
192,1348,21.4
194,14,62.0
194,246,10.0
194,311,10.0
194,352,16.0
194,482,339.0
194,500,10.0
194,536,5612.48
194,558,18.0
194,606,10.0
194,791,11.0
194,811,40.0
194,814,10.0
194,871,10.0
194,886,11.0
194,928,349.0
194,1027,301.0
194,1124,445.0
194,1179,251.0
194,1197,10.0
194,1210,395.0
195,32,16.0
195,60,10.0
195,63,3.0
195,64,11.0
195,300,10.0
195,380,13.0
195,385,10.0
195,532,10.0
195,631,9888.06
195,755,20.0
195,799,10.0
195,904,15.0
195,976,25.0
195,994,3.0
195,997,10.0
195,1011,16.0
195,1167,85.0
196,61,32.0
196,153,10.0
196,301,27.44
196,303,3891.0
196,400,10.0
196,412,10.0
196,440,10886.98
196,465,829.62
196,484,21.4
196,569,21.4
196,611,10.0
196,753,1290.42
196,800,42.0
196,819,21.4
196,865,441.72
196,868,419.44
196,1191,19.6
196,1201,10.0
196,1312,17.0
197,88,10.0
197,115,84.0
197,177,90.0
197,386,51.0
197,392,28.0
197,427,21.0
197,478,10.0
197,516,10.0
197,573,11.0
197,608,8266.16
197,697,21.0
197,730,11.0
197,823,10.0
197,836,13.0
197,882,10.0
197,1010,10.0
197,1319,7.0
197,1338,32.0
197,1360,119.0
198,15,10.0
198,54,10.0
198,144,4.0
198,175,145.0
198,202,10.0
198,317,10.0
198,339,10.0
198,360,12.0
198,415,3.0
198,423,71.0
198,427,10.0
198,431,10793.1
198,435,23.0
198,437,21.4
198,445,80.0
198,494,14.0
198,546,10.0
198,548,10.0
198,560,3.0
198,591,70.0
198,621,160.0
198,628,10.0
198,667,10.0
198,747,3.0
198,858,11.0
198,910,3524.58
198,1008,59.0
198,1191,89.0
198,1204,10.0
198,1234,23.54
198,1310,10.0
199,14,10.0
199,50,13.0
199,129,10.0
199,172,20.0
199,316,38.0
199,694,21.4
199,770,307.0
199,941,45.0
199,960,456.0
199,1127,142.0
201,87,579.0
201,123,21.4
201,185,10.0
201,208,10.0
201,215,10.0
201,280,47.0
201,299,325.0
201,315,10.0
201,380,10.0
201,387,17.0
201,467,10.0
201,506,71.0
201,540,5128.48
201,583,17.0
201,606,13.0
201,715,37.0
201,721,10.0
201,824,36.0
201,919,21.4
201,944,61.0
201,956,18.0
202,70,37.0
202,71,134.0
202,198,10.0
202,271,94.0
202,334,51.0
202,374,110.0
202,583,17.0
202,623,21.0
202,718,5167.52
202,747,494.0
202,805,570.0
202,833,172.0
204,13,20.0
204,209,21.4
204,247,35.0
204,365,10.0
204,552,10.0
204,736,3.0
204,893,21.4
204,901,10.0
204,951,19.6
204,1080,31.0
204,1129,197.0
204,1130,10.0
204,1156,10442.18
204,1234,21.4
204,1322,10.0
205,15,38.0
205,78,10.0
205,131,12.0
205,137,16.0
205,156,10.0
205,161,10.0
205,296,10.0
205,431,10.0
205,454,8717.64
205,591,19.0
205,621,10.0
205,628,10.0
205,676,10.0
205,678,15.0
205,699,47.4
205,816,10.0
205,822,10.0
205,894,21.0
205,1067,36.0
205,1074,20.0
205,1090,10.0
205,1165,16.0
205,1204,105.0
205,1310,10.0
205,1346,83.0
206,66,12.0
206,83,337.0
206,91,10.0
206,111,172.0
206,132,115.0
206,189,10.0
206,253,10.0
206,329,461.0
206,354,10.0
206,415,10.0
206,473,1760.0
206,534,3.0
206,578,10.0
206,764,10.0
206,907,119.0
206,1208,22.0
206,1220,10.0
206,1247,10.0
206,1257,9322.26
207,12,24.0
207,54,34.0
207,83,55.0
207,111,84.6
207,132,474.0
207,253,23.0
207,285,75.0
207,329,10042.1
207,400,19.0
207,419,62.0
207,443,198.0
207,578,33.0
207,636,17.0
207,681,99.0
207,753,18.0
207,765,16.0
207,819,189.0
207,842,10.0
207,907,169.0
207,1248,10.0
207,1257,27.0
207,1276,10.0
207,1277,27.0
207,1348,19.0
208,107,64.0
208,182,10.0
208,201,10.0
208,255,10.0
208,280,13.0
208,300,10553.08
208,483,10.0
208,525,21.0
208,625,10.0
208,646,10.0
208,675,6.0
208,701,11.0
208,710,65.0
208,818,10.0
208,825,33.0
208,884,47.0
208,928,13.0
208,1061,18.0
208,1094,63.0
208,1199,10.0
208,1239,26.0
208,1314,22.0
208,1359,10.0
209,204,21.4
209,265,10.0
209,294,8806.14
209,379,10.0
209,756,10.0
209,773,20.0
209,878,10.0
209,950,10.0
209,960,3.0
209,978,10.0
209,1040,10.0
209,1044,10.0
209,1143,77.0
210,31,45.0
210,171,10.0
210,173,10174.56
210,423,82.0
210,559,10.0
210,565,10.0
210,612,10.0
210,718,10.0
210,836,31.0
210,996,12.0
210,1046,10.0
210,1104,212.0
210,1207,16.0
210,1217,253.0
210,1277,12.0
210,1338,27.0
210,1355,10.0
210,1363,10.0
212,89,77.0
212,91,19.0
212,167,11.0
212,169,439.0
212,213,9564.34
212,288,10.0
212,473,3.0
212,498,34.0
212,512,62.0
212,577,10.0
212,670,61.0
212,706,480.0
212,1125,33.0
212,1172,54.0
212,1184,515.0
212,1245,10.0
212,1331,10.0
212,1346,10.0
213,31,21.4
213,160,13.0
213,184,38.0
213,212,9564.34
213,318,40.0
213,335,10.0
213,438,17.0
213,444,33.0
213,498,15.0
213,513,20.0
213,589,10.0
213,836,10.0
213,841,120.0
213,963,10.0
213,1037,22.0
213,1075,10.0
213,1122,28.0
213,1125,69.0
213,1205,77.0
213,1217,87.0
213,1247,10.0
215,28,12.0
215,104,18.0
215,157,16.0
215,188,10.0
215,201,10.0
215,237,10.0
215,485,10.0
215,497,23.0
215,584,9332.220000000001
215,620,157.0
215,693,1415.0
215,727,978.0
215,744,225.0
215,751,1002.0
215,898,10.0
215,908,6.0
215,930,10.0
215,968,10.0
215,970,10.0
215,988,331.0
215,1006,10.0
215,1022,388.0
215,1042,10.0
215,1101,10.0
215,1124,14.0
215,1159,17.0
215,1179,44.0
215,1187,8.0
215,1360,19.0
216,78,10.0
216,329,3.0
216,360,455.0
216,382,25.0
216,390,10.0
216,403,10.0
216,484,21.4
216,523,44.0
216,565,105.0
216,671,133.0
216,681,431.0
216,732,3.0
216,819,1281.4
216,826,8.56
216,861,48.0
216,996,10.0
216,1038,10.0
216,1049,262.0
216,1098,21.4
216,1290,10.0
218,12,87.0
218,55,29.0
218,91,519.0
218,96,10.0
218,116,77.0
218,133,44.0
218,192,10.0
218,238,12.0
218,243,14.0
218,318,75.0
218,403,46.0
218,429,13.0
218,444,10.0
218,511,91.0
218,520,10.0
218,546,10.0
218,548,30.0
218,555,66.0
218,556,10.0
218,562,10.0
218,574,10.0
218,596,164.0
218,600,12.0
218,612,10.0
218,617,10.0
218,644,10.0
218,730,10.0
218,737,156.0
218,769,19.0
218,772,52.0
218,962,30.0
218,966,32.0
218,1012,10.0
218,1046,9975.24
218,1125,6.0
218,1150,10.0
218,1172,10.0
218,1223,10.0
218,1277,47.0
218,1287,10.0
218,1307,12.0
218,1353,19.6
218,1360,10.0
219,113,3.0
219,140,10.0
219,341,15.0
219,455,13.0
219,460,2222.0
219,497,3.0
219,554,10.0
219,607,9216.58
219,818,18.0
219,884,601.0
219,964,48.0
219,1042,36.0
219,1093,10.0
219,1210,11.0
220,11,10.0
220,34,594.0
220,113,10.0
220,185,77.0
220,237,10.0
220,364,10.0
220,434,3.0
220,436,135.0
220,506,10.0
220,532,605.0
220,649,7780.9
220,758,10.0
220,818,10.0
220,953,10.0
220,959,3.0
220,968,10.0
220,1011,10.0
220,1236,6.0
220,1239,20.0
221,4,10.0
221,314,72.0
221,651,140.0
221,716,96.0
221,749,195.0
221,809,25.0
221,863,13.0
221,866,10.0
221,1023,10.0
221,1062,10.0
221,1063,10.0
221,1096,10.0
221,1110,21.4
221,1143,78.0
221,1221,14.0
221,1312,82.0
221,1352,10996.1
222,47,8.56
222,306,232.0
222,368,10.0
222,668,4471.64
222,791,10.0
222,878,22.0
222,951,20.0
222,978,10.0
224,102,10.0
224,132,21.4
224,259,11.0
224,427,10.0
224,494,17.0
224,706,117.0
224,730,21.0
224,1272,10507.2
225,10,10.0
225,73,145.0
225,139,58.0
225,154,5693.84
225,274,10.0
225,323,2030.38
225,412,10.0
225,800,229.0
225,860,10.0
225,890,10.0
225,921,10.0
225,935,10.0
225,951,21.4
225,993,3.0
225,1018,10.0
225,1080,10.0
225,1111,11.0
225,1113,19.0
227,17,22.0
227,30,11.0
227,80,14.0
227,101,10.0
227,140,10.0
227,178,10.0
227,237,10.0
227,268,27.0
227,280,11.0
227,291,10.0
227,295,1385.0
227,340,29.0
227,411,54.0
227,483,13.0
227,497,10.0
227,754,13.0
227,767,10.0
227,768,10.0
227,851,13.0
227,873,10.0
227,886,10.0
227,1011,10.0
227,1132,10.0
227,1210,6.0
227,1225,56.4
227,1362,15.0
229,52,88.0
229,247,10.0
229,285,10.0
229,303,21.4
229,602,10406.82
229,651,10.0
229,713,10.0
229,914,26.42
229,978,10.0
229,1022,21.4
229,1037,10.0
229,1117,10.0
232,73,4.0
232,139,23.0
232,328,508.0
232,604,9870.52
232,732,536.0
232,738,10.0
232,756,10.0
232,893,10.0
232,951,20.0
232,961,10.0
232,1023,197.0
232,1064,6.0
232,1118,10.0
232,1153,10.0
232,1156,21.4
232,1255,8.0
232,1295,626.0
232,1304,10.0
232,1344,26.0
232,1351,592.0
232,1358,529.0
237,17,13.0
237,30,11.0
237,34,10.0
237,215,10.0
237,220,10.0
237,227,10.0
237,268,19.0
237,405,10.0
237,485,10.0
237,537,20.0
237,540,11.0
237,606,108.0
237,649,23.0
237,768,42.0
237,806,34.0
237,904,10.0
237,928,23.0
237,976,12.0
237,988,13.0
237,1053,10.0
237,1164,3954.0
237,1179,10.0
237,1225,10.0
237,1362,10.0
238,18,10.0
238,133,10932.18
238,175,25.0
238,218,12.0
238,269,79.0
238,276,10.0
238,318,40.0
238,404,11.0
238,407,8.0
238,435,13.0
238,508,10.0
238,546,13.0
238,551,16.0
238,580,31.0
238,673,10.0
238,753,15.0
238,772,10.0
238,841,578.0
238,990,6.0
238,1046,10.0
238,1178,10.0
238,1325,27.0
238,1353,6.0
239,14,10.0
239,28,10.0
239,29,90.0
239,304,117.0
239,479,10.0
239,502,63.0
239,542,10807.220000000001
239,682,25.0
239,721,27.0
239,851,10.0
239,944,10.0
239,945,10.0
239,970,6.0
239,1027,10.0
239,1028,6.0
239,1093,10.0
239,1216,10.0
240,56,10.0
240,79,4750.08
240,503,5.0
240,588,15.0
240,677,10.0
240,767,42.0
240,898,9.0
240,1044,6.0
240,1127,23.0
240,1159,10.0
240,1326,42.0
241,50,8005.860000000001
241,99,10.0
241,140,1366.0
241,291,11.0
241,295,10.0
241,325,33.0
241,353,395.0
241,486,39.0
241,540,10.0
241,594,20.0
241,599,16.0
241,701,10.0
241,724,18.0
241,735,23.0
241,779,46.0
241,796,12.0
241,810,10.0
241,884,10.0
241,976,11.0
241,989,10.0
241,997,38.0
241,1088,1292.0
241,1094,10.0
241,1101,18.0
241,1115,29.0
241,1154,17.0
241,1259,10.0
241,1362,13.0
242,130,41.0
242,160,10.0
242,355,10.0
242,386,10.0
242,441,58.0
242,565,10.0
242,579,11133.1
242,681,10.0
242,790,10.0
242,801,25.0
242,1019,3.0
242,1126,109.0
242,1235,10.0
243,44,22.0
243,64,7.0
243,218,14.0
243,244,9.0
243,266,88.0
243,301,5.0
243,312,346.0
243,355,278.0
243,400,11.0
243,430,10.0
243,612,32.0
243,648,6.0
243,679,25.0
243,815,6.0
243,1016,11.0
243,1024,30.0
243,1119,10.0
243,1123,10.0
243,1150,170.0
243,1155,132.0
243,1188,29.0
243,1206,199.0
243,1235,8316.5
243,1237,47.0
243,1273,324.0
243,1287,11.0
243,1311,10.0
243,1346,10.0
244,113,21.4
244,131,10.0
244,243,9.0
244,355,10.0
244,468,10723.84
244,553,66.0
244,596,4.0
244,683,351.0
244,699,87.0
244,702,10.0
244,817,10.0
244,822,10.0
244,887,10.0
244,1089,10.0
244,1141,461.0
244,1142,13.0
244,1169,95.0
244,1238,10.0
244,1271,105.0
244,1287,113.0
244,1294,10.0
244,1350,90.0
245,69,5720.52
245,158,68.0
245,360,18.0
245,407,21.4
245,764,28.0
245,1069,7.0
245,1207,18.0
245,1220,604.0
245,1232,45.0
245,1245,231.0
246,63,10.0
246,113,24.0
246,151,10619.5
246,194,10.0
246,280,23.0
246,411,55.0
246,455,45.0
246,479,67.0
246,482,10.0
246,503,3.0
246,525,10.0
246,598,10.0
246,928,10.0
246,971,10.0
246,1002,980.0
246,1011,10.0
246,1027,389.0
246,1044,10.0
246,1124,20.0
246,1167,16.0
246,1179,453.0
246,1362,10.0
247,13,10068.2
247,132,13.0
247,204,35.0
247,229,10.0
247,315,21.4
247,361,65.0
247,402,21.4
247,432,18.0
247,611,15.0
247,821,20.0
247,830,1896.04
247,911,149.8
247,912,695.8
247,935,57.0
247,1303,49.0
248,4,10.0
248,641,26.0
248,709,10.0
248,727,10.0
248,1082,10.0
249,80,10.0
249,185,10815.96
249,405,10.0
249,434,10.0
249,459,17.0
249,835,41.0
249,1164,10.0
251,13,10.0
251,84,58.0
251,322,11.0
251,368,29.0
251,465,10.0
251,533,320.0
251,587,8868.3
251,642,31.0
251,663,77.0
251,731,25.0
251,738,10.0
251,749,6.0
251,830,16.0
251,896,10.0
251,921,10.0
251,948,10.0
251,980,10.0
251,999,20.0
251,1084,23.0
251,1201,31.0
251,1203,13.0
251,1305,20.0
251,1312,56.0
253,83,10.0
253,91,10.0
253,206,10.0
253,207,23.0
253,276,10.0
253,296,61.0
253,338,10.0
253,360,34.0
253,403,54.0
253,454,10.0
253,458,265.0
253,523,10.0
253,565,126.0
253,576,10799.5
253,578,10.0
253,655,10.0
253,667,10.0
253,681,10.0
253,719,20.0
253,772,16.0
253,819,122.0
253,1019,10.0
253,1033,6.42
253,1063,21.0
253,1066,10.0
253,1075,10.0
253,1098,19.0
253,1228,10.0
253,1307,132.0
253,1360,48.0
254,88,3.0
254,115,10.0
254,284,10.0
254,318,10.0
254,324,6428.4
254,394,25.0
254,534,10.0
254,560,3.0
254,667,10.0
254,752,17.0
254,864,8.0
254,1355,21.4
255,87,10.0
255,114,10.0
255,143,189.0
255,208,10.0
255,300,54.0
255,340,10.0
255,467,10.0
255,605,23.0
255,652,51.0
255,739,10.0
255,761,10.0
255,770,3.0
255,904,201.0
255,956,10.0
255,960,374.0
255,997,3.0
255,1042,89.0
255,1101,3.0
255,1127,3.0
255,1161,102.0
255,1187,40.0
255,1256,10.0
256,47,17.0
256,70,39.0
256,71,10.0
256,171,281.0
256,184,3.0
256,298,10.0
256,334,26.0
256,430,13.0
256,439,13.0
256,444,3.0
256,589,32.0
256,617,43.0
256,731,546.84
256,794,10.0
256,804,10.0
256,813,32.0
256,817,65.0
256,885,15.0
256,932,10.0
256,1119,10.0
256,1122,17.0
256,1250,15.0
256,1270,10.0
257,4,44.0
257,123,11.0
257,124,34.0
257,132,24.0
257,268,495.0
257,298,29.0
257,479,58.0
257,485,53.0
257,497,131.0
257,537,32.0
257,646,9536.56
257,647,19.0
257,701,24.0
257,731,7.0
257,767,10.0
257,771,97.0
257,851,71.0
257,889,19.0
257,1028,10.0
257,1330,10.0
258,5,31.0
258,89,10.0
258,106,10.0
258,259,82.0
258,262,10.0
258,337,83.0
258,400,10.0
258,403,10.0
258,487,55.0
258,516,72.0
258,517,47.0
258,560,10351.58
258,565,27.0
258,590,2782.0
258,614,10.0
258,636,39.0
258,655,10.0
258,831,42.0
258,929,14.0
258,1016,20.0
258,1039,16.0
258,1185,438.0
258,1217,11.0
258,1247,10.0
258,1279,51.0
258,1338,13.0
258,1355,10.0
259,69,3.0
259,91,10.0
259,111,10.0
259,132,17.0
259,224,11.0
259,258,82.0
259,262,21.4
259,339,9.0
259,407,10.0
259,415,10245.56
259,551,53.0
259,562,10.0
259,689,21.0
259,765,10.0
259,910,4.0
259,955,37.0
259,1010,27.0
259,1075,3.0
259,1098,50.0
259,1102,67.0
259,1125,10.0
259,1188,10.0
259,1204,10.0
259,1357,10.0
262,100,52.0
262,130,48.0
262,132,34.4
262,167,96.0
262,187,64.2
262,258,10.0
262,259,21.4
262,298,10.0
262,336,444.0
262,416,6.0
262,511,13.0
262,548,12.0
262,578,10.0
262,608,41.4
262,627,78.0
262,706,47.0
262,717,10073.86
262,738,21.4
262,853,116.0
262,885,44.0
262,1066,10.0
262,1184,12.0
262,1185,10.0
262,1353,10.0
262,1355,21.4
265,209,10.0
265,294,10.0
265,302,21.0
265,306,307.0
265,367,10.0
265,587,121.0
265,610,10.0
265,613,10.0
265,672,10840.34
265,729,93.0
265,903,10.0
265,950,10.0
265,999,77.0
265,1026,10.0
265,1143,10.0
265,1224,20.0
265,1312,11.0
265,1326,16.0
266,131,12.0
266,161,3.0
266,243,88.0
266,312,99.0
266,397,35.0
266,468,9.0
266,496,10.0
266,679,49.0
266,702,20.0
266,796,10.0
266,816,55.0
266,887,176.0
266,1049,18.0
266,1058,20.0
266,1155,206.0
266,1162,6068.9400000000005
266,1185,3.0
266,1228,10.0
266,1273,13.0
266,1287,10.0
266,1300,45.0
268,227,27.0
268,237,19.0
268,257,495.0
268,291,24.0
268,304,10.0
268,307,240.0
268,395,10.0
268,409,11.0
268,411,12.0
268,460,10.0
268,485,49.0
268,497,842.0
268,529,269.0
268,537,2208.0
268,698,10.0
268,771,1400.0
268,810,9.0
268,818,329.0
268,897,3.0
268,988,210.0
268,1144,10.0
268,1210,40.0
268,1286,10.0
269,31,122.0
269,100,693.0
269,133,102.0
269,238,79.0
269,270,75.0
269,324,10.0
269,673,110.0
269,726,19.0
269,769,27.0
269,789,3518.48
269,990,10.0
269,995,10.0
269,1052,15.0
269,1066,60.0
269,1116,173.0
269,1158,10.0
269,1321,2894.0
269,1353,10.0
270,54,10.0
270,88,5.0
270,100,298.0
270,120,10.0
270,132,10.0
270,167,10.0
270,269,75.0
270,276,4.0
270,298,10.0
270,318,10.0
270,336,10.0
270,360,41.0
270,433,5571.88
270,614,135.0
270,615,31.0
270,990,10.0
270,1008,26.0
270,1116,1809.0
270,1149,10.0
270,1191,11.0
270,1317,10.0
271,70,23.0
271,71,89.0
271,84,669.0
271,202,94.0
271,316,10.0
271,334,29.0
271,374,690.0
271,465,80.0
271,530,10.0
271,552,10.0
271,583,23.0
271,585,19.6
271,623,19.0
271,672,10.0
271,712,10.0
271,795,10.0
271,833,89.0
271,893,24.0
271,951,10.0
271,1120,10.0
271,1349,3.0
272,302,10.0
272,365,20.0
272,461,53.0
272,568,3.0
272,662,10.0
272,838,10.0
272,866,10.0
272,901,11.0
272,924,11.0
272,939,7.0
272,1022,10.0
272,1064,5.0
272,1084,15.0
272,1156,176.0
272,1234,14.0
272,1255,9737.86
272,1335,32.0
273,32,10.0
273,34,28.0
273,85,10.0
273,299,10.0
273,532,24.0
273,811,943.0
273,968,26.0
273,1045,10.0
274,225,10.0
274,303,219.0
274,328,19.6
274,412,721.0
274,569,32.0
274,585,10.0
274,800,819.4
274,868,8.0
274,921,10246.86
274,942,65.0
274,1006,135.0
274,1153,21.4
274,1222,3.0
274,1284,6.0
275,14,42.0
275,32,10.0
275,123,10.0
275,280,20.0
275,340,13.0
275,387,1533.0
275,460,11.0
275,526,3429.0
275,544,20.0
275,599,3.0
275,616,10.0
275,666,11.0
275,700,10.0
275,721,12.0
275,789,550.0
275,803,10.0
275,811,10.0
275,835,16.0
275,851,10.0
275,953,76.0
275,958,8.0
275,959,10633.28
275,964,21.0
275,965,11.0
275,989,13.0
275,1022,12.0
275,1060,10.0
275,1256,14.0
275,1362,10.0
276,59,10.0
276,133,20.0
276,166,10.0
276,171,10048.1
276,238,10.0
276,253,10.0
276,270,4.0
276,404,10.0
276,433,3.0
276,491,11.0
276,511,7.0
276,589,12.0
276,612,10.0
276,630,35.0
276,697,23.0
276,706,14.0
276,764,20.0
276,772,21.0
276,813,457.0
276,937,16.0
276,1045,10.0
276,1052,53.0
276,1065,10.0
276,1091,10.0
276,1205,10.0
276,1208,10.0
276,1278,19.6
280,14,11.0
280,140,10.0
280,141,10.0
280,151,19.0
280,201,47.0
280,208,13.0
280,227,11.0
280,246,23.0
280,275,20.0
280,380,12.0
280,387,19.0
280,411,10.0
280,486,10.0
280,526,4145.86
280,544,10.0
280,583,15.0
280,679,21.4
280,721,74.0
280,758,10.0
280,882,836.0
280,1011,12.0
280,1088,5.0
280,1200,834.0
280,1258,11.0
282,192,17.0
282,330,5494.24
282,392,18.0
282,546,10.0
282,670,171.0
282,1354,6.0
284,31,25.0
284,160,22.0
284,254,10.0
284,318,39.0
284,357,10.0
284,373,10.0
284,394,1250.0
284,473,10.0
284,484,19.6
284,498,12.0
284,556,10.0
284,559,10.0
284,644,10.0
284,670,7.0
284,726,9339.16
284,841,3.0
284,844,13.0
284,1135,1278.0
284,1247,10.0
285,12,10.0
285,142,23.0
285,173,108.0
285,207,75.0
285,229,10.0
285,329,11.0
285,336,17.0
285,354,33.0
285,360,10.0
285,368,266.0
285,379,267.0
285,400,10.0
285,419,50.0
285,423,10.0
285,443,26.0
285,534,3.0
285,545,38.0
285,556,10.0
285,578,10.0
285,608,3.0
285,615,27.0
285,655,10.0
285,801,39.0
285,844,10.0
285,861,2170.0
285,967,11.0
285,996,36.0
285,1091,9564.3
285,1164,104.0
285,1223,14.0
285,1257,10.0
285,1304,10.0
288,12,10.0
288,66,10.0
288,144,21.0
288,166,191.0
288,212,10.0
288,396,200.0
288,416,14.0
288,473,23.0
288,508,55.0
288,548,56.0
288,562,23.0
288,565,3.0
288,574,10.0
288,636,11.0
288,705,22.0
288,726,10.0
288,769,146.0
288,842,12.0
288,844,1422.0
288,1037,24.0
288,1075,1380.0
288,1091,162.0
288,1098,15.0
288,1123,10.0
288,1276,39.0
289,18,27.0
289,100,10.0
289,267,47.04
289,435,12.0
289,439,10.0
289,491,10.0
289,546,10.0
289,551,8938.5
289,577,10.0
289,612,22.0
289,635,10.0
289,720,157.0
289,853,12.0
289,882,13.0
289,996,11.0
289,1055,3705.82
289,1178,56.0
289,1232,10.0
289,1307,7.0
290,5,970.0
290,7,13.0
290,487,56.0
290,831,10.0
290,932,10940.74
290,1317,211.0
290,1331,88.0
290,1355,10.0
291,32,10.0
291,107,10.0
291,114,9206.4
291,140,60.0
291,188,96.0
291,227,10.0
291,241,11.0
291,268,24.0
291,299,10.0
291,333,73.0
291,352,14.0
291,364,647.0
291,452,128.0
291,455,10.0
291,469,14.0
291,483,378.0
291,486,14.0
291,497,22.0
291,503,12.0
291,540,10.0
291,716,43.0
291,768,520.0
291,803,10.0
291,835,10.0
291,867,10.0
291,884,5.0
291,898,322.0
291,989,62.0
291,997,15.0
291,1021,27.0
291,1088,50.0
291,1115,34.0
291,1164,10.0
291,1197,27.0
291,1259,10.0
292,33,250.0
292,77,1505.0
292,131,56.0
292,315,10.0
292,397,41.0
292,600,37.0
292,679,64.0
292,702,9.0
292,1142,12.0
292,1162,21.0
292,1251,1217.0
292,1300,3708.06
292,1350,10.0
293,37,34.56
293,382,11.0
293,562,10.0
293,675,10.0
293,732,130.0
293,789,10.0
293,801,5442.84
293,1075,8.0
293,1149,34.0
294,10,13.0
294,209,8806.14
294,265,10.0
294,812,386.0
294,878,13.0
294,1064,486.0
294,1143,28.0
294,1305,10.0
294,1309,11.0
295,28,24.0
295,58,8.0
295,107,10.0
295,227,1385.0
295,241,10.0
295,352,10.0
295,364,19.6
295,409,35.0
295,455,12.0
295,483,10.0
295,500,4972.96
295,503,13.0
295,525,10.0
295,536,32.0
295,711,12.0
295,748,103.0
295,754,56.0
295,824,3.0
295,851,19.0
295,898,10.0
295,925,11.0
295,958,14.0
295,973,10.0
295,1013,3.0
295,1101,20.0
295,1154,3.0
295,1164,12.0
295,1225,10.0
295,1286,10.0
296,135,10.0
296,165,7.0
296,205,10.0
296,253,61.0
296,332,10.0
296,454,10.0
296,458,9842.78
296,468,11.0
296,553,1403.0
296,699,214.0
296,708,10.0
296,719,374.0
296,858,28.0
296,1049,10.0
296,1058,16.0
296,1090,384.0
296,1123,17.0
296,1175,6.0
296,1211,10.0
296,1262,4.0
297,38,11.0
297,73,3.0
297,97,12.0
297,139,127.0
297,155,10.0
297,157,10.0
297,412,10.0
297,425,30.0
297,521,9259.82
297,943,27.0
297,1084,35.0
298,4,27.0
298,7,10.0
298,13,11.0
298,50,19.0
298,71,11.0
298,88,10.0
298,132,1591.0
298,142,10.0
298,187,50.0
298,192,11.0
298,256,10.0
298,257,29.0
298,262,10.0
298,270,10.0
298,336,26.0
298,415,168.0
298,432,4017.26
298,439,3.0
298,498,3.0
298,513,10.0
298,562,10.0
298,579,5.0
298,612,15.0
298,717,37.0
298,731,31.0
298,737,10.0
298,805,10.0
298,963,10.0
298,972,10.0
298,989,17.0
298,992,21.0
298,1116,10.0
298,1135,22.0
298,1232,168.0
298,1259,26.0
298,1319,49.0
299,60,10.0
299,80,2200.0
299,87,1812.0
299,155,10.0
299,201,325.0
299,273,10.0
299,291,10.0
299,307,28.0
299,333,55.0
299,459,10.0
299,467,10.0
299,507,19.6
299,715,1760.0
299,771,146.0
299,776,16.0
299,798,10.0
299,824,13.0
299,941,3.0
299,965,10.0
299,989,10.0
299,1011,10.0
299,1086,10.0
299,1115,10774.5
299,1187,18.0
299,1197,10.0
299,1199,10.0
299,1340,10.0
300,44,20.0
300,107,10.0
300,123,10.0
300,182,10.0
300,195,10.0
300,208,10553.08
300,255,54.0
300,347,55.0
300,395,10.0
300,417,10.0
300,467,10.0
300,525,65.0
300,599,10.0
300,625,10.0
300,652,10.0
300,701,94.0
300,710,10.0
300,724,16.0
300,751,10.0
300,824,10.0
300,825,42.0
300,835,10.0
300,884,20.0
300,928,10.0
300,968,11.0
300,988,258.0
300,1061,21.0
300,1094,6.0
300,1161,21.0
300,1187,11.0
300,1225,10.0
300,1362,15.0
301,28,10.0
301,64,10.0
301,120,10.0
301,132,10.0
301,191,21.4
301,196,27.44
301,243,5.0
301,267,3.0
301,312,10.0
301,381,21.4
301,397,9.0
301,463,16.0
301,494,10.0
301,508,10.0
301,565,10.0
301,596,10.0
301,602,6.0
301,801,10.0
301,823,21.4
301,844,21.4
301,1000,2603.0
301,1075,1305.38
301,1119,8124.88
301,1346,10.0
302,41,19.0
302,139,21.4
302,157,10.0
302,265,21.0
302,272,10.0
302,365,10913.82
302,473,21.4
302,556,23.54
302,756,28.0
302,908,31.0
302,949,1124.0
302,950,10.0
302,1113,10.0
302,1156,14.0
302,1255,11.0
302,1285,36.38
302,1312,59.0
303,61,24.0
303,149,12.84
303,196,3891.0
303,229,21.4
303,274,219.0
303,368,10.0
303,369,1594.8
303,440,3972.12
303,651,13.0
303,704,38.52
303,738,17.12
303,921,90.0
303,1001,58.0
303,1120,21.4
303,1215,21.4
303,1323,21.4
304,51,10.0
304,80,12.0
304,87,10.0
304,239,117.0
304,268,10.0
304,333,10545.84
304,436,10.0
304,522,21.0
304,524,12.0
304,542,30.0
304,595,36.0
304,647,43.0
304,710,24.0
304,715,11.0
304,761,132.0
304,904,21.4
304,911,10.0
304,925,6.0
304,1086,10.0
304,1115,10.0
304,1121,23.0
304,1197,10.0
305,5,10.0
305,88,67.0
305,115,52.0
305,134,10.0
305,386,85.0
305,427,45.0
305,445,32.1
305,523,10.0
305,559,14.0
305,573,53.5
305,621,3.0
305,657,12.0
305,730,6.0
305,813,64.0
305,823,10448.64
305,831,62.0
305,865,21.4
305,885,10.0
305,984,10.0
305,1272,35.0
305,1307,10.0
305,1355,10.0
305,1363,12.0
306,38,11.0
306,49,19.0
306,103,26.0
306,222,232.0
306,265,307.0
306,568,19.0
306,584,10.0
306,662,19.0
306,668,168.0
306,672,464.0
306,792,6.0
306,863,10.0
306,982,51.0
306,1018,82.0
306,1111,10.0
306,1224,103.0
306,1263,10.0
306,1281,10.0
306,1295,10.0
306,1342,41.0
307,19,43.0
307,51,97.0
307,64,10.0
307,80,10.0
307,87,278.0
307,99,3.0
307,127,10.0
307,268,240.0
307,299,28.0
307,409,252.0
307,467,10.0
307,497,266.0
307,529,82.0
307,537,9597.1
307,693,10.0
307,715,10.0
307,771,263.0
307,776,68.0
307,797,10.0
307,818,72.0
307,825,500.0
307,918,216.0
307,965,513.0
307,968,10.0
307,988,40.0
307,1292,402.0
311,76,10.0
311,151,136.0
311,190,10.0
311,194,10.0
311,352,177.0
311,411,11.0
311,459,21.4
311,482,13.0
311,483,127.0
311,522,8977.72
311,665,11.0
311,761,10.0
311,771,14.0
311,867,28.0
311,928,102.0
311,960,30.0
311,971,10.0
311,1002,10.0
311,1027,131.0
311,1124,244.0
311,1179,10.0
311,1225,21.0
312,120,11.0
312,243,346.0
312,266,99.0
312,301,10.0
312,453,3.0
312,509,11.0
312,745,99.0
312,815,56.0
312,816,10.0
312,900,16.0
312,920,3.0
312,1070,10.0
312,1108,10.0
312,1123,20.0
312,1273,10354.12
314,41,11.0
314,157,6030.74
314,221,72.0
314,450,58.0
314,571,139.0
314,651,10.0
314,709,509.0
314,716,88.0
314,749,113.0
314,809,145.0
314,883,41.0
314,939,88.0
314,949,14.0
314,1062,92.0
314,1143,69.0
314,1168,94.0
314,1352,33.0
315,4,21.4
315,36,10.0
315,141,6.0
315,185,14.0
315,201,10.0
315,247,21.4
315,292,10.0
315,319,10.0
315,571,9130.42
315,694,733.0
315,744,3.0
315,860,10.0
315,901,6.0
315,906,3.0
315,1022,27.0
315,1084,10.0
315,1096,10.0
315,1120,19.6
315,1322,10.0
315,1340,6.0
315,1341,10.0
317,17,10.0
317,133,10.0
317,177,20.0
317,187,10.0
317,198,10.0
317,396,14.0
317,427,10.0
317,573,26.0
317,581,10.0
317,753,10.0
317,769,23.0
317,772,13.0
317,836,6.0
318,133,93.0
318,160,10.0
318,168,21.4
318,213,40.0
318,218,75.0
318,238,40.0
318,254,10.0
318,270,10.0
318,284,39.0
318,329,10.0
318,420,21.4
318,429,42.0
318,439,106.0
318,444,25.0
318,513,77.0
318,523,14.0
318,559,32.0
318,681,10.0
318,726,108.0
318,790,23.0
318,839,101.0
318,955,2844.0
318,990,30.0
318,996,10.0
318,1037,15.0
318,1046,54.0
318,1125,10.0
318,1135,10.0
318,1205,28.0
318,1217,31.0
318,1223,10.0
318,1257,31.0
318,1277,31.0
318,1325,16.0
318,1353,28.0
318,1357,20.0
320,7,10.0
320,161,19.6
320,517,581.0
320,612,3.0
320,643,501.0
320,685,3.0
320,691,21.0
320,815,39.0
320,983,16.0
320,1003,5003.84
320,1108,3.0
320,1190,10.0
320,1252,74.0
320,1273,45.0
320,1279,16.0
320,1290,32.0
320,1318,35.0
320,1339,72.0
320,1346,10.0
321,32,25.0
321,63,15.0
321,79,3.0
321,99,8788.06
321,104,444.0
321,141,10.0
321,143,15.0
321,186,149.0
321,595,777.0
321,646,19.0
321,665,28.0
321,677,274.0
321,735,63.0
321,751,10.0
321,761,760.0
321,797,10.0
321,960,21.0
321,968,171.0
321,1002,13.0
321,1112,49.0
321,1254,5.0
322,22,163.0
322,158,20.0
322,192,29.0
322,251,11.0
322,465,34.0
322,569,1727.0
322,602,21.4
322,611,21.4
322,651,14.0
322,792,10.0
322,863,57.0
322,866,85.0
322,896,47.0
322,915,19.6
322,924,18.0
322,956,535.0
322,961,21.4
322,1026,29.0
322,1063,20.0
322,1117,64.96000000000001
322,1120,9.0
322,1139,20.0
322,1146,10.0
322,1281,10.0
322,1312,10.0
322,1335,16.0
322,1342,21.4
322,1352,14.0
323,10,368.0
323,225,2030.38
323,328,5.0
323,413,230.0
323,465,18.0
323,623,5315.14
323,626,17.0
323,729,59.0
323,868,231.0
323,942,18.0
323,1140,26.0
323,1281,36.0
323,1309,10.0
324,23,30.0
324,31,54.0
324,173,10.0
324,234,16.0
324,254,6428.4
324,269,10.0
324,334,19.6
324,373,13.0
324,562,10.0
324,752,166.0
324,757,10.0
324,864,10.0
324,995,10.0
324,1017,10.0
324,1069,10.0
324,1325,10.0
325,19,10.0
325,28,518.0
325,32,43.0
325,74,9822.42
325,123,10.0
325,140,10.0
325,241,33.0
325,331,19.6
325,387,79.0
325,411,559.0
325,469,24.0
325,477,546.0
325,486,22.0
325,502,10.0
325,598,10.0
325,682,575.0
325,771,10.0
325,798,10.0
325,871,32.0
325,873,21.4
325,959,11.0
325,1106,19.0
325,1197,7.0
325,1199,53.0
325,1225,3.0
328,117,10.0
328,232,508.0
328,274,19.6
328,323,5.0
328,343,13.0
328,371,10.0
328,379,31.0
328,521,10.0
328,604,384.0
328,756,11.0
328,757,10.0
328,830,23.0
328,874,23.0
328,931,10.0
328,978,11.0
328,998,12.0
328,1076,48.0
328,1082,31.0
328,1130,214.0
328,1156,10.0
328,1263,18.0
328,1295,8544.54
328,1323,10.0
328,1351,511.0
328,1358,1310.0
329,66,62.0
329,83,162.0
329,206,461.0
329,207,10042.1
329,216,3.0
329,285,11.0
329,318,10.0
329,354,16.0
329,403,21.0
329,443,28.0
329,473,263.0
329,484,10.0
329,523,11.0
329,609,10.0
329,617,10.0
329,655,10.0
329,705,37.0
329,764,17.0
329,862,10.0
329,907,3.0
329,1075,21.4
329,1257,115.0
330,175,12.0
330,192,10.0
330,282,5494.24
330,377,6.0
330,392,10.0
330,488,4.0
330,546,11.0
330,588,27.0
330,637,37.0
330,797,3.0
330,922,29.0
330,1326,28.0
331,186,27.0
331,325,19.6
331,384,28.0
331,388,27.0
331,504,20.0
331,529,10.0
331,544,13.0
331,557,10.0
331,598,18.0
331,624,20.0
331,767,10.0
331,775,6.0
331,871,10.0
331,987,6592.84
331,991,24.0
331,1053,10.0
331,1127,11.0
331,1209,25.0
331,1316,32.0
333,1,10.0
333,44,24.0
333,51,12.0
333,60,10.0
333,107,10.0
333,113,10.0
333,291,73.0
333,299,55.0
333,304,10545.84
333,352,3.0
333,455,10.0
333,469,16.0
333,522,10.0
333,524,21.0
333,595,126.0
333,647,53.0
333,761,10.0
333,799,10.0
333,803,14.0
333,886,57.0
333,945,3.0
333,1045,10.0
333,1164,10.0
334,70,6565.2
334,71,55.0
334,89,58.0
334,128,10.0
334,169,32.0
334,202,51.0
334,256,26.0
334,271,29.0
334,324,19.6
334,374,47.0
334,546,12.0
334,612,10.0
334,661,10.0
334,833,42.0
334,1033,10.0
334,1104,10.0
334,1174,119.0
334,1272,33.0
334,1278,38.0
334,1294,10.0
334,1353,11.0
335,71,87.0
335,102,10.0
335,160,58.0
335,184,24.0
335,213,10.0
335,382,10.0
335,423,10.0
335,437,150.0
335,438,124.0
335,444,64.0
335,706,11.0
335,833,15.0
335,853,14.0
335,885,18.0
335,1037,75.0
335,1039,5498.68
335,1125,476.0
335,1177,28.0
335,1178,21.4
335,1184,18.0
335,1217,16.0
335,1220,143.0
335,1247,64.0
336,55,67.0
336,70,10.0
336,100,263.0
336,132,38.0
336,160,10.0
336,166,18.0
336,171,15.0
336,262,444.0
336,270,10.0
336,285,17.0
336,298,26.0
336,355,3.0
336,396,50.0
336,404,10.0
336,432,10.0
336,463,10.0
336,546,6.0
336,574,3.0
336,608,10.0
336,644,81.0
336,717,313.0
336,726,41.0
336,769,40.0
336,801,78.0
336,920,23.0
336,1033,23.0
336,1065,9459.86
336,1116,10.0
336,1244,10.0
337,100,126.0
337,258,83.0
337,427,62.0
337,429,19.6
337,442,63.0
337,468,8.0
337,492,34.0
337,493,10.0
337,516,17.0
337,560,476.0
337,590,911.0
337,592,10.0
337,627,16.0
337,636,2031.0
337,794,30.0
337,796,17.0
337,899,3.0
337,923,15.0
337,932,18.0
337,954,12.0
337,969,27.0
337,1052,19.6
337,1069,51.0
337,1185,8921.44
337,1198,3.0
337,1274,38.0
337,1279,519.0
337,1338,18.0
337,1339,10.0
337,1346,3.0
338,253,10.0
338,582,11.0
338,674,11.0
338,845,10.0
338,848,10987.1
338,1090,3.0
339,144,9.0
339,198,10.0
339,259,9.0
339,400,17.0
339,415,72.0
339,441,8799.78
339,955,161.0
339,1000,1025.0
339,1010,11.0
339,1019,20.0
339,1126,18.0
339,1188,80.0
339,1354,75.0
340,28,10.0
340,32,31.0
340,50,12.0
340,51,23.0
340,74,15.0
340,121,10.0
340,122,38.0
340,124,19.0
340,127,12.0
340,157,28.0
340,227,29.0
340,255,10.0
340,275,13.0
340,395,209.0
340,409,12.0
340,482,10.0
340,532,12.0
340,542,26.0
340,701,10.0
340,711,29.0
340,770,19.6
340,775,13.0
340,776,382.32
340,803,9229.48
340,871,10.0
340,873,65.0
340,884,200.0
340,886,35.0
340,928,14.0
340,976,14.0
340,994,10.0
340,1021,11.0
340,1121,16.0
340,1154,10.0
340,1161,20.0
340,1328,21.4
341,28,10.0
341,34,11.0
341,64,10.0
341,110,20.0
341,114,10.0
341,119,10.0
341,185,10.0
341,219,15.0
341,459,32.0
341,532,10.0
341,581,29.0
341,616,14.0
341,693,10.0
341,714,10.0
341,775,206.0
341,803,10.0
341,898,10.0
341,945,16.0
341,970,10.0
341,1077,10832.9
341,1106,18.0
341,1154,34.0
341,1174,66.0
341,1294,53.0
343,1,17.0
343,4,10.0
343,10,32.0
343,41,10.0
343,49,31.0
343,191,21.4
343,328,13.0
343,623,10.0
343,662,13.0
343,704,10.0
343,731,10.0
343,863,1305.0
343,950,822.0
343,979,10.0
343,1007,10913.1
343,1096,3.0
343,1118,10.0
343,1136,31.0
343,1209,12.0
343,1241,10.0
343,1285,13.0
347,17,21.4
347,44,25.0
347,79,6.0
347,127,12.0
347,300,55.0
347,353,333.0
347,625,12.0
347,646,10.0
347,776,10.0
347,825,10739.9
347,928,10.0
347,930,10.0
347,965,384.0
347,1076,22.0
347,1314,5.0
349,542,10.0
349,810,10.0
351,29,41.0
351,41,10.0
351,50,6.0
351,56,3.0
351,73,63.0
351,114,10.0
351,364,9390.34
351,374,18.0
351,451,33.0
351,542,10.0
351,599,10.0
351,682,10.0
351,709,10.0
351,721,16.0
351,884,102.72
351,889,7.0
351,915,241.0
351,918,21.4
351,928,9.0
351,945,13.0
351,953,11.0
351,970,36.0
351,1027,40.0
351,1111,109.0
351,1164,13.0
351,1179,13.0
351,1241,3.0
351,1254,29.6
352,76,66.0
352,114,3.0
352,127,33.0
352,151,255.0
352,188,10.0
352,194,16.0
352,291,14.0
352,295,10.0
352,311,177.0
352,316,10.0
352,333,3.0
352,402,29.0
352,477,3.0
352,482,10.0
352,483,10732.380000000001
352,486,3.0
352,500,3.0
352,606,10.0
352,711,10.0
352,851,47.0
352,852,235.0
352,883,10.0
352,889,57.6
352,908,3.0
352,925,316.0
352,928,10.0
352,960,10.0
352,965,10.0
352,976,69.0
352,1179,10.0
353,60,13.0
353,104,7035.16
353,114,27.0
353,140,428.0
353,241,395.0
353,347,333.0
353,364,12.0
353,405,18.0
353,477,114.0
353,486,10.0
353,510,10.0
353,594,469.0
353,646,10.0
353,710,160.0
353,925,10.0
353,930,23.0
353,958,285.0
353,1088,423.0
353,1094,10.0
353,1239,10.0
354,144,10.0
354,206,10.0
354,285,33.0
354,329,16.0
354,403,930.0
354,420,36.0
354,431,10.0
354,473,10.0
354,511,51.0
354,548,19.0
354,556,71.0
354,644,15.0
354,769,3.0
354,772,10.0
354,861,106.0
354,932,10.0
354,966,39.0
354,1037,10.0
354,1046,14.0
354,1070,556.0
354,1223,10962.1
354,1257,12.0
354,1355,10.0
355,15,10.0
355,55,12.0
355,120,32.0
355,128,34.0
355,242,10.0
355,243,278.0
355,244,10.0
355,336,3.0
355,356,10.0
355,617,10.0
355,644,23.0
355,687,10.0
355,789,51.0
355,794,815.08
355,796,17.0
355,817,10.0
355,995,10.0
355,1024,6556.54
355,1033,38.0
355,1066,10.0
355,1196,10.0
355,1235,15.0
355,1250,10.0
355,1262,40.0
355,1328,10.0
356,57,16.0
356,64,15.0
356,75,42.0
356,98,10809.1
356,128,11.0
356,131,122.0
356,161,3.0
356,355,10.0
356,456,17.0
356,457,3.0
356,470,10.0
356,699,366.0
356,719,12.0
356,862,94.0
356,887,73.0
356,894,10.0
356,897,4.0
356,969,10.0
356,1141,19.0
356,1145,49.0
356,1174,10.0
356,1188,13.0
356,1204,14.0
357,86,7.0
357,160,10.0
357,284,10.0
357,373,12.0
357,498,20.0
357,512,10.0
357,555,10.0
357,574,10.0
357,578,17.0
357,617,11.0
357,630,10.0
357,670,14.0
357,681,30.0
357,1046,10.0
357,1068,5931.74
357,1217,13.0
357,1353,34.0
357,1357,10.0
360,78,4.0
360,112,10.0
360,198,12.0
360,216,455.0
360,245,18.0
360,253,34.0
360,270,41.0
360,285,10.0
360,403,10.0
360,421,441.0
360,463,10.0
360,478,10.0
360,523,10.0
360,565,10981.1
360,576,45.0
360,591,14.0
360,612,10.0
360,675,18.0
360,705,22.0
360,822,10.0
360,995,21.4
360,1038,13.0
360,1046,4.0
360,1102,12.0
360,1123,354.0
360,1307,10.0
360,1357,10.0
361,97,11.0
361,154,81.0
361,247,65.0
361,369,55.0
361,713,23.0
361,821,11021.1
361,1072,104.0
361,1079,10.0
361,1084,10.0
361,1234,21.4
361,1241,19.6
361,1312,12.0
361,1335,10.0
364,56,10.0
364,80,10.0
364,157,10.0
364,188,439.0
364,220,10.0
364,291,647.0
364,295,19.6
364,351,9390.34
364,353,12.0
364,387,10.0
364,417,33.0
364,436,56.0
364,524,66.0
364,592,11.0
364,693,10.0
364,701,21.4
364,715,10.0
364,767,23.0
364,768,49.0
364,959,16.0
364,1045,49.0
364,1115,10.0
364,1127,12.0
364,1216,19.6
364,1296,73.0
365,31,4.0
365,41,6.0
365,49,19.6
365,204,10.0
365,272,20.0
365,302,10913.82
365,369,23.0
365,584,27.0
365,604,10.0
365,878,10.0
365,908,46.0
365,980,10.0
365,1111,1472.0
365,1113,10.0
365,1255,10.0
365,1312,70.0
366,144,10.0
366,189,10.0
366,511,9683.08
366,548,23.0
366,823,10.0
367,4,10.0
367,84,10.0
367,164,41.0
367,265,10.0
367,473,21.4
367,651,10.0
367,760,10.0
367,821,15.0
367,863,23.0
367,896,21.4
367,908,4053.5
367,1007,96.0
367,1113,10.0
367,1263,3112.0
367,1281,10.0
367,1358,10.0
368,41,10.0
368,222,10.0
368,251,29.0
368,285,266.0
368,303,10.0
368,369,10.0
368,379,4444.26
368,466,10.0
368,502,10.0
368,533,25.0
368,585,22.0
368,622,10.0
368,690,24.0
368,713,16.0
368,779,4621.2
368,830,25.0
368,861,273.0
368,921,10.0
368,948,10.0
368,961,10.0
368,1006,10.0
368,1113,10.0
368,1139,26.0
368,1143,49.0
368,1203,20.0
368,1302,48.0
368,1312,7.0
368,1322,10.0
370,135,10.0
370,177,19.0
370,373,10.0
370,426,10696.48
370,683,10.0
371,73,10.0
371,283,10.0
371,328,10.0
371,614,13.0
371,669,7.0
371,676,16.0
371,739,19.0
371,820,20.0
371,875,10.0
371,908,2601.52
371,912,10.0
371,978,26.0
371,1120,6.0
371,1201,10.0
371,1234,10.0
371,1295,94.0
371,1358,10.0
372,430,10.0
372,493,15.0
372,590,85.0
372,596,10.0
372,624,52.0
372,639,10763.58
372,661,46.0
372,816,7.0
372,854,1969.0
372,1070,3.0
372,1102,10.0
372,1107,10.0
372,1151,12.0
372,1228,10.0
372,1265,10.0
372,1270,3.0
372,1278,10.0
372,1332,22.0
373,106,10.0
373,284,10.0
373,324,13.0
373,357,12.0
373,370,10.0
373,386,22.0
373,535,10.0
373,548,21.4
373,555,8802.18
373,635,21.4
373,737,1520.0
373,1066,10.0
373,1172,10.0
374,70,39.0
374,71,114.0
374,163,37.4
374,193,10.0
374,202,110.0
374,271,690.0
374,283,3336.94
374,334,47.0
374,342,92.0
374,351,18.0
374,377,4168.26
374,504,16.0
374,552,19.0
374,583,37.0
374,587,10.0
374,605,10.0
374,623,13.0
374,676,9.0
374,833,135.0
374,857,45.0
374,940,35.0
374,947,10.0
374,1026,10.0
374,1064,10.0
374,1080,21.0
374,1120,10.0
374,1156,12.0
374,1236,3.0
374,1305,14.0
374,1356,21.4
375,808,10866.1
375,812,10.0
375,958,197.0
375,979,60.0
375,999,10.0
375,1086,578.0
375,1105,10.0
375,1252,28.0
375,1305,20.0
377,21,6.0
377,82,6.0
377,170,17.0
377,217,6.0
377,283,4118.48
377,330,6.0
377,374,4168.26
377,488,23.0
377,588,29.0
377,922,46.0
377,947,1011.0
377,1326,46.0
379,9,64.0
379,38,12.0
379,84,143.0
379,209,10.0
379,285,267.0
379,328,31.0
379,368,4444.26
379,465,17.0
379,569,10.0
379,584,18.0
379,587,24.0
379,632,10.0
379,795,10.0
379,830,27.0
379,861,262.0
379,893,34.0
379,901,18.0
379,905,10.0
379,921,67.6
379,957,10.0
379,978,16.0
379,980,13.0
379,1079,10.0
379,1302,31.0
379,1322,5.0
379,1323,25.0
380,22,10.0
380,195,13.0
380,201,10.0
380,280,12.0
380,387,40.0
380,469,15.0
380,479,10.0
380,581,10.0
380,584,10.0
380,723,3.0
380,735,5794.48
380,945,18.0
380,960,10.0
380,1101,24.0
380,1258,10.0
380,1286,10.0
381,61,10.0
381,301,21.4
381,499,10586.74
381,555,10.0
381,642,10.0
381,651,19.6
381,865,55.64
381,883,742.58
381,1001,29.0
381,1053,10.0
381,1109,10.0
381,1153,122.0
381,1201,10.0
381,1359,10.0
382,83,10.0
382,111,10.0
382,153,3.0
382,189,10.0
382,216,25.0
382,293,11.0
382,335,10.0
382,403,41.0
382,539,10.0
382,556,10.0
382,566,39.0
382,609,31.0
382,671,10958.86
382,764,22.0
382,861,10.0
382,872,495.0
382,885,10.0
382,907,12.0
382,1033,10.0
382,1107,11.0
382,1142,218.0
382,1257,135.0
382,1276,49.0
384,186,73.0
384,331,28.0
384,388,22.0
384,571,10.0
384,624,20.0
384,661,46.0
384,758,10.0
384,808,10.0
384,823,11.0
384,845,16.0
384,987,21.0
384,991,6565.04
384,1109,10.0
384,1201,351.0
384,1203,343.0
384,1316,836.0
385,36,16.0
385,56,19.6
385,60,30.0
385,101,39.0
385,121,26.0
385,123,14.0
385,127,10.0
385,186,30.0
385,195,10.0
385,524,1444.0
385,538,1962.0
385,606,14.0
385,714,21.4
385,860,10.0
385,871,63.0
385,959,10.0
385,1011,10.0
385,1045,1401.0
385,1051,10.0
385,1112,10.0
385,1127,7905.46
385,1132,10.0
386,88,134.0
386,115,10170.36
386,197,51.0
386,242,10.0
386,305,85.0
386,373,22.0
386,427,10.0
386,494,10.0
386,562,10.0
386,573,10.0
386,577,19.0
386,730,12.0
386,737,10.0
386,765,11.0
386,823,148.0
386,922,13.0
386,1010,150.0
386,1091,25.0
386,1126,224.0
386,1363,10.0
387,28,13.0
387,32,45.0
387,49,10.0
387,110,10.0
387,122,6.0
387,127,11.0
387,129,5080.280000000001
387,181,10.0
387,188,10.0
387,201,17.0
387,275,1533.0
387,280,19.0
387,325,79.0
387,364,10.0
387,380,40.0
387,409,10.0
387,469,10.0
387,486,10.0
387,526,1526.0
387,583,25.0
387,607,10.0
387,652,10.0
387,675,690.0
387,754,11.0
387,789,679.0
387,873,10.0
387,945,21.4
387,958,10.0
387,959,1170.0
387,1087,19.0
387,1296,10.0
388,56,6.0
388,90,10.0
388,186,79.0
388,316,10.0
388,331,27.0
388,384,22.0
388,624,45.0
388,661,47.0
388,665,5556.08
388,748,33.0
388,845,31.0
388,987,27.0
388,991,42.0
388,997,30.0
388,1013,10.0
388,1316,30.0
389,10,19.6
389,40,1690.0
389,425,10.0
389,563,10.0
389,585,31.0
389,623,1106.0
389,626,3.0
389,808,43.0
389,812,15.0
389,903,28.0
389,905,3.0
389,1289,10.0
390,5,10.0
390,216,10.0
390,484,34.24
390,621,10.0
390,657,9996.14
390,713,10.0
390,728,10.0
390,730,23.0
390,752,21.4
390,794,314.0
390,826,15.0
390,832,10.0
390,853,3.0
390,1017,10.0
390,1282,10.0
390,1310,10.0
392,16,544.0
392,88,947.0
392,189,3.0
392,197,28.0
392,282,18.0
392,330,10.0
392,427,10.0
392,435,10.0
392,560,3.0
392,576,10.0
392,636,6.0
392,730,8963.9
392,823,35.0
392,831,10.0
392,967,10.0
392,1033,23.0
392,1041,10.0
393,528,10.0
393,691,4.0
393,796,839.0
393,974,10787.54
394,31,21.4
394,142,10.0
394,158,21.4
394,165,21.4
394,167,846.0
394,254,25.0
394,284,1250.0
394,396,21.4
394,438,29.0
394,439,9.0
394,498,14.0
394,726,3082.0
394,752,10.0
394,1037,10.0
394,1065,15.0
394,1135,1191.0
394,1317,10.0
394,1319,10.0
394,1321,10.0
395,58,10.0
395,124,10.0
395,268,10.0
395,300,10.0
395,340,209.0
395,436,10.0
395,486,10.0
395,536,10.0
395,646,14.0
395,698,10.0
395,785,273.0
395,867,11.0
395,919,6.0
395,925,28.0
395,941,10.0
395,976,10.0
395,994,10.0
395,1021,10.0
395,1028,10.0
395,1159,10.0
396,166,10009.18
396,288,200.0
396,317,14.0
396,336,50.0
396,394,21.4
396,438,58.0
396,508,43.0
396,513,29.0
396,548,36.0
396,556,97.0
396,578,10.0
396,644,54.0
396,673,75.0
396,995,45.0
396,1033,21.0
396,1041,13.0
396,1091,135.0
396,1214,464.0
396,1217,58.0
396,1223,122.0
397,131,80.0
397,266,35.0
397,292,41.0
397,301,9.0
397,456,10.0
397,566,48.0
397,628,30.0
397,679,107.0
397,848,19.0
397,854,19.0
397,923,51.0
397,929,19.0
397,1110,19.6
397,1162,38.0
397,1174,29.6
397,1181,11.0
397,1191,11.0
397,1265,14.0
397,1300,55.0
397,1328,10.0
398,38,81.0
398,425,44.0
398,602,10.0
398,744,30.0
398,979,13.0
398,1082,299.0
398,1105,138.0
398,1304,10665.7
400,31,3.0
400,55,3.0
400,130,13.0
400,131,10.0
400,196,10.0
400,207,19.0
400,243,11.0
400,258,10.0
400,285,10.0
400,339,17.0
400,406,10.0
400,438,19.0
400,453,27.0
400,523,11.0
400,534,10.0
400,560,16.0
400,578,16.0
400,628,12.0
400,657,20.0
400,679,10.0
400,691,302.0
400,733,6.0
400,752,475.0
400,826,179.0
400,828,244.0
400,844,200.0
400,936,8.0
400,966,7418.26
400,1000,10.0
400,1037,13.0
400,1075,294.0
400,1108,83.0
400,1185,10.0
400,1317,339.0
400,1331,278.0
402,4,21.4
402,76,144.0
402,125,10.0
402,247,21.4
402,352,29.0
402,440,21.4
402,450,69.0
402,530,425.0
402,587,21.4
402,611,42.8
402,680,10.0
402,753,19.6
402,770,440.0
402,812,272.0
402,883,10856.92
402,893,11.0
402,941,10.0
402,960,10.0
402,1064,35.0
402,1168,91.0
402,1186,78.0
402,1233,93.0
402,1312,28.0
403,5,10.0
403,18,10.0
403,106,10.0
403,116,42.0
403,142,19.6
403,168,21.4
403,216,10.0
403,218,46.0
403,253,54.0
403,258,10.0
403,329,21.0
403,354,930.0
403,360,10.0
403,382,41.0
403,419,10.0
403,433,3.0
403,491,10.0
403,534,10.0
403,593,10.0
403,644,10.0
403,681,36.38
403,737,10.0
403,817,10.0
403,861,10.0
403,963,12.0
403,967,10.0
403,995,11.0
403,1017,10.0
403,1039,19.0
403,1046,57.0
403,1070,19.0
403,1158,74.0
403,1217,42.0
403,1223,403.0
403,1250,8997.46
403,1354,10.0
403,1360,52.0
404,55,10.0
404,125,10.0
404,133,10.0
404,153,11.0
404,175,64.0
404,238,11.0
404,276,10.0
404,336,10.0
404,416,10.0
404,423,21.0
404,428,5.0
404,435,173.0
404,445,10.0
404,512,10.0
404,528,15.0
404,544,11.0
404,612,48.0
404,717,10.0
404,753,66.0
404,974,6.0
404,1033,13.0
404,1037,10.0
404,1046,3.0
404,1172,10.0
404,1208,26.0
404,1232,10.0
404,1253,10.0
404,1307,39.0
404,1317,10.0
404,1319,49.0
404,1338,12.0
404,1360,11.0
405,19,18.0
405,36,10.0
405,74,26.0
405,76,10.0
405,80,13.0
405,122,75.0
405,127,10.0
405,176,10860.1
405,185,11.0
405,237,10.0
405,249,10.0
405,353,18.0
405,434,37.0
405,455,10.0
405,459,10.0
405,616,10.0
405,712,31.0
405,724,18.0
405,830,10.0
405,867,12.0
405,914,10.0
405,976,10.0
405,1096,11.0
405,1115,14.0
405,1121,10.0
405,1127,10.0
405,1148,21.4
405,1241,10.0
405,1246,10.0
405,1252,29.0
405,1269,11.0
405,1296,9.0
405,1302,37.0
406,177,385.0
406,400,10.0
406,445,54.0
406,492,156.0
406,708,1116.0
406,828,18.0
406,872,326.0
406,969,10.0
406,977,552.72
406,986,16.0
406,1058,10557.54
406,1108,17.0
406,1150,21.0
406,1270,21.0
407,65,99.0
407,169,27.82
407,238,8.0
407,245,21.4
407,259,10.0
407,608,10.0
407,737,1680.96
407,805,10.0
407,842,10.0
407,910,10.0
407,920,544.0
407,937,10.0
407,992,12.0
407,1052,561.0
407,1055,10.0
407,1102,3.0
407,1178,33.0
407,1253,10.0
407,1257,11.0
409,19,47.0
409,30,19.0
409,143,7.0
409,268,11.0
409,295,35.0
409,307,252.0
409,340,12.0
409,387,10.0
409,540,14.0
409,754,10822.1
409,776,14.0
409,799,10.0
409,867,10.0
409,1021,10.0
409,1164,16.0
410,71,10.0
410,142,95.0
410,171,35.28
410,515,475.0
410,569,10.0
410,673,53.0
410,703,10.0
410,820,10573.24
410,863,3.0
410,886,91.0
410,995,13.0
410,1046,10.0
410,1161,127.0
410,1338,10.0
411,28,10.0
411,51,21.0
411,151,6.0
411,227,54.0
411,246,55.0
411,268,12.0
411,280,10.0
411,311,11.0
411,325,559.0
411,477,10174.18
411,500,10.0
411,529,3.0
411,537,3.0
411,682,15.0
411,811,10.0
411,953,11.0
411,1011,14.0
411,1111,127.0
412,73,10.0
412,196,10.0
412,225,10.0
412,274,721.0
412,297,10.0
412,569,10.0
412,634,260.0
412,779,105.0
412,800,9853.1
412,883,21.4
412,902,58.0
412,921,648.0
412,993,17.0
412,1222,3.0
412,1351,19.6
413,10,19.6
413,69,21.4
413,139,18.0
413,323,230.0
413,369,13.0
413,465,21.4
413,563,10.0
413,602,10.0
413,622,3.0
413,626,10800.1
413,634,36.0
413,672,21.4
413,800,10.0
413,809,3.0
413,838,20.0
413,890,35.0
413,902,59.0
413,911,10.0
413,1309,10.0
415,83,247.0
415,132,11.0
415,169,23.0
415,198,3.0
415,206,10.0
415,259,10245.56
415,298,168.0
415,339,72.0
415,441,51.0
415,551,46.0
415,822,10.0
415,1010,108.0
415,1046,10.0
415,1125,10.0
415,1188,70.0
415,1355,3.0
416,12,10.0
416,102,73.0
416,262,6.0
416,288,14.0
416,404,10.0
416,443,10.0
416,473,53.0
416,508,13.0
416,556,11.0
416,576,23.0
416,578,110.0
416,718,10.0
416,769,11.0
416,1208,11068.1
416,1232,10.0
416,1257,14.0
417,49,10.0
417,114,10.0
417,300,10.0
417,364,33.0
417,436,10918.3
417,502,10.0
417,525,84.0
417,592,10.0
417,701,10.0
417,710,10.0
417,755,10.0
417,802,10.0
417,814,1748.0
417,964,11.0
417,968,10.0
417,1061,47.0
417,1087,21.4
417,1286,11.0
417,1296,1563.0
418,457,10.0
418,689,23.0
418,819,14.0
418,887,10.0
418,975,43.0
418,1003,582.0
418,1151,2149.0
419,142,35.0
419,144,10.0
419,171,14.0
419,207,62.0
419,285,50.0
419,403,10.0
419,444,11.0
419,463,10.0
419,551,20.0
419,655,10760.1
419,673,10.0
419,687,28.0
419,706,27.0
419,730,10.0
419,1100,11.0
419,1360,10.0
420,5,12.0
420,16,10.0
420,100,10.0
420,177,15.0
420,318,21.4
420,354,36.0
420,433,10.0
420,445,10.0
420,491,10608.26
420,717,21.4
420,955,10.0
420,1055,10.0
420,1145,52.0
420,1178,10.0
420,1214,10.0
420,1223,10.0
420,1244,3.0
420,1354,10.0
421,135,88.0
421,360,441.0
421,445,30.0
421,519,487.0
421,534,11.0
421,565,548.0
421,745,30.0
421,842,10.0
421,972,10.0
421,1003,10.0
421,1016,157.0
421,1038,2301.0
421,1123,10492.32
421,1150,13.0
421,1202,205.0
421,1206,104.0
421,1273,11.0
421,1332,46.0
423,59,11.0
423,83,21.0
423,153,37.0
423,173,12.0
423,175,34.0
423,177,90.0
423,198,71.0
423,210,82.0
423,285,10.0
423,335,10.0
423,404,21.0
423,431,41.0
423,435,41.0
423,440,21.4
423,444,26.0
423,445,45.0
423,484,32.1
423,494,151.0
423,559,28.0
423,574,66.0
423,580,23.0
423,732,8749.58
423,753,21.4
423,805,10.0
423,819,59.0
423,856,63.0
423,910,99.0
423,937,404.46
423,963,67.0
423,1033,12.0
423,1039,10.0
423,1149,10.0
423,1250,10.0
423,1277,16.0
423,1353,486.0
425,38,25.0
425,103,23.0
425,191,480.0
425,297,30.0
425,389,10.0
425,398,44.0
425,521,24.0
425,552,17.0
425,613,10.0
425,620,43.0
425,690,9247.52
425,732,10.0
425,744,12.0
425,795,17.0
425,859,11.0
425,1105,49.0
425,1111,10.0
425,1153,424.0
425,1305,12.0
426,177,45.0
426,370,10696.48
426,601,36.0
427,54,10772.7
427,100,68.0
427,177,17.0
427,197,21.0
427,198,10.0
427,224,10.0
427,305,45.0
427,317,10.0
427,337,62.0
427,386,10.0
427,392,10.0
427,431,23.0
427,487,38.0
427,516,13.0
427,590,10.0
427,650,10.0
427,717,29.0
427,823,15.0
427,844,21.4
427,1033,17.0
427,1075,21.4
427,1338,21.0
427,1355,21.0
427,1357,10.0
428,5,37.0
428,7,10364.3
428,37,10.0
428,404,5.0
428,566,131.0
428,591,10.0
428,696,15.0
428,720,10.0
428,932,61.0
428,966,100.0
428,1331,10.0
429,53,6.0
429,116,82.0
429,130,31.0
429,133,131.0
429,138,14.0
429,165,1380.3
429,173,24.0
429,184,25.0
429,189,10.0
429,218,13.0
429,318,42.0
429,337,19.6
429,574,37.0
429,593,44.0
429,769,103.0
429,772,1922.0
429,833,10.0
429,962,13.0
429,1033,8121.24
429,1158,10.0
429,1338,33.54
429,1355,23.0
430,70,10.0
430,165,3.0
430,243,10.0
430,256,13.0
430,372,10.0
430,548,3.0
430,562,3.0
430,614,10.0
430,671,21.4
430,794,45.0
430,829,281.0
430,1000,3.0
430,1104,65.0
430,1162,196.0
430,1228,10.0
430,1278,13.0
431,64,10.0
431,136,10.0
431,138,13.0
431,175,75.0
431,198,10793.1
431,205,10.0
431,354,10.0
431,423,41.0
431,427,23.0
431,435,31.0
431,445,85.0
431,494,17.0
431,545,341.0
431,551,10.0
431,591,2070.0
431,614,11.0
431,621,467.0
431,628,10.0
431,696,12.84
431,822,10.0
431,858,10.0
431,910,3490.68
431,963,36.0
431,1125,3.0
431,1299,10.0
432,13,28.0
432,100,10.0
432,112,19.0
432,132,575.0
432,142,4428.6
432,247,18.0
432,298,4017.26
432,336,10.0
432,615,203.0
432,667,196.0
432,790,3.0
432,1118,30.0
432,1135,12.0
432,1207,10.0
432,1247,10.0
432,1338,11.0
433,47,10.0
433,126,10.0
433,187,10.0
433,270,5571.88
433,276,3.0
433,403,3.0
433,420,10.0
433,508,10.0
433,534,10.0
433,566,1461.4
433,658,5.0
433,842,19.0
433,856,10.0
433,937,10.0
433,992,7.0
433,1066,83.0
433,1075,10.0
433,1111,10.0
433,1207,10.0
433,1220,28.0
433,1246,21.4
434,34,103.0
434,110,34.0
434,122,10.0
434,220,3.0
434,249,10.0
434,405,37.0
434,459,7756.1
434,469,526.0
434,477,10.0
434,483,10.0
434,536,404.0
434,616,10.0
434,714,34.0
434,721,10.0
434,889,42.0
434,919,10.0
434,934,13.0
434,1087,26.0
434,1121,10.0
434,1154,14.0
434,1174,10.0
434,1197,529.0
434,1239,46.0
434,1294,15.0
435,130,47.42
435,153,89.0
435,175,10502.54
435,198,23.0
435,234,21.0
435,238,13.0
435,289,12.0
435,392,10.0
435,404,173.0
435,423,41.0
435,431,31.0
435,445,10.0
435,697,10.0
435,718,10.0
435,805,10.0
435,1247,10.0
435,1307,89.0
436,51,6.0
436,85,10.0
436,124,9.0
436,183,10.0
436,220,135.0
436,304,10.0
436,364,56.0
436,395,10.0
436,417,10918.3
436,522,14.0
436,525,142.0
436,526,21.4
436,592,23.0
436,595,18.0
436,723,10.0
436,739,96.0
436,814,1650.0
436,904,10.0
436,934,3.0
436,1061,181.0
436,1154,10.0
436,1262,39.2
436,1296,1754.0
438,55,146.0
438,102,16.0
438,130,14.0
438,160,10816.34
438,189,66.0
438,213,17.0
438,335,124.0
438,394,29.0
438,396,58.0
438,400,19.0
438,437,26.0
438,523,10.0
438,574,10.0
438,636,10.0
438,644,60.0
438,673,59.0
438,705,10.0
438,990,17.0
438,1037,110.0
438,1039,10.0
438,1065,21.0
438,1091,39.0
438,1172,10.0
438,1217,23.0
438,1247,24.0
438,1355,10.0
439,16,10.0
439,187,10.0
439,256,13.0
439,289,10.0
439,298,3.0
439,318,106.0
439,394,9.0
439,512,10.0
439,523,10.0
439,589,3.0
439,630,12.0
439,673,10.0
439,856,27.0
439,1037,11.0
439,1069,10.0
439,1104,10.0
439,1122,10.0
439,1125,10.0
439,1184,10.0
439,1205,26.0
439,1214,10.0
439,1247,109.0
439,1357,12.0
439,1363,20.0
440,61,17.0
440,196,10886.98
440,303,3972.12
440,402,21.4
440,423,21.4
440,800,10.0
440,868,725.2
440,921,341.0
440,1119,21.4
441,242,58.0
441,339,8799.78
441,415,51.0
441,443,10.0
441,579,866.0
441,1000,10.0
441,1010,12.0
441,1126,47.0
441,1354,64.0
442,98,3.0
442,120,29.0
442,337,63.0
442,456,10.0
442,600,65.0
442,617,34.0
442,832,12.0
442,862,14.0
442,1016,178.0
442,1158,84.0
442,1169,3.0
442,1339,10.0
442,1343,9258.48
443,66,38.0
443,83,145.0
443,102,958.0
443,111,26.0
443,189,1412.0
443,207,198.0
443,234,10.0
443,285,26.0
443,329,28.0
443,416,10.0
443,441,10.0
443,473,13.0
443,512,10.0
443,609,145.0
443,769,10.0
443,861,2311.0
443,1223,25.0
443,1257,1702.0
443,1276,10.0
444,12,11.0
444,102,140.0
444,142,10.0
444,160,22.0
444,189,106.0
444,213,33.0
444,218,10.0
444,256,3.0
444,318,25.0
444,335,64.0
444,419,11.0
444,423,26.0
444,437,29.0
444,523,20.0
444,720,10.0
444,747,81.0
444,790,10.0
444,840,13.0
444,841,3.0
444,990,10.0
444,1037,207.0
444,1039,16.0
444,1041,63.0
444,1068,15.0
444,1125,78.0
444,1217,12.0
444,1220,167.0
444,1276,63.0
444,1325,10.0
445,59,10.0
445,69,10.0
445,142,10.0
445,175,11.0
445,198,80.0
445,305,32.1
445,404,10.0
445,406,54.0
445,420,10.0
445,421,30.0
445,423,45.0
445,431,85.0
445,435,10.0
445,573,26.0
445,590,3.0
445,601,8555.1
445,691,15.0
445,753,19.0
445,828,14.0
445,910,7.0
445,1108,10.0
445,1119,10.0
445,1217,10.0
445,1290,212.0
445,1319,58.0
446,453,6.0
446,456,10156.220000000001
446,468,41.0
446,550,10.0
446,676,12.0
446,685,23.0
446,708,13.0
446,740,24.0
446,1067,57.0
446,1141,26.0
446,1191,10.0
446,1287,20.0
446,1318,7.0
448,78,10.0
448,454,10.0
448,539,15.0
448,550,23.0
448,553,10.0
448,661,23.0
448,674,13.0
448,678,6938.48
448,685,1352.0
448,740,1482.0
448,977,32.0
448,1165,10.0
448,1262,34.0
448,1310,8.0
448,1339,6.0
450,125,149.0
450,314,58.0
450,402,69.0
450,461,10.0
450,571,56.0
450,749,55.0
450,756,63.0
450,883,31.0
450,915,10.0
450,942,10.0
450,957,10.0
450,1062,1141.0
450,1113,13.0
450,1168,9963.36
450,1186,85.0
450,1322,11.0
451,28,34.0
451,50,11.0
451,183,10.0
451,316,10.0
451,351,33.0
451,652,93.0
451,682,87.0
451,721,10901.1
451,958,150.0
451,970,15.0
451,1045,10.0
452,74,91.0
452,79,10.0
452,143,747.3199999999999
452,291,128.0
452,483,13.0
452,485,10.0
452,526,10.0
452,568,26.0
452,646,65.0
452,867,11.0
452,873,18.0
452,1021,7432.96
452,1042,10.0
452,1044,10.0
452,1256,1593.0
453,57,32.0
453,137,10.0
453,312,3.0
453,400,27.0
453,446,6.0
453,612,3.0
453,671,10.0
453,691,8887.2
453,920,20.0
453,962,10.0
453,972,15.0
453,1107,11.0
453,1228,201.0
453,1237,327.0
453,1282,747.0
453,1328,11.0
454,15,21.0
454,205,8717.64
454,253,10.0
454,296,10.0
454,437,10.0
454,448,10.0
454,458,19.0
454,591,271.0
454,685,10.0
454,699,14.0
454,733,3.0
454,740,17.0
454,848,10.0
454,977,27.0
454,1274,24.0
454,1299,87.0
455,11,10.0
455,36,10.0
455,113,15.0
455,114,10.0
455,123,41.0
455,151,14.0
455,182,10.0
455,219,13.0
455,246,45.0
455,291,10.0
455,295,12.0
455,333,10.0
455,405,10.0
455,485,7.0
455,583,433.0
455,598,29.0
455,773,13.0
455,898,67.0
455,968,3.0
455,1013,10.0
455,1060,24.0
455,1087,466.58000000000004
455,1115,10.0
455,1124,52.0
455,1154,10.0
455,1187,10.0
455,1332,111.0
456,135,83.0
456,356,17.0
456,397,10.0
456,442,10.0
456,446,10156.220000000001
456,539,10.0
456,600,3.0
456,708,9.0
456,887,24.0
456,894,14.0
456,972,3.0
456,977,3.0
456,1067,68.0
456,1070,12.0
456,1141,13.0
456,1165,3.0
456,1265,20.0
456,1318,15.84
457,15,60.0
457,131,308.0
457,356,3.0
457,418,10.0
457,639,10.0
457,676,10.0
457,679,11.0
457,739,11.0
457,748,10.0
457,849,14.0
457,899,10802.1
457,981,10.0
457,984,67.0
457,1123,10.0
457,1150,3.0
457,1179,10.0
457,1231,136.0
457,1279,10.0
458,15,10.0
458,137,10.0
458,253,265.0
458,296,9842.78
458,454,19.0
458,553,15.0
458,576,471.0
458,708,11.0
458,719,167.0
458,862,34.0
458,981,15.0
458,1074,13.0
458,1090,274.0
458,1169,10.0
458,1175,542.0
458,1189,10.0
458,1262,28.0
458,1279,10.0
459,34,104.0
459,110,20.0
459,176,144.0
459,249,17.0
459,299,10.0
459,311,21.4
459,341,32.0
459,405,10.0
459,434,7756.1
459,711,119.0
459,798,435.0
459,799,10.0
459,889,18.0
459,953,566.0
459,1087,10.0
459,1106,385.0
459,1121,51.0
459,1174,17.0
459,1197,21.4
459,1239,147.0
459,1359,10.0
460,19,10.0
460,28,14.0
460,30,13.0
460,50,18.0
460,123,29.0
460,141,10.0
460,178,6828.66
460,219,2222.0
460,268,10.0
460,275,11.0
460,497,10.0
460,665,12.0
460,723,34.0
460,771,49.0
460,773,10.0
460,806,11.0
460,818,11.0
460,867,38.0
460,884,402.0
460,934,16.0
460,964,49.0
460,988,13.0
460,989,19.0
460,1077,43.0
460,1147,10.0
460,1225,23.0
461,52,91.0
461,164,28.0
461,182,11.0
461,272,53.0
461,450,10.0
461,642,6.0
461,723,52.0
461,795,10.0
461,866,15.0
461,934,70.0
461,961,298.0
461,1266,10804.56
463,53,26.0
463,66,10.0
463,115,11.0
463,136,30.0
463,301,16.0
463,336,10.0
463,360,10.0
463,419,10.0
463,513,31.0
463,615,114.0
463,667,107.0
463,675,32.0
463,922,10.0
463,1066,16.0
463,1172,7862.1
463,1247,10.0
463,1250,20.0
465,9,60.0
465,23,21.4
465,38,17.0
465,103,10.0
465,196,829.62
465,251,10.0
465,271,80.0
465,322,34.0
465,323,18.0
465,379,17.0
465,413,21.4
465,569,12.0
465,587,113.6
465,602,10.7
465,680,21.4
465,757,10.0
465,860,16.0
465,865,10701.74
465,890,355.0
465,914,21.4
465,915,53.84
465,999,43.0
465,1040,20.0
465,1140,14.0
465,1201,19.6
465,1312,161.0
465,1322,3.0
466,368,10.0
466,502,10.0
466,656,20.0
466,905,10525.66
466,948,3.0
466,951,10.0
466,1022,10.0
466,1140,13.0
467,80,10.0
467,101,32.0
467,143,445.24
467,201,10.0
467,255,10.0
467,299,10.0
467,300,10.0
467,307,10.0
467,485,4142.48
467,497,10.0
467,532,10.0
467,564,20.0
467,594,56.0
467,665,3.0
467,693,96.0
467,694,921.0
467,715,10.0
467,723,10.0
467,727,259.0
467,751,11.0
467,761,10.0
467,767,10.0
467,770,205.0
467,818,25.0
467,827,10.0
467,898,10.0
467,945,206.0
467,956,11.0
467,968,9702.66
467,970,96.0
467,1042,542.72
467,1077,10.0
467,1101,313.18
467,1124,20.0
467,1131,10.0
467,1256,587.38
468,244,10723.84
468,266,9.0
468,296,11.0
468,337,8.0
468,446,41.0
468,493,12.0
468,553,460.0
468,560,10.0
468,596,3.0
468,683,481.0
468,815,6.0
468,894,1099.96
468,936,11.0
468,1063,10.0
468,1141,296.0
468,1169,34.0
468,1175,21.4
468,1181,10.0
469,28,10.0
469,45,618.0
469,60,19.6
469,121,10.0
469,151,3.0
469,291,14.0
469,325,24.0
469,333,16.0
469,380,15.0
469,387,10.0
469,434,526.0
469,479,10.0
469,607,37.0
469,647,10.0
469,649,10.0
469,771,22.0
469,960,14.0
469,976,11.0
469,1076,28.0
469,1086,124.0
469,1124,69.0
469,1197,9958.9
470,98,10.0
470,192,10.0
470,356,10.0
470,515,3106.0
470,519,10.0
470,550,10.0
470,596,10.0
470,628,19.0
470,648,361.0
470,702,21.0
470,828,10.0
470,829,10.0
470,849,10.0
470,850,6.0
470,858,10.0
470,872,10.0
470,887,21.0
470,936,10.0
470,983,11.0
470,1198,10.0
470,1279,10.0
470,1299,10.0
471,348,685.0
471,827,629.0
471,881,471.0
471,1035,16.0
473,66,3.0
473,83,471.0
473,111,120.0
473,112,137.0
473,130,10.0
473,132,188.0
473,189,10.0
473,206,1760.0
473,212,3.0
473,284,10.0
473,288,23.0
473,302,21.4
473,329,263.0
473,354,10.0
473,367,21.4
473,416,53.0
473,443,13.0
473,494,11.0
473,523,35.0
473,687,10.0
473,1257,38.0
473,1276,9901.380000000001
473,1319,21.0
477,29,10.0
477,325,546.0
477,352,3.0
477,353,114.0
477,411,10174.18
477,434,10.0
477,500,12.0
477,925,38.0
477,1086,3.0
477,1111,386.0
477,1159,10.0
477,1167,46.0
477,1210,56.0
478,12,3.0
478,59,10.0
478,153,10.0
478,168,8.0
478,197,10.0
478,360,10.0
478,491,3.0
478,535,10792.1
478,697,4054.6
478,764,3.0
478,1232,10.0
478,1253,26.0
478,1307,16.0
479,56,5434.44
479,110,23.0
479,141,11.0
479,151,288.0
479,176,10.0
479,239,10.0
479,246,67.0
479,257,58.0
479,380,10.0
479,469,10.0
479,497,21.4
479,538,10.0
479,544,351.0
479,598,12.0
479,642,79.0
479,646,52.0
479,647,20.0
479,723,10.0
479,811,134.0
479,886,10.0
479,894,10.0
479,925,108.0
479,1028,18.0
479,1044,50.0
479,1076,69.0
479,1094,10.0
479,1167,10.0
479,1174,16.0
479,1359,34.0
482,1,54.0
482,28,10.0
482,36,3.0
482,45,30.0
482,76,400.0
482,143,7.0
482,194,339.0
482,246,10.0
482,311,13.0
482,340,10.0
482,352,10.0
482,530,10.0
482,583,10.0
482,665,25.0
482,693,225.0
482,724,15.0
482,770,10.0
482,776,11.0
482,897,10.0
482,904,63.0
482,960,224.0
482,989,10.0
482,1027,10.0
482,1112,10.0
482,1124,9948.08
482,1179,71.0
482,1210,478.0
482,1259,10.0
483,44,96.0
483,74,12.0
483,76,307.0
483,85,12.0
483,87,10.0
483,113,27.0
483,114,66.0
483,122,36.0
483,185,11.0
483,208,10.0
483,227,13.0
483,291,378.0
483,295,10.0
483,311,127.0
483,352,10732.380000000001
483,434,10.0
483,452,13.0
483,524,3.0
483,616,12.0
483,802,10.0
483,867,10.0
483,928,24.0
483,941,18.0
483,947,10.0
483,960,43.0
483,976,12.0
483,989,10.0
483,1011,28.0
483,1043,10.0
483,1124,330.0
483,1127,6.0
483,1131,27.0
483,1144,10.0
483,1179,50.0
484,111,21.4
484,196,21.4
484,216,21.4
484,284,19.6
484,329,10.0
484,390,34.24
484,423,32.1
484,569,10.0
484,591,10.0
484,611,21.4
484,621,21.4
484,713,21.4
484,753,19.6
484,819,10820.68
484,1098,34.24
484,1148,4.0
484,1151,33.0
485,14,898.0
485,45,10.0
485,80,10.0
485,99,26.0
485,143,261.2
485,185,13.0
485,215,10.0
485,237,10.0
485,257,53.0
485,268,49.0
485,452,10.0
485,455,7.0
485,467,4142.48
485,497,50.0
485,542,10.0
485,594,26.0
485,649,535.0
485,693,10.0
485,715,28.0
485,727,10.0
485,751,51.0
485,770,189.0
485,771,31.0
485,818,160.0
485,824,9.0
485,874,10.0
485,945,3.0
485,956,10.0
485,960,66.0
485,968,3509.44
485,997,18.0
485,1101,10.0
485,1115,10.0
485,1124,100.0
485,1127,53.0
485,1187,25.0
485,1286,3.0
486,32,42.0
486,58,10.0
486,74,407.0
486,85,10.0
486,123,67.0
486,178,17.0
486,181,8893.06
486,241,39.0
486,280,10.0
486,291,14.0
486,325,22.0
486,352,3.0
486,353,10.0
486,387,10.0
486,395,10.0
486,594,12.0
486,735,10.0
486,825,15.0
486,873,547.0
486,925,49.0
486,1011,3.0
486,1044,9.0
486,1088,15.0
486,1196,10.0
486,1199,38.0
486,1314,10.0
487,5,40.0
487,106,20.0
487,165,3.0
487,258,55.0
487,290,56.0
487,427,38.0
487,516,36.0
487,572,10.0
487,579,10.0
487,627,17.0
487,675,5112.84
487,789,10.0
487,984,91.0
487,1185,17.0
487,1338,40.0
487,1355,58.0
488,54,15.0
488,118,6639.84
488,330,4.0
488,377,23.0
488,588,20.0
488,797,9.0
488,922,39.0
488,1326,32.0
491,55,10.0
491,276,11.0
491,289,10.0
491,403,10.0
491,420,10608.26
491,478,3.0
491,512,10.0
491,566,10.0
491,589,11.0
491,764,10.0
491,822,10.0
491,831,14.0
491,1145,10.0
491,1207,11.0
492,115,7.0
492,138,10.0
492,165,21.4
492,175,10.0
492,177,106.0
492,214,11.0
492,337,34.0
492,406,156.0
492,675,4.0
492,708,20.0
492,822,48.0
492,832,10.0
492,864,10.0
492,969,303.0
492,1033,10.0
492,1181,58.0
492,1200,58.0
492,1328,10.0
492,1338,127.0
492,1355,112.0
493,15,17.0
493,78,25.0
493,337,10.0
493,372,15.0
493,468,12.0
493,496,25.0
493,553,19.0
493,687,282.0
493,817,536.0
493,832,10.0
493,1067,3.0
493,1145,396.0
493,1262,14.0
493,1270,16.0
493,1271,29.0
493,1350,23.0
494,198,14.0
494,224,17.0
494,301,10.0
494,386,10.0
494,423,151.0
494,431,17.0
494,473,11.0
494,511,10.0
494,600,854.0
494,844,10.0
494,862,852.0
494,910,113.0
494,963,132.0
494,1010,2219.0
494,1126,1005.0
494,1208,3.0
494,1244,10.0
494,1317,10.0
494,1331,10.0
496,131,121.0
496,266,10.0
496,493,25.0
496,628,14.0
496,702,10.0
496,796,10.0
496,854,10.0
496,954,3.0
496,1151,3.0
496,1229,11.0
496,1294,10.0
496,1299,71.0
496,1310,67.0
497,8,291.0
497,30,17.0
497,141,12.0
497,188,10.0
497,215,23.0
497,219,3.0
497,227,10.0
497,257,131.0
497,268,842.0
497,291,22.0
497,307,266.0
497,460,10.0
497,467,10.0
497,479,21.4
497,485,50.0
497,537,504.0
497,693,19.0
497,727,20.0
497,771,9985.66
497,818,149.0
497,852,10.0
497,953,356.0
497,988,10.0
497,1056,300.0
497,1106,10.0
497,1144,263.0
497,1225,10.0
498,91,10.0
498,96,10.0
498,112,10.0
498,115,24.0
498,167,11.0
498,187,10.0
498,192,21.4
498,212,34.0
498,213,15.0
498,234,29.0
498,284,12.0
498,298,3.0
498,357,20.0
498,394,14.0
498,512,8299.72
498,609,5.0
498,696,15.0
498,764,10.0
498,765,10.0
498,813,10.0
498,831,212.0
498,842,10.0
498,880,83.0
498,882,10.0
498,1059,10.0
498,1065,6.0
498,1172,38.0
498,1354,10.0
499,191,10.0
499,381,10586.74
499,792,17.0
499,957,10.0
499,998,10.0
499,1001,23.0
499,1064,26.0
499,1136,13.0
499,1153,21.0
500,151,10.0
500,194,10.0
500,295,4972.96
500,352,3.0
500,411,10.0
500,477,12.0
500,525,78.0
500,581,4.0
500,886,21.0
500,898,35.0
500,925,87.0
500,976,93.0
500,989,13.0
500,1121,12.0
500,1161,23.0
500,1167,4.0
500,1225,10.0
502,29,10.0
502,60,11.0
502,183,10.0
502,239,63.0
502,325,10.0
502,368,10.0
502,417,10.0
502,466,10.0
502,507,10.0
502,542,86.0
502,902,11.0
502,945,17.0
502,1077,50.0
502,1187,10.0
502,1256,10.0
502,1292,37.0
503,3,10.0
503,36,10.0
503,60,1179.0
503,107,11.0
503,114,13.0
503,121,90.0
503,240,5.0
503,246,3.0
503,291,12.0
503,295,13.0
503,522,19.0
503,537,10.0
503,682,11.0
503,698,11.0
503,797,10.0
503,867,10.0
503,960,33.0
503,976,10694.1
503,989,10.0
503,997,69.0
503,1131,46.0
503,1161,10.0
506,56,10.0
506,60,10.0
506,141,10.0
506,201,71.0
506,220,10.0
506,510,10.0
506,606,10.0
506,666,30.0
506,682,15.0
506,710,10.0
506,723,10.0
506,898,10.0
506,944,3724.72
506,945,20.0
506,970,10.0
506,976,18.0
506,1187,10.0
506,1332,65.0
507,32,30.0
507,39,10.0
507,80,16.0
507,85,14.0
507,124,10.0
507,172,10902.1
507,185,10.0
507,299,19.6
507,502,10.0
507,554,24.0
507,592,10.0
507,598,21.4
507,701,10.0
507,715,10.0
507,953,10.0
507,965,309.0
507,1028,58.0
507,1094,21.4
508,12,4549.6
508,55,35.0
508,133,16.0
508,160,22.0
508,169,10.0
508,238,10.0
508,288,55.0
508,301,10.0
508,396,43.0
508,416,13.0
508,433,10.0
508,513,41.0
508,556,43.0
508,580,49.0
508,644,47.0
508,790,119.0
508,966,106.0
508,981,27.0
508,990,81.0
508,1091,1883.0
508,1208,55.0
508,1217,102.0
508,1321,10.0
508,1353,6.0
511,88,15.0
511,106,13.0
511,144,21.4
511,218,91.0
511,262,13.0
511,276,7.0
511,354,51.0
511,366,9683.08
511,494,10.0
511,601,10.0
511,608,3.0
511,839,10.0
511,984,18.0
511,1046,22.0
511,1317,11.0
512,7,10.0
512,47,10.0
512,53,131.0
512,96,15.0
512,136,20.0
512,177,10.0
512,212,62.0
512,357,10.0
512,404,10.0
512,439,10.0
512,443,10.0
512,491,10.0
512,498,8299.72
512,566,10.0
512,630,97.0
512,655,12.0
512,670,40.0
512,696,136.0
512,764,10.0
512,813,12.0
512,831,213.0
512,841,10.0
512,1068,10.0
512,1122,10.0
512,1172,73.0
512,1331,10.0
512,1338,39.0
512,1353,13.0
512,1354,10.0
513,91,10.0
513,115,19.6
513,136,81.0
513,160,42.0
513,166,30.0
513,213,20.0
513,298,10.0
513,318,77.0
513,396,29.0
513,463,31.0
513,508,41.0
513,578,1533.28
513,644,10.0
513,790,73.0
513,995,16.0
513,1037,49.0
513,1065,19.6
513,1069,15.0
513,1217,56.0
513,1247,10.0
515,410,475.0
515,470,3106.0
515,820,478.0
515,1173,12.0
516,86,10.0
516,100,138.0
516,115,33.0
516,136,5.0
516,167,133.0
516,197,10.0
516,258,72.0
516,337,17.0
516,427,13.0
516,487,36.0
516,545,10.0
516,627,88.0
516,673,12.0
516,720,6535.44
516,765,10.0
516,984,64.0
516,1024,17.0
516,1033,7.0
516,1039,23.0
516,1068,18.0
516,1069,31.0
516,1277,539.0
516,1357,11.0
517,57,10.0
517,120,10.0
517,258,47.0
517,320,581.0
517,528,63.0
517,643,15.0
517,650,957.0
517,719,21.0
517,793,10.0
517,817,10.0
517,832,10.0
517,849,10.0
517,907,4.0
517,969,10.0
517,1162,10.0
517,1262,10.0
517,1279,10763.1
519,23,129.0
519,131,10.0
519,421,487.0
519,470,10.0
519,628,62.0
519,702,302.0
519,733,3.0
519,804,3.0
519,829,21.0
519,936,30.0
519,1038,358.0
519,1123,10.0
519,1151,57.0
519,1238,9394.5
519,1299,62.0
520,53,10.0
520,218,10.0
520,596,21.0
520,617,10.0
520,650,13.0
520,804,12.0
520,1012,10708.66
520,1046,10.0
520,1049,10.0
520,1141,13.0
520,1211,4.0
520,1265,25.0
520,1287,3.0
520,1290,10.0
520,1339,115.0
521,10,248.0
521,97,34.0
521,297,9259.82
521,328,10.0
521,425,24.0
521,634,62.0
521,645,12.0
521,808,10.0
521,868,177.0
521,890,174.94
521,902,38.0
521,921,3.0
521,942,10.0
521,943,31.0
521,1006,226.0
521,1222,72.0
521,1226,8.0
521,1284,37.0
522,114,25.0
522,304,21.0
522,311,8977.72
522,333,10.0
522,436,14.0
522,503,19.0
522,754,12.0
522,897,10.0
522,898,10.0
522,1045,3.0
522,1087,20.0
522,1088,10.0
522,1296,10.0
523,66,64.0
523,83,166.0
523,216,44.0
523,253,10.0
523,305,10.0
523,318,14.0
523,329,11.0
523,360,10.0
523,400,11.0
523,438,10.0
523,439,10.0
523,444,20.0
523,473,35.0
523,546,11.0
523,556,10.0
523,609,85.0
523,630,16.0
523,705,74.0
523,861,11.0
523,967,86.0
523,1033,10.0
523,1059,10.0
523,1116,23.0
523,1125,25.0
523,1158,10.0
523,1207,24.0
523,1220,158.0
523,1223,86.0
523,1257,35.0
523,1353,10.0
523,1357,10.0
523,1360,58.0
523,1363,72.0
524,36,144.0
524,176,10.0
524,304,12.0
524,333,21.0
524,364,66.0
524,385,1444.0
524,483,3.0
524,538,1425.0
524,647,34.0
524,652,152.0
524,710,36.0
524,775,35.0
524,803,33.0
524,814,25.0
524,851,28.0
524,873,68.0
524,945,10.0
524,976,21.0
524,1045,10950.1
524,1161,43.0
525,122,10.0
525,127,104.0
525,129,19.6
525,208,21.0
525,246,10.0
525,295,10.0
525,300,65.0
525,417,84.0
525,436,142.0
525,500,78.0
525,606,31.4
525,625,33.0
525,646,62.0
525,818,31.0
525,884,32.4
525,904,10.0
525,934,11.0
525,958,21.4
525,988,36.0
525,989,23.0
525,1060,15.0
525,1061,10826.1
525,1106,8.0
525,1121,21.4
525,1254,12.0
526,14,68.0
526,45,27.0
526,110,10.0
526,118,3.0
526,275,3429.0
526,280,4145.86
526,387,1526.0
526,436,21.4
526,452,10.0
526,599,10.0
526,675,697.0
526,754,10.0
526,767,10.0
526,789,489.0
526,934,27.0
526,958,60.0
526,959,1526.96
526,1086,8.0
526,1199,15.0
526,1362,12.0
528,75,723.0
528,98,16.0
528,137,56.0
528,393,10.0
528,404,15.0
528,517,63.0
528,643,10283.1
528,675,11.0
528,683,33.0
528,685,23.0
528,975,10.0
528,1059,10.0
528,1151,10.0
529,62,19.0
529,190,6731.54
529,268,269.0
529,307,82.0
529,331,10.0
529,411,3.0
529,495,179.0
529,531,32.0
529,537,768.0
529,557,914.0
529,592,13.0
529,611,10.0
529,614,63.0
529,806,16.0
529,810,10.0
529,898,5.0
529,1252,10.0
530,76,423.0
530,182,9190.62
530,271,10.0
530,402,425.0
530,482,10.0
530,611,10.0
530,645,10.0
530,663,53.0
530,734,6.0
530,873,10.0
530,883,159.0
530,911,40.0
530,957,10.0
530,1124,10.0
530,1127,125.0
530,1136,91.0
530,1221,10.0
530,1308,10.0
531,190,542.0
531,529,32.0
531,557,2092.0
531,723,11.0
531,976,10.0
531,987,10.0
531,1051,10.0
531,1064,10.0
531,1119,320.0
532,34,10818.5
532,119,10.0
532,185,25.0
532,195,10.0
532,220,605.0
532,273,24.0
532,340,12.0
532,341,10.0
532,467,10.0
532,606,10.0
532,616,49.0
532,698,10.0
532,968,24.0
532,1021,12.0
532,1077,30.0
532,1296,24.0
533,41,10.0
533,84,9833.66
533,251,320.0
533,368,25.0
533,587,287.0
533,620,11.0
533,704,10.0
533,860,14.0
533,906,6.0
533,1022,16.0
533,1215,360.0
533,1281,33.0
534,23,1712.0
534,66,40.0
534,78,10.0
534,96,10.0
534,111,111.0
534,132,114.0
534,136,10.0
534,206,3.0
534,254,10.0
534,285,3.0
534,400,10.0
534,403,10.0
534,421,11.0
534,433,10.0
534,578,10.0
534,732,27.0
534,752,17.0
534,826,10.0
534,842,10800.6
534,880,10.0
534,907,10.0
534,1191,18.0
534,1276,12.0
534,1290,10.0
534,1317,258.0
534,1331,88.0
535,59,10.0
535,373,10.0
535,478,10792.1
535,589,3.0
535,697,10831.1
535,841,16.0
535,981,133.0
535,1135,40.0
535,1184,6.0
535,1355,5.0
536,28,624.0
536,194,5612.48
536,295,32.0
536,395,10.0
536,434,404.0
536,537,12.0
536,599,10.0
536,677,18.0
536,682,609.0
536,701,41.0
536,764,10.0
536,803,21.4
536,898,3.0
536,959,21.4
536,970,10.0
536,1221,10.0
536,1314,10.0
537,74,10.0
537,121,10.0
537,190,566.0
537,237,20.0
537,257,32.0
537,268,2208.0
537,307,9597.1
537,411,3.0
537,497,504.0
537,503,10.0
537,529,768.0
537,536,12.0
537,538,11.0
537,614,42.0
537,739,10.0
537,771,540.0
537,797,24.0
537,825,47.0
537,835,17.0
537,965,46.0
537,976,10.0
537,997,14.0
537,1088,10.0
537,1197,19.6
537,1292,10.0
537,1362,14.0
538,101,53.0
538,121,10.0
538,123,23.0
538,176,10.0
538,385,1962.0
538,479,10.0
538,524,1425.0
538,537,11.0
538,646,10.0
538,868,10.0
538,871,58.0
538,873,9837.1
538,1011,14.0
538,1045,1424.0
538,1051,6.0
538,1086,34.0
538,1132,10.0
538,1159,10.0
538,1187,14.0
538,1216,17.0
538,1286,6.0
539,131,11.0
539,137,123.0
539,382,10.0
539,448,15.0
539,456,10.0
539,617,5.0
539,667,16.0
539,679,10.0
539,683,78.0
539,832,10.0
539,917,9908.119999999999
539,974,10.0
539,1049,10.0
539,1142,10.0
539,1148,98.0
539,1238,10.0
539,1290,17.0
539,1328,10.0
540,28,10.0
540,50,10.0
540,51,382.0
540,123,13.0
540,140,20.0
540,201,5128.48
540,237,11.0
540,241,10.0
540,283,6.0
540,291,10.0
540,409,14.0
540,586,11.0
540,677,26.0
540,682,10.0
540,716,33.0
540,768,99.0
540,797,15.0
540,798,6.0
540,810,103.0
540,945,36.0
540,970,21.0
540,1034,14.0
540,1042,20.0
540,1088,14.0
540,1106,10.0
540,1187,10.0
542,29,10.0
542,36,10.0
542,124,10.0
542,172,69.0
542,239,10807.220000000001
542,304,30.0
542,340,26.0
542,349,10.0
542,351,10.0
542,485,10.0
542,502,86.0
542,509,10.0
542,592,10.0
542,714,4.0
542,874,10.0
542,889,25.0
542,928,10.0
542,945,10.0
542,965,92.0
542,970,10.0
542,1027,55.0
542,1179,10.0
542,1197,10.0
542,1292,48.0
544,275,20.0
544,280,10.0
544,331,13.0
544,404,11.0
544,479,351.0
544,734,6.0
544,818,104.0
544,959,10.0
544,988,330.0
544,1009,25.0
544,1216,10.0
548,53,9478.82
548,111,10.0
548,166,10.0
548,175,27.82
548,187,10.0
548,198,10.0
548,218,30.0
548,262,12.0
548,288,56.0
548,354,19.0
548,366,23.0
548,373,21.4
548,396,36.0
548,430,3.0
548,556,35.0
548,574,10.0
548,615,7.0
548,717,19.6
548,730,10.0
548,778,50.0
548,790,12.0
548,864,11.0
548,992,3.0
548,995,10.0
548,1033,10.0
548,1046,38.0
548,1223,229.0
550,75,7.0
550,446,10.0
550,448,23.0
550,470,10.0
550,624,10.0
550,650,11.0
550,676,1316.0
550,740,10.0
550,894,3.0
550,1107,4.0
550,1174,10.0
551,33,12.0
551,144,71.0
551,175,10.0
551,238,16.0
551,259,53.0
551,289,8938.5
551,415,46.0
551,419,20.0
551,431,10.0
551,664,99.88
551,673,10.0
551,696,15.84
551,772,22.0
551,922,10.0
551,963,10.0
551,1010,14.0
551,1125,38.0
551,1156,21.4
551,1242,10.0
551,1319,11.0
551,1354,33.0
552,176,19.0
552,204,10.0
552,271,10.0
552,374,19.0
552,425,17.0
552,830,10.0
552,935,10.0
552,946,10849.1
552,1023,10.0
552,1241,13.0
552,1302,10.0
553,78,17.0
553,165,38.0
553,244,66.0
553,296,1403.0
553,448,10.0
553,458,15.0
553,468,460.0
553,493,19.0
553,560,18.0
553,596,3.0
553,636,10.0
553,678,3.0
553,683,397.0
553,719,10.0
553,920,3.0
553,969,67.0
553,1067,18.0
553,1262,45.0
553,1274,3.0
553,1279,10.0
554,32,10.0
554,107,18.0
554,219,10.0
554,507,24.0
554,592,54.0
554,851,32.0
554,1028,5761.26
554,1053,9428.1
554,1087,3.0
554,1159,346.0
554,1167,17.0
554,1296,10.0
555,175,10.0
555,218,66.0
555,357,10.0
555,373,8802.18
555,381,10.0
555,644,10.0
555,667,13.0
555,737,1349.0
555,931,24.0
555,966,49.0
555,992,110.0
555,995,10.0
555,1046,89.0
557,190,1753.0
557,331,10.0
557,529,914.0
557,531,2092.0
557,592,10.0
557,723,19.0
557,1119,819.0
558,194,18.0
558,604,3.0
558,638,6.0
558,800,10.0
558,838,10.0
558,865,21.0
558,890,82.0
558,903,21.4
558,908,10.0
558,911,12.0
558,1064,27.82
558,1082,2499.0
558,1118,10.0
558,1209,10.0
558,1252,2049.0
558,1269,33.0
558,1289,10.0
558,1315,55.64
559,66,191.0
559,102,183.0
559,133,13.0
559,189,171.0
559,210,10.0
559,284,10.0
559,305,14.0
559,318,32.0
559,423,28.0
559,574,10691.880000000001
559,580,41.0
559,589,10.0
559,609,114.0
559,772,30.0
559,984,10.0
559,990,61.0
559,1033,10.0
559,1046,30.0
559,1220,10.0
559,1325,10.0
559,1348,230.0
559,1351,12.0
560,5,12.0
560,55,24.0
560,177,10.0
560,198,3.0
560,254,3.0
560,258,10351.58
560,337,476.0
560,392,3.0
560,400,16.0
560,468,10.0
560,553,18.0
560,590,3070.0
560,636,240.0
560,639,10.0
560,675,13.0
560,789,11.0
560,817,7.0
560,826,22.0
560,929,21.0
560,990,10.0
560,1141,10.0
560,1185,18.0
560,1279,442.0
560,1318,10.0
560,1329,6.0
560,1338,28.0
560,1355,13.0
562,91,10.0
562,115,10.0
562,132,10.0
562,218,10.0
562,259,10.0
562,288,23.0
562,293,10.0
562,298,10.0
562,324,10.0
562,386,10.0
562,430,3.0
562,593,20.0
562,667,36.0
562,765,10369.9
562,836,10.0
562,844,10.0
562,967,192.0
562,1066,10.0
562,1125,24.0
562,1247,10.0
562,1277,56.0
563,117,8063.5599999999995
563,139,35.0
563,389,10.0
563,413,10.0
563,571,10.0
563,585,10.0
563,680,4.0
563,693,16.0
563,890,9.0
563,901,10.0
563,942,136.0
563,993,1630.64
563,1263,19.0
563,1285,21.4
565,7,12.0
565,23,10.0
565,106,10.0
565,177,10.0
565,210,10.0
565,216,105.0
565,242,10.0
565,253,126.0
565,258,27.0
565,288,3.0
565,301,10.0
565,360,10981.1
565,421,548.0
565,437,14.0
565,545,10.0
565,546,7.0
565,576,10.0
565,657,3.0
565,671,10.0
565,819,10.0
565,1059,21.4
565,1102,29.0
565,1162,10.0
565,1214,3.0
565,1223,29.0
565,1310,10.0
566,7,10.0
566,53,11.0
566,126,10.0
566,153,20.0
566,382,39.0
566,397,48.0
566,428,131.0
566,433,1461.4
566,491,10.0
566,512,10.0
566,670,14.0
566,673,21.4
566,789,10.0
566,795,19.6
566,892,10.0
566,995,21.4
566,1012,10.0
566,1098,10.0
566,1250,10.0
568,49,10715.46
568,272,3.0
568,306,19.0
568,452,26.0
568,599,10.0
568,611,30.0
568,642,10.0
568,662,46.0
568,712,3.0
568,738,19.0
568,935,57.0
568,950,10.0
568,982,16.0
568,1018,37.0
568,1062,10.0
568,1080,10.0
568,1084,10.0
568,1186,10.0
568,1224,10.0
569,22,186.0
569,23,19.6
569,158,34.0
569,164,10.0
569,192,34.0
569,196,21.4
569,274,32.0
569,322,1727.0
569,379,10.0
569,410,10.0
569,412,10.0
569,465,12.0
569,484,10.0
569,584,241.0
569,611,21.4
569,819,21.4
569,821,10.0
569,866,38.0
569,868,4563.219999999999
569,883,43.0
569,896,79.0
569,914,341.98
569,921,17.0
569,924,17.0
569,951,12.0
569,956,584.0
569,1017,32.0
569,1063,12.0
569,1084,17.0
569,1117,45.0
569,1193,24.0
569,1335,35.0
569,1344,136.0
571,41,10.0
571,314,139.0
571,315,9130.42
571,369,16.42
571,384,10.0
571,450,56.0
571,563,10.0
571,610,645.0
571,749,10.0
571,779,10.0
571,809,148.0
571,877,20.0
571,878,10.0
571,883,166.0
571,931,13.0
571,998,14.0
571,1062,14.0
571,1109,73.0
571,1120,21.4
571,1143,57.0
571,1168,94.0
571,1233,40.0
571,1312,14.0
571,1342,10.0
571,1344,21.4
572,111,1647.0
572,184,10.0
572,487,10.0
572,546,11.0
572,574,10.0
572,635,4668.5599999999995
572,864,17.0
572,1248,10.0
572,1257,10.0
573,83,19.6
573,100,18.0
573,106,8054.82
573,111,21.4
573,120,446.0
573,153,10.0
573,189,10.0
573,197,11.0
573,305,53.5
573,317,26.0
573,386,10.0
573,445,26.0
573,617,10.0
573,705,10.0
573,730,4.0
573,752,10.0
573,753,11.0
573,836,10.0
573,853,640.0
573,1010,10.0
574,66,151.0
574,102,99.0
574,133,3.0
574,189,174.0
574,218,10.0
574,288,10.0
574,336,3.0
574,357,10.0
574,423,66.0
574,429,37.0
574,438,10.0
574,548,10.0
574,559,10691.880000000001
574,572,10.0
574,580,223.0
574,609,177.0
574,747,33.0
574,995,29.0
574,1039,16.0
574,1046,14.0
574,1091,10.0
574,1220,13.0
574,1253,96.0
574,1276,11.0
574,1277,36.0
574,1325,48.0
574,1348,203.0
578,23,14.0
578,120,191.0
578,126,19.0
578,153,10.0
578,206,10.0
578,207,33.0
578,253,10.0
578,262,10.0
578,285,10.0
578,357,17.0
578,396,10.0
578,400,16.0
578,416,110.0
578,513,1533.28
578,534,10.0
578,617,10.0
578,630,37.0
578,636,55.0
578,655,22.0
578,907,16.0
578,1178,10.0
578,1207,61.0
578,1208,58.0
578,1214,11.0
579,53,10.0
579,142,10.0
579,153,10.0
579,173,10.0
579,242,11133.1
579,298,5.0
579,441,866.0
579,487,10.0
579,861,10.0
579,1158,10.0
579,1208,16.0
580,66,11.0
580,238,31.0
580,423,23.0
580,508,49.0
580,559,41.0
580,574,223.0
580,790,31.0
580,990,54.0
580,1091,40.0
580,1177,10.0
580,1217,10.0
580,1325,22.0
581,110,1510.0
581,317,10.0
581,341,29.0
581,380,10.0
581,500,4.0
581,606,3.0
581,714,9843.58
581,973,10.0
581,1060,1648.0
581,1077,32.0
581,1154,55.0
581,1174,18.0
581,1294,10.0
583,70,10.0
583,71,13.0
583,201,17.0
583,202,17.0
583,271,23.0
583,280,15.0
583,316,10.0
583,374,37.0
583,387,25.0
583,455,433.0
583,482,10.0
583,606,56.0
583,623,14.0
583,785,1094.0
583,897,12.0
583,1319,31.0
584,9,10.0
584,38,10.0
584,43,40.0
584,84,108.0
584,119,1790.0
584,149,24.0
584,157,2367.0
584,215,9332.220000000001
584,306,10.0
584,365,27.0
584,379,18.0
584,380,10.0
584,504,10.0
584,569,241.0
584,795,10.0
584,886,10.0
584,921,47.0
584,993,10.0
584,1018,12.0
584,1161,16.0
584,1224,10.0
585,4,19.0
585,40,3.0
585,117,26.0
585,155,10.0
585,271,19.6
585,274,10.0
585,368,22.0
585,389,31.0
585,563,10.0
585,602,10.0
585,605,10.0
585,680,26.0
585,751,23.54
585,779,71.0
585,795,6.0
585,901,8550.3
585,939,10.0
585,949,10.0
585,993,12.0
585,1113,17.0
585,1226,38.0
585,1255,29.0
585,1281,10.0
586,4,60.0
586,157,10.0
586,319,10.0
586,540,11.0
586,649,10.0
586,651,77.0
586,716,10842.18
586,731,15.0
586,738,10.0
586,809,14.0
586,943,16.0
586,1018,24.0
586,1057,10.0
586,1063,49.0
586,1084,23.0
586,1105,89.0
586,1143,10.0
586,1312,15.0
587,4,12.0
587,9,15.0
587,38,13.0
587,84,440.0
587,251,8868.3
587,265,121.0
587,374,10.0
587,379,24.0
587,402,21.4
587,465,113.6
587,533,287.0
587,611,22.0
587,642,33.0
587,731,17.0
587,830,54.0
587,896,93.0
587,943,10.0
587,980,19.0
587,1026,47.0
587,1084,31.0
587,1120,10.0
587,1201,84.0
587,1215,15.0
587,1269,11.0
587,1302,23.0
587,1312,136.0
588,240,15.0
588,283,17.0
588,330,27.0
588,377,29.0
588,488,20.0
588,677,75.0
588,797,75.0
588,891,3.0
588,922,52.0
588,961,59.0
588,1072,14.0
588,1326,2419.0
589,16,160.0
589,134,22.0
589,213,10.0
589,256,32.0
589,276,12.0
589,439,3.0
589,491,11.0
589,535,3.0
589,559,10.0
589,706,19.6
589,790,12.0
589,885,7.0
589,992,9529.14
589,1019,12.0
589,1052,3.0
589,1184,3.0
590,55,10.0
590,88,10.0
590,258,2782.0
590,337,911.0
590,372,85.0
590,427,10.0
590,445,3.0
590,560,3070.0
590,636,1120.0
590,681,15.0
590,839,38.0
590,1000,5909.96
590,1185,19.0
590,1277,28.0
590,1279,94.0
590,1287,10.0
590,1346,13.0
591,64,10.0
591,89,11.0
591,132,10.0
591,137,44.0
591,138,48.0
591,161,439.0
591,165,13.0
591,169,20.0
591,198,70.0
591,205,19.0
591,360,14.0
591,428,10.0
591,431,2070.0
591,454,271.0
591,484,10.0
591,614,10.0
591,667,13.0
591,681,1804.0
591,687,6445.38
591,689,13.0
591,696,17.0
591,743,45.0
591,853,10.0
591,910,2502.0
591,995,17.12
591,1033,10.0
591,1278,8.0
591,1299,27.0
592,32,51.0
592,51,18.0
592,172,22.0
592,337,10.0
592,364,11.0
592,417,10.0
592,436,23.0
592,507,10.0
592,529,13.0
592,542,10.0
592,554,54.0
592,557,10.0
592,700,10.0
592,701,22.0
592,810,18.0
592,814,30.0
592,917,10.0
592,945,10.0
592,953,10.0
592,956,6144.08
592,1196,10.0
592,1206,10.0
592,1296,43.0
593,116,10656.74
593,158,25.0
593,403,10.0
593,429,44.0
593,562,20.0
593,576,10.0
593,765,13.0
593,772,96.0
593,962,63.0
593,1046,51.0
593,1158,29.0
593,1189,10.0
594,121,15.0
594,143,38.0
594,241,20.0
594,353,469.0
594,467,56.0
594,485,26.0
594,486,12.0
594,616,85.0
594,693,90.0
594,701,10.0
594,724,10.0
594,930,10578.1
594,976,10.0
594,1011,12.0
594,1088,10.0
594,1187,4.0
594,1239,147.0
595,14,11.0
595,45,194.0
595,99,423.0
595,104,16.0
595,140,10.0
595,186,479.0
595,304,36.0
595,321,777.0
595,333,126.0
595,436,18.0
595,649,10.0
595,682,10.0
595,694,26.6
595,715,13.0
595,724,3.0
595,727,31.0
595,735,274.0
595,748,28.0
595,761,7701.52
595,803,58.0
595,908,10.0
595,1094,29.0
595,1121,10.0
595,1154,44.0
595,1167,10.0
595,1187,217.0
596,64,15.0
596,98,10.0
596,120,16.0
596,218,164.0
596,244,4.0
596,301,10.0
596,372,10.0
596,468,3.0
596,470,10.0
596,520,21.0
596,553,3.0
596,614,24.0
596,615,10.0
596,639,10.0
596,685,3.0
596,815,10.0
596,882,10.0
596,894,11.0
596,900,10.0
596,972,10.0
596,1000,10.0
596,1196,22.0
596,1246,10.0
596,1279,16.0
596,1346,10809.1
598,14,264.0
598,36,10.0
598,71,10.0
598,79,14.0
598,114,10.0
598,121,23.0
598,246,10.0
598,325,10.0
598,331,18.0
598,455,29.0
598,479,12.0
598,507,21.4
598,652,10.0
598,871,10837.1
598,874,39.0
598,884,19.0
598,904,11.0
598,919,10.0
598,987,10.0
598,1044,10.0
598,1076,10.0
598,1099,10.0
598,1164,10.0
599,51,10.0
599,63,18.0
599,73,10.0
599,140,13.0
599,182,14.0
599,241,16.0
599,275,3.0
599,300,10.0
599,351,10.0
599,526,10.0
599,536,10.0
599,568,10.0
599,751,10.0
599,810,10.0
599,835,9133.86
599,873,35.0
599,877,44.0
599,918,24.0
599,1094,475.0
599,1101,10.0
599,1258,10.0
599,1296,10.0
599,1314,1615.0
600,7,10.0
600,33,28.0
600,218,12.0
600,292,37.0
600,442,65.0
600,456,3.0
600,494,854.0
600,691,20.0
600,699,3.0
600,745,10.0
600,794,10.0
600,862,7784.94
600,981,27.0
600,1016,77.0
600,1046,11.0
600,1066,21.0
600,1145,130.0
600,1189,63.0
600,1220,4.0
600,1235,3.0
600,1311,125.0
600,1343,32.0
601,31,5.0
601,69,10.0
601,106,2157.0
601,126,39.96
601,138,10.0
601,177,19.0
601,426,36.0
601,445,8555.1
601,511,10.0
601,614,10.0
601,630,10.0
601,718,10.0
601,764,10.0
601,920,10.0
601,1008,10.0
601,1039,4.0
601,1059,10.0
601,1250,10.0
601,1354,10.0
601,1357,10.0
602,52,10.0
602,190,10.0
602,229,10406.82
602,301,6.0
602,322,21.4
602,369,10.0
602,398,10.0
602,413,10.0
602,465,10.7
602,585,10.0
602,611,3.0
602,861,10.0
602,978,10.0
602,1153,10.0
602,1285,33.0
602,1304,10.0
602,1341,3.0
602,1344,13.0
604,4,10.0
604,38,21.0
604,41,10.0
604,52,10.0
604,232,9870.52
604,328,384.0
604,365,10.0
604,558,3.0
604,732,516.0
604,756,10.0
604,791,10.0
604,792,11.0
604,865,3.0
604,893,45.0
604,908,10.0
604,911,18.0
604,951,12.0
604,978,10.0
604,1064,15.0
604,1233,10.0
604,1285,10.0
604,1295,570.0
604,1344,9.0
604,1349,4.0
604,1351,456.0
604,1358,487.0
605,143,8.0
605,255,23.0
605,374,10.0
605,585,10.0
605,982,18.0
605,1216,3.0
605,1335,45.0
606,194,10.0
606,201,13.0
606,237,108.0
606,352,10.0
606,385,14.0
606,506,10.0
606,525,31.4
606,532,10.0
606,581,3.0
606,583,56.0
606,647,10.0
606,710,9649.1
606,798,10.0
606,944,10.0
606,1115,12.0
606,1330,19.0
607,44,721.0
607,79,24.0
607,219,9216.58
607,387,10.0
607,469,37.0
607,1197,36.0
608,69,5.0
608,144,10.0
608,175,25.68
608,197,8266.16
608,262,41.4
608,285,3.0
608,336,10.0
608,407,10.0
608,511,3.0
608,717,6.0
608,813,10.0
608,895,10.0
608,1010,10.0
608,1098,3.0
608,1278,54.0
609,12,36.0
609,53,10.0
609,55,26.0
609,66,10921.46
609,83,114.0
609,100,10.0
609,111,43.0
609,133,8.0
609,329,10.0
609,382,31.0
609,443,145.0
609,498,5.0
609,523,85.0
609,559,114.0
609,574,177.0
609,644,262.0
609,671,35.0
609,764,4.0
609,805,10.0
609,966,10.0
609,1037,111.0
609,1122,599.0
609,1253,62.0
609,1257,80.0
609,1348,151.0
610,164,1823.0
610,265,10.0
610,571,645.0
610,651,10.0
610,672,10.0
610,712,40.0
610,760,9877.3
610,835,58.0
610,863,10.0
610,877,2061.0
610,931,1972.0
610,935,10.0
610,957,31.0
610,998,10.0
610,1001,8.0
610,1109,23.0
610,1139,36.0
610,1153,3.0
610,1269,43.0
610,1281,17.0
610,1315,10.0
611,23,21.4
611,49,35.0
611,119,10.0
611,153,21.4
611,196,10.0
611,247,15.0
611,322,21.4
611,402,42.8
611,484,21.4
611,529,10.0
611,530,10.0
611,568,30.0
611,569,21.4
611,587,22.0
611,602,3.0
611,637,15.0
611,716,10.0
611,732,67.78
611,738,47.0
611,792,58.0
611,812,15.0
611,883,21.4
611,935,9911.5
611,943,20.0
611,950,42.0
611,1007,4.0
611,1018,6.0
611,1084,10.0
611,1098,907.36
611,1099,10.0
611,1117,21.4
611,1120,26.0
611,1215,10.0
611,1224,27.0
611,1290,12.0
611,1359,10.0
612,70,10.0
612,112,10.0
612,131,14.0
612,132,19.0
612,171,12.0
612,187,10.0
612,210,10.0
612,218,10.0
612,243,32.0
612,276,10.0
612,289,22.0
612,298,15.0
612,320,3.0
612,334,10.0
612,360,10.0
612,404,48.0
612,453,3.0
612,679,28.0
612,737,6.0
612,794,23.0
612,805,10.0
612,822,1662.0
612,1019,11.0
612,1046,31.0
612,1108,6.0
612,1172,10.0
612,1190,10.0
612,1277,8.0
612,1328,28.0
612,1350,147.0
613,38,18.0
613,40,36.0
613,41,16.0
613,52,3.0
613,265,10.0
613,425,10.0
613,620,5.0
613,623,23.0
613,709,31.0
613,729,10406.1
613,732,370.0
613,878,14.0
613,1105,12.0
613,1113,456.0
613,1255,13.0
613,1289,10.0
614,23,10.0
614,132,10.0
614,190,62.0
614,258,10.0
614,270,135.0
614,371,13.0
614,430,10.0
614,431,11.0
614,437,10.0
614,529,63.0
614,537,42.0
614,582,60.0
614,591,10.0
614,596,24.0
614,601,10.0
614,615,6871.4400000000005
614,628,10.0
614,667,993.0
614,669,25.0
614,673,10.0
614,676,78.0
614,687,24.0
614,739,51.0
614,848,10.0
614,858,10.0
614,912,41.0
614,937,10.0
614,966,26.0
614,1017,10.0
614,1155,15.0
614,1262,10.0
614,1278,1379.0
614,1282,10.0
614,1300,10.0
614,1346,10.0
615,135,6.0
615,270,31.0
615,285,27.0
615,432,203.0
615,437,10.0
615,463,114.0
615,548,7.0
615,582,10.0
615,596,10.0
615,614,6871.4400000000005
615,667,10008.98
615,684,10.0
615,801,52.0
615,826,24.0
615,858,20.0
615,894,18.0
615,922,10.0
615,963,10.0
615,1059,3.0
615,1098,27.0
615,1149,116.12
615,1338,14.0
615,1346,22.0
616,3,39.0
616,32,13.0
616,34,70.0
616,64,38.0
616,121,10.0
616,140,10.0
616,275,10.0
616,341,14.0
616,405,10.0
616,434,10.0
616,483,12.0
616,532,49.0
616,594,85.0
616,646,10.0
616,688,27.0
616,714,9.0
616,748,17.0
616,754,10.0
616,775,10.0
616,835,103.0
616,911,20.0
616,930,11.0
616,953,10.0
616,958,10.0
616,959,10.0
616,970,10.0
616,1011,115.0
616,1021,20.0
616,1045,20.0
616,1077,53.0
616,1087,10.0
616,1088,131.0
616,1101,10.0
616,1150,21.4
616,1154,10234.46
616,1167,10.0
616,1225,10.0
617,120,10225.56
617,126,11.0
617,218,10.0
617,256,43.0
617,329,10.0
617,355,10.0
617,357,11.0
617,442,34.0
617,520,10.0
617,539,5.0
617,573,10.0
617,578,10.0
617,717,10.0
617,764,142.0
617,817,59.0
617,916,33.0
617,929,3.0
617,981,16.0
617,1003,3.0
617,1024,59.0
617,1068,59.0
617,1150,17.0
617,1206,19.0
617,1228,10.0
617,1279,10.0
617,1299,10.0
617,1300,6.0
617,1343,44.0
617,1354,12.0
620,215,157.0
620,425,43.0
620,533,11.0
620,613,5.0
620,690,44.0
620,693,33.0
620,727,10.0
620,744,1559.0
620,751,445.0
620,859,10803.7
620,905,10.0
620,1006,230.0
621,64,269.0
621,137,462.0
621,198,160.0
621,205,10.0
621,305,3.0
621,390,10.0
621,431,467.0
621,484,21.4
621,657,21.4
621,752,31.4
621,910,257.0
621,936,14.0
621,1098,3.0
622,368,10.0
622,413,3.0
622,645,14.0
622,651,15.0
622,795,12.0
622,860,1441.0
622,906,1460.0
622,939,10.0
622,1105,9742.1
622,1281,10.0
622,1351,8.0
623,40,1166.0
623,71,12.0
623,202,21.0
623,271,19.0
623,323,5315.14
623,343,10.0
623,374,13.0
623,389,1106.0
623,583,14.0
623,613,23.0
623,662,16.0
623,727,10.0
623,808,10.0
623,833,17.0
623,905,10.0
623,950,7.0
623,1007,10.0
623,1023,10.0
623,1105,10.0
623,1255,6.0
624,75,10.0
624,171,10.0
624,186,49.0
624,283,19.0
624,331,20.0
624,372,52.0
624,384,20.0
624,388,45.0
624,550,10.0
624,661,6222.6
624,740,10.0
624,845,38.0
624,987,69.0
624,991,44.0
624,1196,19.0
624,1316,44.0
625,44,10.0
625,208,10.0
625,234,16.0
625,300,10.0
625,347,12.0
625,525,33.0
625,809,10.0
625,821,36.0
625,825,24.0
625,874,30.0
625,884,19.0
625,953,17.0
625,979,10.0
625,1099,10434.62
626,4,11.0
626,40,3.0
626,155,10.0
626,323,17.0
626,389,3.0
626,413,10800.1
626,830,10.0
626,868,80.0
626,891,10.0
626,978,86.0
626,1022,10.0
626,1129,66.0
626,1302,39.0
626,1351,10.0
627,91,78.0
627,96,20.0
627,100,68.0
627,167,10710.0
627,177,10.0
627,262,78.0
627,337,16.0
627,487,17.0
627,516,88.0
627,650,10.0
627,678,8.0
627,717,116.0
627,720,10.0
627,853,13.0
627,984,10.0
627,995,15.0
627,1037,10.0
627,1039,38.0
627,1069,13.0
627,1247,21.0
627,1353,10.0
628,120,3.0
628,137,10.0
628,161,10.0
628,198,10.0
628,205,10.0
628,397,30.0
628,400,12.0
628,431,10.0
628,470,19.0
628,496,14.0
628,519,62.0
628,614,10.0
628,648,49.0
628,667,292.0
628,702,1390.0
628,796,12.0
628,827,10.0
628,850,123.0
628,910,24.0
628,1108,10.0
628,1238,19.0
628,1287,20.0
628,1310,8661.7
628,1346,10.0
630,23,22.0
630,112,1657.0
630,126,10.0
630,276,35.0
630,357,10.0
630,437,10.0
630,439,12.0
630,512,97.0
630,523,16.0
630,578,37.0
630,601,10.0
630,705,1585.0
630,823,15.0
630,967,10.0
630,1200,10.0
630,1214,4.0
630,1354,10.0
630,1363,10663.98
631,14,3.0
631,54,10.0
631,195,9888.06
631,267,10.0
631,700,10.0
631,755,10.0
631,773,3.0
631,776,10.0
631,1053,75.0
631,1061,10.0
631,1093,15.0
631,1167,74.0
632,190,10.0
632,379,10.0
632,883,10.0
632,951,38.0
632,1051,10765.1
634,10,83.0
634,412,260.0
634,413,36.0
634,521,62.0
634,868,277.0
634,1140,163.0
634,1281,3.0
634,1284,4258.04
635,192,131.0
635,289,10.0
635,373,21.4
635,572,4668.5599999999995
635,753,283.0
635,856,10.0
635,1039,19.0
635,1125,10.0
635,1156,21.4
635,1250,10.0
635,1354,128.0
635,1360,289.0
636,165,3.0
636,207,17.0
636,258,39.0
636,288,11.0
636,337,2031.0
636,392,6.0
636,438,10.0
636,553,10.0
636,560,240.0
636,578,55.0
636,590,1120.0
636,643,10.0
636,664,7.0
636,681,80.0
636,839,18.0
636,1008,61.0
636,1075,3.0
636,1122,10.0
636,1185,65.0
636,1191,10.0
636,1277,6.0
636,1279,22.0
636,1287,10.0
637,38,30.0
637,139,41.0
637,155,10.0
637,330,37.0
637,611,15.0
637,738,80.0
637,753,21.4
637,792,47.0
637,943,46.0
637,1018,82.0
637,1057,10756.84
637,1084,15.0
637,1105,10.0
637,1120,116.0
637,1209,31.0
637,1224,51.0
637,1304,21.4
637,1342,10.0
637,1358,1814.6
638,504,10.0
638,558,6.0
638,838,32.0
638,890,15.0
638,940,1685.8
638,1026,18.0
638,1305,16.0
639,15,10.0
639,372,10763.58
639,457,10.0
639,560,10.0
639,596,10.0
639,661,47.0
639,850,10.0
639,854,2612.0
639,858,6.0
639,923,23.0
639,926,29.0
639,1003,12.0
639,1074,3.0
639,1228,10.0
639,1282,15.0
639,1311,10.0
639,1350,27.0
641,248,26.0
641,656,7546.26
641,911,10.0
641,1266,10.0
642,49,32.0
642,149,10.0
642,251,31.0
642,381,10.0
642,461,6.0
642,479,79.0
642,568,10.0
642,587,33.0
642,663,24.0
642,704,10.0
642,896,10.0
642,903,15.0
642,935,148.0
642,943,13.0
642,950,43.0
642,1120,43.0
642,1136,33.0
642,1266,11.0
643,75,110.0
643,137,55.0
643,156,15.0
643,175,10.0
643,177,43.0
643,320,501.0
643,517,15.0
643,528,10283.1
643,636,10.0
643,650,10.0
643,671,10.0
643,681,53.0
643,683,46.0
643,772,49.0
643,839,10.0
643,974,15.0
643,1107,10.0
643,1122,68.0
643,1189,10.0
643,1228,15.0
643,1282,10.0
643,1360,11.0
644,12,148.0
644,18,13.0
644,55,10666.62
644,66,162.0
644,96,13.0
644,102,75.0
644,136,10.0
644,160,32.0
644,166,27.0
644,171,10.0
644,189,71.0
644,218,10.0
644,284,10.0
644,336,81.0
644,354,15.0
644,355,23.0
644,396,54.0
644,403,10.0
644,438,60.0
644,508,47.0
644,513,10.0
644,546,10.0
644,555,10.0
644,577,43.0
644,609,262.0
644,673,45.0
644,717,18.0
644,966,102.0
644,992,31.0
644,1055,52.0
644,1065,21.0
644,1068,10.0
644,1091,49.0
644,1158,10.0
644,1178,93.0
644,1217,12.0
644,1253,10.0
644,1348,241.0
645,9,10.0
645,61,26.0
645,103,21.0
645,521,12.0
645,530,10.0
645,622,14.0
645,749,10.0
645,795,10698.7
645,891,38.0
645,901,6.0
645,905,20.0
645,946,10.0
645,980,10.0
645,1001,10.0
645,1156,21.4
645,1226,26.0
645,1322,1264.0
646,32,333.0
646,44,17.0
646,99,10.0
646,101,10.0
646,143,10.0
646,208,10.0
646,257,9536.56
646,321,19.0
646,347,10.0
646,353,10.0
646,395,14.0
646,452,65.0
646,479,52.0
646,525,62.0
646,538,10.0
646,616,10.0
646,680,10.0
646,688,449.0
646,701,445.0
646,710,12.0
646,735,12.0
646,755,10.0
646,771,10.0
646,779,3.0
646,818,36.0
646,851,16.0
646,930,10.0
646,958,3.0
646,988,26.0
646,1013,3.0
646,1061,51.0
646,1167,23.0
647,1,8299.58
647,60,7.0
647,64,14.0
647,113,20.0
647,121,33.0
647,122,4.0
647,151,10.0
647,257,19.0
647,304,43.0
647,316,5.0
647,333,53.0
647,469,10.0
647,479,20.0
647,524,34.0
647,606,10.0
647,701,17.0
647,710,37.0
647,775,26.0
647,886,1638.0
647,950,60.0
647,989,10.0
647,1045,10.0
647,1115,10.0
647,1148,10.0
647,1161,1341.0
647,1199,10.0
648,131,10.0
648,243,6.0
648,470,361.0
648,628,49.0
648,678,38.0
648,691,10.0
648,699,11.0
648,719,94.0
648,872,10.0
648,887,9941.04
648,983,12.0
648,1003,11.0
648,1074,37.0
648,1151,49.0
648,1198,10.0
648,1265,20.0
648,1279,38.0
648,1345,25.0
649,220,7780.9
649,237,23.0
649,469,10.0
649,485,535.0
649,586,10.0
649,595,10.0
649,748,11.0
649,758,1475.0
649,806,25.0
649,898,21.0
649,953,10.0
649,968,447.0
649,976,24.0
649,997,1736.88
649,1112,20.0
649,1124,63.0
649,1199,10.0
649,1206,21.4
649,1216,3.0
650,75,32.0
650,137,10.0
650,156,10.0
650,158,10.0
650,427,10.0
650,517,957.0
650,520,13.0
650,550,11.0
650,627,10.0
650,643,10.0
650,718,13.0
650,1070,10.0
650,1158,4634.96
650,1211,98.0
650,1244,55.0
650,1279,948.0
650,1307,12.0
650,1354,10.0
651,4,11.0
651,221,140.0
651,229,10.0
651,303,13.0
651,314,10.0
651,322,14.0
651,367,10.0
651,381,19.6
651,586,77.0
651,610,10.0
651,622,15.0
651,704,10.0
651,716,100.0
651,749,37.0
651,866,13.0
651,901,10.0
651,943,12.0
651,1063,64.0
651,1082,23.54
651,1084,10.0
651,1263,50.68
651,1312,22.0
651,1341,7296.66
651,1352,143.0
652,36,10651.1
652,101,3.0
652,255,51.0
652,300,10.0
652,387,10.0
652,451,93.0
652,524,152.0
652,598,10.0
652,724,10.0
652,773,3.0
652,803,21.0
652,867,35.0
652,886,10.0
652,958,108.0
652,1042,25.0
652,1045,53.0
652,1362,10.0
654,15,16.0
654,684,12.0
654,804,10.0
654,832,10.0
654,882,10.0
654,926,957.6
654,1049,10.0
654,1108,10.0
654,1151,7.0
654,1270,8863.380000000001
654,1271,17.0
654,1279,11.0
654,1328,2848.0
655,16,10.0
655,59,49.0
655,142,71.0
655,253,10.0
655,258,10.0
655,285,10.0
655,329,10.0
655,419,10760.1
655,512,12.0
655,578,22.0
655,687,63.0
655,963,37.0
655,1069,10.0
655,1184,11.0
655,1319,31.0
656,73,5.0
656,466,20.0
656,504,11.0
656,641,7546.26
656,951,10.0
656,1022,9.0
656,1118,36.0
656,1269,10.0
657,88,10.0
657,305,12.0
657,390,9996.14
657,400,20.0
657,565,3.0
657,621,21.4
657,752,21.4
657,794,57.0
657,823,10.0
657,937,21.4
657,1017,10.0
657,1141,11.0
657,1169,10.0
657,1274,218.0
657,1318,497.0
661,186,60.0
661,334,10.0
661,372,46.0
661,384,46.0
661,388,47.0
661,448,23.0
661,624,6222.6
661,639,47.0
661,759,10.0
661,845,37.0
661,987,33.0
661,991,51.0
661,1316,46.0
662,49,41.0
662,84,318.0
662,126,21.4
662,272,10.0
662,306,19.0
662,343,13.0
662,568,46.0
662,623,16.0
662,663,30.0
662,703,2660.0
662,704,3.0
662,727,10.0
662,736,56.0
662,751,10.0
662,821,10.0
662,859,15.0
662,908,19.6
662,914,10.0
662,924,21.0
662,1006,375.0
662,1007,73.0
662,1018,11.0
662,1215,453.0
663,73,3.0
663,251,77.0
663,530,53.0
663,642,24.0
663,662,30.0
663,704,10.0
663,736,47.0
663,738,32.0
663,935,10.0
663,1026,20.0
663,1136,10658.24
663,1322,19.0
663,1335,10.0
664,65,221.0
664,69,38.0
664,551,99.88
664,636,7.0
664,864,10.0
664,1242,9991.74
664,1298,10.0
665,32,10.0
665,63,441.0
665,99,492.0
665,104,73.0
665,178,10.0
665,188,21.4
665,311,11.0
665,321,28.0
665,388,5556.08
665,460,12.0
665,467,3.0
665,482,25.0
665,677,512.0
665,739,19.0
665,748,12.0
665,770,11.0
665,797,39.0
665,867,35.0
665,904,86.0
665,930,12.0
665,971,255.0
665,976,21.4
665,1002,492.0
665,1042,26.0
665,1101,161.0
665,1121,4.0
665,1132,452.0
665,1154,39.0
665,1167,10.0
665,1187,150.0
665,1225,21.0
666,29,11.0
666,50,37.0
666,107,9283.84
666,188,22.0
666,275,11.0
666,506,30.0
666,721,10.0
666,824,10.0
666,959,11.0
666,964,38.0
666,989,27.0
666,1043,21.4
666,1286,10.0
666,1332,10.0
667,54,11.0
667,64,10.0
667,100,12.0
667,111,3.0
667,198,10.0
667,253,10.0
667,254,10.0
667,432,196.0
667,463,107.0
667,539,16.0
667,555,13.0
667,562,36.0
667,577,6.0
667,591,13.0
667,614,993.0
667,615,10008.98
667,628,292.0
667,801,67.0
667,842,10.0
667,910,11.0
667,1185,10.0
667,1277,361.0
668,222,4471.64
668,306,168.0
668,1222,10.0
669,146,11.0
669,371,7.0
669,504,6.0
669,614,25.0
669,676,20.0
669,739,19.0
669,912,7276.84
670,96,10.0
670,167,3.0
670,168,22.0
670,212,61.0
670,282,171.0
670,284,7.0
670,357,14.0
670,512,40.0
670,556,552.0
670,566,14.0
670,730,192.0
670,992,55.0
670,996,15.0
670,1069,10.0
670,1125,76.0
670,1172,63.0
670,1214,9848.1
670,1217,10.0
670,1353,12.0
671,66,10.0
671,216,133.0
671,382,10958.86
671,430,21.4
671,453,10.0
671,565,10.0
671,609,35.0
671,643,10.0
671,872,21.0
671,907,7.0
671,1070,10.0
671,1107,10.0
671,1110,10.0
671,1188,21.4
671,1257,34.0
672,41,10.0
672,265,10840.34
672,271,10.0
672,306,464.0
672,413,21.4
672,610,10.0
672,731,10.0
672,738,10.0
672,950,61.0
672,978,30.0
672,980,9.0
672,982,10.0
672,999,10.0
672,1026,114.0
672,1129,60.0
672,1222,24.0
672,1335,10.0
673,238,10.0
673,269,110.0
673,396,75.0
673,410,53.0
673,419,10.0
673,438,59.0
673,439,10.0
673,516,12.0
673,551,10.0
673,566,21.4
673,577,51.0
673,614,10.0
673,644,45.0
673,687,10.0
673,801,10.0
673,820,163.0
673,955,11.0
673,995,10495.3
673,1033,241.0
673,1273,10.0
673,1321,82.0
673,1353,29.0
674,338,11.0
674,448,13.0
674,679,3.0
674,685,43.0
674,699,15.0
674,740,35.0
674,920,10.0
674,977,7.0
674,1104,10.0
674,1158,10.0
674,1165,10640.04
674,1169,10.0
674,1185,10.0
675,17,10.0
675,55,10.0
675,70,10.0
675,127,10.0
675,128,3.0
675,177,32.0
675,208,6.0
675,293,10.0
675,360,18.0
675,387,690.0
675,463,32.0
675,487,5112.84
675,492,4.0
675,526,697.0
675,528,11.0
675,560,13.0
675,687,10.0
675,789,7031.26
675,959,482.0
675,966,3.0
675,1065,40.0
675,1185,10.0
675,1250,28.0
675,1319,10.0
675,1359,10.0
676,205,10.0
676,371,16.0
676,374,9.0
676,446,12.0
676,457,10.0
676,550,1316.0
676,614,78.0
676,669,20.0
676,739,198.0
676,1049,10.0
676,1148,19.6
676,1155,19.0
676,1262,11.0
676,1287,17.0
677,32,333.0
677,63,77.0
677,99,505.0
677,104,11.0
677,240,10.0
677,321,274.0
677,536,18.0
677,540,26.0
677,588,75.0
677,665,512.0
677,680,224.0
677,758,15.0
677,761,310.0
677,797,4833.12
677,971,30.0
677,1002,10.0
677,1127,10.0
677,1154,386.0
677,1326,93.0
677,1362,21.0
678,156,6.0
678,205,15.0
678,448,6938.48
678,553,3.0
678,627,8.0
678,648,38.0
678,685,1328.0
678,740,1391.0
678,887,193.0
678,923,10.0
678,1142,10.0
678,1165,10.0
678,1206,19.0
679,89,10.0
679,131,10526.9
679,138,725.0
679,161,12.0
679,165,737.0
679,243,25.0
679,266,49.0
679,280,21.4
679,292,64.0
679,397,107.0
679,400,10.0
679,457,11.0
679,539,10.0
679,612,28.0
679,674,3.0
679,691,11.0
679,692,10.0
679,710,19.6
679,719,11.0
679,804,21.4
679,916,31.0
679,923,10.0
679,984,60.0
679,1021,10.0
679,1049,10.0
679,1090,88.0
679,1162,10.0
679,1189,83.0
679,1196,10.0
679,1235,10.0
679,1273,13.0
679,1290,25.0
680,63,28.0
680,73,3.0
680,99,10.0
680,104,447.0
680,121,10.0
680,402,10.0
680,465,21.4
680,563,4.0
680,585,26.0
680,646,10.0
680,677,224.0
680,688,298.0
680,830,759.7
680,911,2069.0
680,945,19.0
680,958,26.0
680,1011,331.0
680,1096,51.0
680,1156,36.0
680,1167,417.0
680,1194,21.4
680,1239,10.0
680,1255,3.0
680,1302,21.4
680,1341,37.0
681,54,12.0
681,78,11.0
681,86,19.0
681,91,10.0
681,128,19.0
681,207,99.0
681,216,431.0
681,242,10.0
681,253,10.0
681,318,10.0
681,357,30.0
681,403,36.38
681,437,19.0
681,590,15.0
681,591,1804.0
681,636,80.0
681,643,53.0
681,687,10.0
681,1008,15.0
681,1039,6.0
681,1066,10.0
681,1191,6.0
681,1303,61.0
682,28,1545.0
682,239,25.0
682,325,575.0
682,351,10.0
682,411,15.0
682,451,87.0
682,503,11.0
682,506,15.0
682,536,609.0
682,540,10.0
682,595,10.0
682,693,16.0
682,721,86.0
682,739,17.0
682,758,10.0
682,761,10.0
682,776,8462.0
682,953,10.0
682,989,10.0
682,1216,19.6
683,5,21.4
683,75,48.0
683,137,10218.42
683,244,351.0
683,370,10.0
683,424,10.0
683,468,481.0
683,528,33.0
683,539,78.0
683,553,397.0
683,643,46.0
683,691,12.0
683,719,10.0
683,743,26.0
683,829,10.0
683,917,21.0
683,926,21.4
683,969,10.0
683,1003,19.6
683,1141,481.0
683,1148,10.0
683,1279,10.0
683,1282,10.0
683,1318,15.0
685,156,12.0
685,171,6.0
685,320,3.0
685,446,23.0
685,448,1352.0
685,454,10.0
685,528,23.0
685,596,3.0
685,674,43.0
685,678,1328.0
685,740,10845.1
685,923,45.0
685,1165,25.0
685,1169,10.0
685,1185,3.0
685,1262,10.0
685,1274,21.0
685,1294,10.0
687,64,1639.0
687,86,14.0
687,98,10.0
687,156,15.0
687,355,10.0
687,419,28.0
687,437,12.0
687,473,10.0
687,493,282.0
687,577,19.0
687,591,6445.38
687,614,24.0
687,655,63.0
687,673,10.0
687,675,10.0
687,681,10.0
687,907,11.0
687,910,19.0
687,995,11.0
687,1024,58.0
687,1066,11.0
687,1205,3.0
687,1223,12.0
687,1252,10.0
688,3,509.0
688,114,15.0
688,616,27.0
688,646,449.0
688,680,298.0
688,701,10.0
688,710,10.0
688,735,48.0
688,748,11.0
688,761,10.0
688,911,10.0
688,1011,18.0
688,1112,28.0
688,1167,114.0
688,1308,16.0
689,65,10664.66
689,128,66.0
689,259,21.0
689,418,23.0
689,591,13.0
689,936,808.0
689,1019,27.82
690,38,25.0
690,176,10.0
690,191,416.0
690,368,24.0
690,425,9247.52
690,620,44.0
690,729,10.0
690,744,39.0
690,859,12.0
690,946,10.0
690,1105,36.0
690,1148,21.4
690,1153,357.0
690,1342,13.0
691,57,18.0
691,135,4.0
691,137,19.0
691,320,21.0
691,393,4.0
691,400,302.0
691,445,15.0
691,453,8887.2
691,600,20.0
691,648,10.0
691,679,11.0
691,683,12.0
691,1016,18.0
691,1058,17.0
691,1141,45.0
691,1151,15.0
691,1202,23.0
691,1228,14.0
691,1237,10.0
691,1282,1983.0
691,1318,10.0
692,131,10.0
692,142,10.0
692,509,10.0
692,679,10.0
692,850,18.0
692,917,10.0
692,929,8.0
692,972,10.0
692,1088,22.0
692,1196,10297.28
692,1206,50.0
692,1265,10.0
692,1294,10.0
692,1311,24.0
693,188,10.0
693,215,1415.0
693,307,10.0
693,341,10.0
693,364,10.0
693,467,96.0
693,482,225.0
693,485,10.0
693,497,19.0
693,563,16.0
693,594,90.0
693,620,33.0
693,682,16.0
693,724,10.0
693,727,10314.1
693,735,10.0
693,744,40.0
693,749,10.0
693,751,1214.0
693,904,18.0
693,908,10.0
693,960,7.0
693,988,11.0
693,1002,12.0
693,1007,10.0
693,1022,10.0
693,1086,10.0
693,1101,10.0
693,1147,7.0
693,1187,14.0
693,1295,10.0
694,45,3.0
694,141,10.0
694,143,21.0
694,185,22.0
694,199,21.4
694,315,733.0
694,467,921.0
694,595,26.6
694,724,190.0
694,735,199.0
694,761,146.0
694,802,19.6
694,968,97.0
694,988,21.4
697,59,10.0
697,136,22.0
697,197,21.0
697,276,23.0
697,435,10.0
697,478,4054.6
697,535,10831.1
697,737,10.0
697,753,24.0
697,790,10.0
697,841,144.0
697,856,3.0
697,1037,3.0
697,1125,10.0
697,1276,10.0
697,1307,19.0
697,1338,3.0
697,1360,20.0
698,45,19.6
698,58,10.0
698,121,16.0
698,268,10.0
698,395,10.0
698,503,11.0
698,532,10.0
698,711,495.0
698,721,10.0
698,798,544.0
698,814,4.0
698,897,10.0
698,925,1203.0
698,1106,343.0
698,1239,100.0
699,15,348.0
699,64,10.0
699,78,16.0
699,98,83.0
699,128,247.0
699,131,6.0
699,205,47.4
699,244,87.0
699,296,214.0
699,356,366.0
699,454,14.0
699,600,3.0
699,648,11.0
699,674,15.0
699,719,32.0
699,740,22.0
699,793,14.0
699,796,7386.82
699,828,10.0
699,858,483.0
699,910,19.0
699,926,26.0
699,954,10.0
699,962,26.0
699,1067,36.0
699,1070,10.0
699,1074,438.0
699,1090,440.0
699,1107,103.0
699,1108,10.0
699,1190,392.0
699,1196,10.0
699,1204,199.0
699,1206,21.4
699,1273,10.0
699,1290,10.0
700,30,6.0
700,118,28.0
700,122,10.0
700,182,28.0
700,275,10.0
700,592,10.0
700,631,10.0
700,867,13.0
700,877,14.0
700,931,10.0
700,1093,10787.1
700,1308,11.0
701,3,10.0
701,28,8608.1
701,154,21.4
701,186,21.0
701,208,11.0
701,241,10.0
701,257,24.0
701,300,94.0
701,340,10.0
701,364,21.4
701,417,10.0
701,507,10.0
701,536,41.0
701,592,22.0
701,594,10.0
701,646,445.0
701,647,17.0
701,688,10.0
701,710,1795.0
701,735,496.0
701,748,10.0
701,775,17.0
701,806,10.0
701,814,84.0
701,886,10.0
701,930,10.0
701,944,10.0
701,958,335.0
701,965,35.0
701,1088,16.0
701,1112,552.0
701,1161,3.0
701,1239,363.0
702,75,3.0
702,78,21.0
702,244,10.0
702,266,20.0
702,292,9.0
702,470,21.0
702,496,10.0
702,519,302.0
702,628,1390.0
702,804,3.0
702,816,47.0
702,829,35.0
702,986,41.0
702,1070,9990.1
702,1074,356.0
702,1102,10.0
702,1198,10.0
702,1270,3.0
702,1290,30.0
702,1294,10.0
702,1299,3.0
702,1310,1367.0
702,1328,10.0
702,1346,10.0
703,191,10.0
703,410,10.0
703,662,2660.0
703,820,1009.0
703,1130,10.0
703,1269,10.0
704,10,10.0
704,13,10.0
704,49,10.0
704,303,38.52
704,343,10.0
704,533,10.0
704,642,10.0
704,651,10.0
704,662,3.0
704,663,10.0
704,903,10099.02
704,935,164.0
704,950,54.0
704,993,10.0
704,1007,16.0
704,1022,1562.2
704,1136,26.0
704,1291,493.0
706,31,29.0
706,212,480.0
706,224,117.0
706,262,47.0
706,276,14.0
706,335,11.0
706,419,27.0
706,589,19.6
706,696,84.0
706,717,49.0
706,831,10.0
706,853,127.0
706,856,3.0
706,885,98.0
706,967,10.0
706,1116,13.0
706,1184,10579.0
706,1205,20.0
706,1338,10.0
709,97,10.0
709,248,10.0
709,314,509.0
709,351,10.0
709,613,31.0
709,729,10.0
709,821,10.0
709,1007,40.0
709,1080,22.0
709,1109,92.0
709,1143,3.0
710,101,10.0
710,178,35.0
710,208,65.0
710,300,10.0
710,304,24.0
710,353,160.0
710,417,10.0
710,506,10.0
710,524,36.0
710,606,9649.1
710,646,12.0
710,647,37.0
710,679,19.6
710,688,10.0
710,701,1795.0
710,735,522.0
710,814,48.0
710,873,10.0
710,930,10.0
710,958,432.0
710,965,70.0
710,970,10.0
710,1011,176.0
710,1088,11.0
710,1106,13.0
710,1161,23.0
710,1239,10.0
711,114,16.0
711,119,34.0
711,172,10.0
711,186,3542.96
711,188,10.0
711,295,12.0
711,340,29.0
711,352,10.0
711,459,119.0
711,698,495.0
711,771,10.0
711,798,1332.0
711,898,10.0
711,925,453.0
711,945,7.0
711,970,63.0
711,1021,11.0
711,1045,10.0
711,1077,10.0
711,1087,10.0
711,1111,10.0
711,1161,10.0
711,1187,35.0
711,1359,10.0
712,49,10.0
712,176,71.0
712,271,10.0
712,405,31.0
712,568,3.0
712,610,40.0
712,736,65.0
712,760,11.0
712,935,16.0
712,982,16.0
712,1023,10.0
712,1153,93.0
712,1266,7.0
712,1269,10903.1
712,1314,10.0
713,154,55.0
713,229,10.0
713,361,23.0
713,368,16.0
713,390,10.0
713,484,21.4
713,821,22.0
713,865,21.4
713,915,5265.62
713,998,15.0
713,1079,1526.0
713,1208,21.4
714,34,31.0
714,64,10.0
714,110,1246.0
714,140,6.0
714,176,19.6
714,341,10.0
714,385,21.4
714,434,34.0
714,542,4.0
714,581,9843.58
714,616,9.0
714,715,36.38
714,1060,785.0
714,1077,25.0
714,1127,363.82
714,1174,37.0
715,80,10002.1
715,87,2085.0
715,104,11.0
715,124,55.0
715,201,37.0
715,299,1760.0
715,304,11.0
715,307,10.0
715,364,10.0
715,467,10.0
715,485,28.0
715,507,10.0
715,564,7.0
715,595,13.0
715,714,36.38
715,739,10.0
715,754,12.0
715,761,56.0
715,768,703.0
715,771,10.0
715,798,10.0
715,884,25.0
715,889,10.0
715,968,89.0
715,1011,10.0
715,1042,105.84
715,1086,10.0
715,1088,12.0
715,1094,19.6
715,1115,1793.0
715,1167,127.0
715,1187,10.0
716,4,29.0
716,103,3.0
716,221,96.0
716,291,43.0
716,314,88.0
716,319,10.0
716,540,33.0
716,586,10842.18
716,611,10.0
716,651,100.0
716,731,25.0
716,809,22.0
716,863,12.0
716,1063,30.0
716,1084,19.0
716,1312,66.0
716,1352,90.0
717,55,18.0
717,100,10.0
717,130,78.0
717,132,10.0
717,167,106.0
717,262,10073.86
717,298,37.0
717,336,313.0
717,404,10.0
717,420,21.4
717,427,29.0
717,548,19.6
717,608,6.0
717,617,10.0
717,627,116.0
717,644,18.0
717,706,49.0
717,726,10.0
717,730,21.4
717,769,19.6
717,853,107.0
717,1039,14.0
717,1069,38.0
717,1184,75.0
717,1207,14.0
718,202,5167.52
718,210,10.0
718,234,6004.26
718,267,2758.0
718,416,10.0
718,435,10.0
718,601,10.0
718,650,13.0
718,705,10.0
718,1298,11.0
718,1354,13.0
719,10,397.0
719,131,10.0
719,137,10.0
719,253,20.0
719,296,374.0
719,356,12.0
719,458,167.0
719,517,21.0
719,553,10.0
719,576,10.0
719,582,10.0
719,648,94.0
719,679,11.0
719,683,10.0
719,699,32.0
719,796,222.0
719,828,24.0
719,887,14.0
719,1049,31.0
719,1063,583.0
719,1070,10.0
719,1074,10.0
719,1090,9432.02
719,1102,63.0
719,1108,15.0
719,1148,76.0
719,1181,10.0
719,1188,10.0
719,1189,28.0
719,1238,10.0
719,1246,67.0
719,1274,10.0
719,1290,6.0
720,91,3.0
720,132,10.0
720,136,53.0
720,167,6.0
720,184,10.0
720,289,157.0
720,308,12.0
720,428,10.0
720,444,10.0
720,516,6535.44
720,545,10.0
720,627,10.0
720,856,10.0
720,992,3.0
720,1024,10.0
720,1039,10.0
720,1250,1518.0
720,1307,207.0
720,1319,10.0
720,1353,10.0
721,14,10.0
721,28,77.0
721,50,27.0
721,151,10.0
721,201,10.0
721,239,27.0
721,275,12.0
721,280,74.0
721,351,16.0
721,434,10.0
721,451,10901.1
721,666,10.0
721,682,86.0
721,698,10.0
721,811,107.0
721,884,10.0
721,958,74.0
721,959,34.0
723,30,17.0
723,123,23.0
723,380,3.0
723,436,10.0
723,460,34.0
723,461,52.0
723,467,10.0
723,479,10.0
723,506,10.0
723,531,11.0
723,557,19.0
723,767,10.0
723,809,18.0
723,818,71.0
723,934,10019.96
723,958,12.0
723,959,46.0
723,964,40.0
723,989,10.0
723,1193,10.0
723,1194,10.0
723,1266,102.0
723,1341,5.0
724,45,524.26
724,241,18.0
724,300,16.0
724,405,18.0
724,482,15.0
724,594,10.0
724,595,3.0
724,652,10.0
724,693,10.0
724,694,190.0
724,727,324.0
724,758,10.0
724,802,10.0
724,820,11.0
724,871,3.0
724,1061,3.0
724,1094,118.0
724,1101,10.0
724,1112,32.0
724,1124,10.0
724,1159,8.0
724,1235,608.0
726,269,19.0
726,284,9339.16
726,288,10.0
726,318,108.0
726,336,41.0
726,394,3082.0
726,556,12.0
726,717,10.0
726,844,12.0
726,856,44.0
726,979,43.12
726,990,10.0
726,1065,10.0
726,1091,23.0
726,1122,10.0
726,1135,1331.0
726,1321,27.0
727,40,10.0
727,215,978.0
727,248,10.0
727,467,259.0
727,485,10.0
727,497,20.0
727,595,31.0
727,620,10.0
727,623,10.0
727,662,10.0
727,693,10314.1
727,724,324.0
727,744,50.0
727,751,1206.0
727,919,14.0
727,939,10.0
727,949,10.0
727,968,593.0
727,998,10.0
727,1045,21.4
727,1077,24.0
727,1086,10.0
727,1094,190.0
727,1291,10.0
729,38,144.0
729,41,14.0
729,265,93.0
729,323,59.0
729,613,10406.1
729,690,10.0
729,709,10.0
729,878,10.0
729,993,10.0
729,1226,3.0
729,1289,32.0
730,16,522.0
730,88,1496.0
730,115,10.0
730,153,20.0
730,177,23.0
730,192,10.0
730,197,11.0
730,218,10.0
730,224,21.0
730,305,6.0
730,386,12.0
730,390,23.0
730,392,8963.9
730,419,10.0
730,548,10.0
730,573,4.0
730,576,10.0
730,670,192.0
730,696,11.0
730,705,10.0
730,717,21.4
730,737,10.0
730,823,63.0
730,864,10.0
730,882,13.0
730,996,9.0
731,4,2383.0
731,132,12.0
731,251,25.0
731,256,546.84
731,257,7.0
731,298,31.0
731,343,10.0
731,586,15.0
731,587,17.0
731,672,10.0
731,716,25.0
731,738,56.0
731,757,21.0
731,760,450.0
731,792,32.0
731,812,21.4
731,924,19.0
731,943,1894.0
731,1018,18.0
731,1057,102.0
731,1084,78.0
731,1120,24.0
731,1136,10.0
731,1263,4.0
731,1281,12.0
731,1312,10.0
731,1342,10.0
732,23,27.0
732,59,28.0
732,216,3.0
732,232,536.0
732,293,130.0
732,423,8749.58
732,425,10.0
732,534,27.0
732,604,516.0
732,611,67.78
732,613,370.0
732,633,775.0
732,742,549.0
732,801,96.0
732,842,16.0
732,963,10.0
732,1117,21.4
732,1257,29.0
732,1276,10.0
733,120,9.0
733,400,6.0
733,454,3.0
733,519,3.0
733,684,6.0
733,804,9042.14
733,828,10.0
733,986,2567.0
733,1021,10.0
733,1141,3.0
733,1310,17.0
733,1328,2834.0
733,1350,68.0
735,85,65.0
735,101,101.0
735,182,104.0
735,241,23.0
735,321,63.0
735,380,5794.48
735,486,10.0
735,595,274.0
735,646,12.0
735,688,48.0
735,693,10.0
735,694,199.0
735,701,496.0
735,710,522.0
735,810,29.0
735,897,10.0
735,930,10.0
735,954,10.0
735,968,415.68
735,972,53.0
735,1094,135.0
735,1164,3.0
735,1196,10.0
735,1239,10.0
735,1254,70.0
735,1308,10.0
736,38,10.0
736,41,10.0
736,73,16.0
736,149,10.0
736,154,10.0
736,204,3.0
736,662,56.0
736,663,47.0
736,712,65.0
736,896,421.0
736,901,25.0
736,914,10.0
736,946,25.0
736,982,9532.0
736,999,10.0
736,1096,63.0
736,1136,53.0
736,1215,4.0
736,1302,10.0
736,1303,75.0
736,1304,14.0
736,1322,6.0
736,1335,10.0
736,1341,49.0
737,55,85.0
737,132,10.0
737,218,156.0
737,298,10.0
737,373,1520.0
737,386,10.0
737,403,10.0
737,407,1680.96
737,555,1349.0
737,577,10.0
737,612,6.0
737,697,10.0
737,730,10.0
737,747,10.0
737,753,13.0
737,922,10.0
737,966,52.0
737,990,10.0
737,992,177.0
737,998,10.0
737,1046,144.0
737,1158,10.0
737,1172,16.0
737,1178,10.0
737,1234,19.6
737,1253,22.0
738,4,10.0
738,13,21.4
738,38,14.0
738,232,10.0
738,251,10.0
738,262,21.4
738,303,17.12
738,568,19.0
738,586,10.0
738,611,47.0
738,637,80.0
738,663,32.0
738,672,10.0
738,731,56.0
738,757,343.0
738,865,10.0
738,908,22.0
738,935,6.0
738,943,53.0
738,1000,21.4
738,1057,84.0
738,1084,98.0
738,1120,10922.1
738,1224,50.0
739,28,22.0
739,163,10.0
739,231,19.0
739,255,10.0
739,371,19.0
739,436,96.0
739,457,11.0
739,537,10.0
739,614,51.0
739,665,19.0
739,669,19.0
739,676,198.0
739,682,17.0
739,715,10.0
739,867,38.0
739,912,28.0
739,1225,36.0
739,1296,26.0
739,1344,158.0
740,70,10.0
740,156,12.0
740,446,24.0
740,448,1482.0
740,454,17.0
740,550,10.0
740,624,10.0
740,674,35.0
740,678,1391.0
740,685,10845.1
740,699,22.0
740,899,3.0
740,1003,10.0
740,1165,10.0
740,1262,42.0
744,73,10.0
744,176,21.4
744,215,225.0
744,315,3.0
744,398,30.0
744,425,12.0
744,620,1559.0
744,690,39.0
744,693,40.0
744,727,50.0
744,749,8993.1
744,751,462.0
744,756,10.0
744,859,2458.0
744,979,39.0
744,999,50.0
744,1006,464.0
744,1105,39.0
744,1139,19.0
744,1305,21.0
745,98,3.0
745,135,9778.62
745,312,99.0
745,421,30.0
745,600,10.0
745,1016,187.0
745,1038,10.0
745,1108,141.0
745,1123,32.0
745,1150,11.0
745,1190,65.0
745,1206,38.0
745,1235,151.0
745,1311,10.0
745,1343,10.0
747,59,10.0
747,133,10.0
747,158,21.4
747,169,21.4
747,171,10.0
747,189,10.0
747,192,21.4
747,198,3.0
747,202,494.0
747,444,81.0
747,574,33.0
747,737,10.0
747,805,10830.1
747,1041,122.0
747,1059,138.0
747,1108,13.0
747,1232,40.0
747,1253,60.0
747,1276,68.0
749,221,195.0
749,251,6.0
749,314,113.0
749,450,55.0
749,571,10.0
749,645,10.0
749,651,37.0
749,693,10.0
749,744,8993.1
749,809,48.0
749,863,19.0
749,866,13.0
749,883,31.0
749,901,10.0
749,957,15.0
749,1022,10.0
749,1062,36.0
749,1143,48.0
749,1168,68.0
749,1186,12.0
749,1241,10.0
749,1312,10.0
749,1352,143.0
751,4,10.0
751,101,3.0
751,143,178.0
751,157,3.0
751,188,228.0
751,215,1002.0
751,300,10.0
751,321,10.0
751,467,11.0
751,485,51.0
751,585,23.54
751,599,10.0
751,620,445.0
751,662,10.0
751,693,1214.0
751,727,1206.0
751,744,462.0
751,767,10.0
751,771,27.0
751,773,34.0
751,800,12.0
751,803,149.0
751,891,10.0
751,908,10.0
751,931,10.0
751,960,44.0
751,988,10.0
751,1007,12.0
751,1022,20.0
751,1082,12.0
751,1086,10.0
751,1101,81.0
751,1106,10.0
751,1118,10.0
751,1124,116.0
751,1209,3.0
751,1256,56.0
751,1335,10.0
751,1358,10.0
752,23,246.0
752,111,19.6
752,153,37.82
752,254,17.0
752,324,166.0
752,390,21.4
752,394,10.0
752,400,475.0
752,534,17.0
752,573,10.0
752,621,31.4
752,657,21.4
752,778,10.0
752,826,10926.1
752,916,23.0
752,969,10.0
752,1008,10.0
752,1012,16.0
752,1126,10.0
752,1135,10.0
753,23,19.6
753,96,10.0
753,153,9707.1
753,189,18.0
753,196,1290.42
753,207,18.0
753,238,15.0
753,317,10.0
753,359,15.0
753,402,19.6
753,404,66.0
753,423,21.4
753,445,19.0
753,484,19.6
753,573,11.0
753,635,283.0
753,637,21.4
753,697,24.0
753,737,13.0
753,819,19.6
753,842,21.4
753,846,6.0
753,865,51.36
753,914,21.4
753,935,21.4
753,975,237.0
753,993,21.4
753,1019,30.0
753,1091,10.0
753,1098,23.54
753,1149,6.0
753,1189,12.0
753,1248,12.0
753,1278,10.0
753,1307,29.0
753,1319,15.0
753,1354,136.0
753,1360,437.0
754,63,10.0
754,183,10.0
754,227,13.0
754,295,56.0
754,387,11.0
754,409,10822.1
754,522,12.0
754,526,10.0
754,616,10.0
754,715,12.0
754,814,10.0
754,824,10.0
754,930,14.0
754,994,10.0
754,1131,13.0
754,1154,10.0
754,1254,268.0
755,114,19.0
755,127,10.0
755,188,23.0
755,195,20.0
755,417,10.0
755,631,10.0
755,646,10.0
755,799,10993.1
755,1034,10.0
755,1088,10.0
755,1112,10.0
755,1164,10.0
756,9,10.0
756,97,35.0
756,103,10.0
756,125,10.0
756,209,10.0
756,232,10.0
756,302,28.0
756,328,11.0
756,450,63.0
756,504,10.0
756,604,10.0
756,744,10.0
756,908,10.0
756,971,10.0
756,1086,35.0
756,1113,10.0
756,1118,216.0
756,1129,10.0
756,1130,10656.26
756,1302,27.0
756,1323,41.0
756,1358,10.0
757,319,10.0
757,324,10.0
757,328,10.0
757,465,10.0
757,731,21.0
757,738,343.0
757,865,10.0
757,906,10.0
757,943,10.0
757,1040,36.0
757,1130,10.0
757,1209,129.0
758,141,33.0
758,220,10.0
758,280,10.0
758,384,10.0
758,564,10.0
758,649,1475.0
758,677,15.0
758,682,10.0
758,724,10.0
758,748,36.0
758,767,10.0
758,785,10.0
758,824,10.0
758,997,10736.380000000001
759,90,2528.46
759,94,11155.1
759,163,2124.94
759,193,4517.26
759,401,4016.68
759,661,10.0
759,940,4633.26
759,947,4640.26
760,164,1632.0
760,319,7.0
760,367,10.0
760,610,9877.3
760,712,11.0
760,731,450.0
760,835,18.0
760,866,10.0
760,877,1745.0
760,902,6.0
760,931,1854.0
760,935,10.0
760,957,16.0
760,998,13.0
760,1072,16.0
760,1129,10.0
760,1139,10.0
760,1269,48.0
761,30,16.0
761,45,289.0
761,80,43.0
761,99,295.0
761,104,10.0
761,124,95.0
761,143,216.0
761,186,353.0
761,255,10.0
761,304,132.0
761,311,10.0
761,321,760.0
761,333,10.0
761,467,10.0
761,595,7701.52
761,677,310.0
761,682,10.0
761,688,10.0
761,694,146.0
761,715,56.0
761,748,15.0
761,797,10.0
761,818,10.0
761,889,13.0
761,919,10.0
761,958,10.0
761,1094,85.0
761,1154,377.0
761,1167,19.0
761,1179,31.0
765,53,52.0
765,100,10.0
765,116,10.0
765,132,10.0
765,207,16.0
765,259,10.0
765,386,11.0
765,498,10.0
765,516,10.0
765,562,10369.9
765,577,10.0
765,593,13.0
765,984,3.0
765,1091,13.0
765,1172,10.0
765,1363,13.0
767,56,14.0
767,80,10.0
767,101,2683.48
767,151,3.0
767,188,20.0
767,227,10.0
767,240,42.0
767,257,10.0
767,331,10.0
767,364,23.0
767,467,10.0
767,526,10.0
767,723,10.0
767,751,10.0
767,758,10.0
767,803,10.0
767,806,13.0
767,824,103.0
767,898,10.0
767,953,10.0
767,973,14.0
767,1053,24.0
767,1087,10.0
767,1115,10.0
767,1167,3.0
767,1258,354.0
767,1359,10.0
768,51,179.0
768,74,22.0
768,80,55.0
768,178,10.0
768,227,10.0
768,237,42.0
768,291,520.0
768,364,49.0
768,540,99.0
768,715,703.0
768,771,10.0
768,851,10.0
768,873,10.0
768,898,10.0
768,919,42.0
768,930,20.0
768,945,76.0
768,970,70.0
768,1115,679.0
768,1225,10.0
769,12,63.0
769,133,50.0
769,138,10.0
769,218,19.0
769,269,27.0
769,288,146.0
769,317,23.0
769,336,40.0
769,354,3.0
769,416,11.0
769,429,103.0
769,443,10.0
769,556,10.0
769,705,10.0
769,717,19.6
769,772,7612.74
769,789,3.0
769,966,52.0
769,1066,3.0
769,1091,45.0
769,1208,18.0
769,1321,17.0
769,1353,27.0
770,76,271.0
770,99,10.0
770,143,221.0
770,199,307.0
770,255,3.0
770,340,19.6
770,402,440.0
770,467,205.0
770,482,10.0
770,485,189.0
770,665,11.0
770,883,232.0
770,904,75.0
770,960,10428.86
770,994,10.0
770,1124,42.0
770,1127,71.0
770,1179,37.0
770,1187,89.0
770,1239,9.8
770,1256,43.0
771,8,339.0
771,30,61.0
771,64,10.0
771,257,97.0
771,268,1400.0
771,299,146.0
771,307,263.0
771,311,14.0
771,325,10.0
771,460,49.0
771,469,22.0
771,485,31.0
771,497,9985.66
771,537,540.0
771,646,10.0
771,711,10.0
771,715,10.0
771,751,27.0
771,768,10.0
771,867,35.0
771,871,6.0
771,919,10.0
771,953,10.0
771,988,266.0
771,1000,6.0
771,1021,21.0
771,1028,10.0
771,1044,13.0
771,1056,345.0
771,1106,10.0
771,1144,65.0
771,1167,10.0
771,1210,16.0
772,55,3.0
772,116,77.0
772,133,155.0
772,144,10.0
772,218,52.0
772,238,10.0
772,253,16.0
772,276,21.0
772,317,13.0
772,354,10.0
772,429,1922.0
772,551,22.0
772,559,30.0
772,593,96.0
772,643,49.0
772,769,7612.74
772,922,10.0
772,962,22.0
772,1046,10.0
772,1158,10.0
772,1325,37.0
772,1353,10.0
773,209,20.0
773,455,13.0
773,460,10.0
773,631,3.0
773,652,3.0
773,751,34.0
773,1044,10.0
773,1051,3.0
773,1124,10.0
773,1187,21.0
773,1286,21.4
775,51,10.0
775,157,28.0
775,331,6.0
775,340,13.0
775,341,206.0
775,524,35.0
775,616,10.0
775,647,26.0
775,701,17.0
775,798,14.0
775,810,26.0
775,895,190.0
775,919,10.0
775,1011,14.0
775,1045,61.0
775,1161,53.0
775,1164,10.0
775,1298,151.0
776,19,179.0
776,185,10.0
776,299,16.0
776,307,68.0
776,340,382.32
776,347,10.0
776,409,14.0
776,482,11.0
776,631,10.0
776,682,8462.0
776,918,10.0
776,944,183.0
776,1021,10.0
776,1154,27.0
776,1161,25.0
776,1216,10.0
778,7,62.06
778,111,11.0
778,160,10.0
778,548,50.0
778,752,10.0
778,804,21.0
778,829,3.0
778,1074,21.0
778,1142,992.76
778,1174,344.0
778,1223,10.0
778,1229,338.0
778,1274,503.0
778,1294,149.0
778,1318,10295.02
779,85,12.0
779,183,10.0
779,241,46.0
779,368,4621.2
779,412,105.0
779,571,10.0
779,585,71.0
779,646,3.0
779,800,33.0
779,832,95.0
779,868,56.0
779,901,499.0
779,924,10.0
779,943,86.0
779,1099,10.0
779,1129,17.0
779,1285,13.0
782,103,10.0
782,176,3.0
782,791,6.0
782,903,19.6
782,931,6.0
782,1022,18.0
782,1023,10.0
782,1084,10.0
782,1086,10.0
782,1335,10.0
782,1344,10.0
785,183,10.0
785,188,10.0
785,395,273.0
785,583,1094.0
785,758,10.0
785,814,10.0
785,1028,10.0
785,1144,10.0
785,1286,38.0
785,1308,10.0
789,37,24.0
789,114,10.0
789,167,10.0
789,269,3518.48
789,275,550.0
789,293,10.0
789,355,51.0
789,387,679.0
789,487,10.0
789,526,489.0
789,560,11.0
789,566,10.0
789,675,7031.26
789,769,3.0
789,891,9.8
789,959,693.0
789,1033,29.0
789,1065,36.0
789,1077,10.0
789,1250,67.0
790,59,14.0
790,130,16.0
790,160,21.0
790,192,14.0
790,242,10.0
790,318,23.0
790,432,3.0
790,444,10.0
790,508,119.0
790,513,73.0
790,546,17.0
790,548,12.0
790,580,31.0
790,589,12.0
790,697,10.0
790,856,18.0
790,967,10.0
790,990,39.0
790,995,22.0
790,1091,13.0
790,1158,3.0
790,1277,2662.9
790,1325,19.0
790,1353,30.0
791,4,17.0
791,10,10.0
791,41,10.0
791,84,3.0
791,97,10.0
791,117,10.0
791,194,11.0
791,222,10.0
791,604,10.0
791,782,6.0
791,812,10.0
791,835,10.0
791,883,10.0
791,978,10.0
791,1082,16.0
791,1118,10635.98
791,1129,27.0
791,1130,11.0
791,1146,10.0
791,1358,324.0
792,103,27.0
792,139,10.0
792,306,6.0
792,322,10.0
792,499,17.0
792,604,11.0
792,611,58.0
792,637,47.0
792,731,32.0
792,982,18.0
792,1001,21.4
792,1057,61.0
792,1120,10.0
792,1304,10.0
792,1342,10739.82
792,1344,59.0
793,15,100.0
793,33,10.0
793,517,10.0
793,582,10.0
793,699,14.0
793,834,10.0
793,858,98.0
793,1107,68.0
793,1142,28.0
793,1190,10.0
793,1211,10657.86
793,1328,14.0
794,10,10.0
794,16,15.0
794,98,20.0
794,135,28.0
794,138,12.0
794,171,10.0
794,256,10.0
794,337,30.0
794,355,815.08
794,390,314.0
794,430,45.0
794,600,10.0
794,612,23.0
794,657,57.0
794,728,64.0
794,743,84.0
794,832,10.0
794,862,3.0
794,1063,5489.76
794,1104,36.0
794,1123,10.0
794,1155,120.0
794,1162,10.0
794,1181,354.0
794,1273,5.0
794,1278,44.0
794,1332,10.0
795,61,16.0
795,103,10.0
795,271,10.0
795,379,10.0
795,425,17.0
795,461,10.0
795,566,19.6
795,584,10.0
795,585,6.0
795,622,12.0
795,645,10698.7
795,868,87.0
795,883,10.0
795,901,42.0
795,921,10.0
795,982,3.0
795,1007,5.0
795,1136,3.0
795,1266,10.0
795,1289,10.0
795,1322,1162.0
795,1323,9.0
795,1344,10.0
796,98,10.0
796,128,422.0
796,131,42.0
796,241,12.0
796,266,10.0
796,337,17.0
796,355,17.0
796,393,839.0
796,496,10.0
796,628,12.0
796,699,7386.82
796,719,222.0
796,804,20.0
796,929,14.0
796,969,10.0
796,974,836.0
796,1074,10.0
796,1123,3.0
796,1169,11.0
796,1185,10.0
796,1188,12.0
796,1190,440.0
796,1228,11.0
796,1235,10.0
796,1237,9.0
796,1265,10.0
796,1311,438.0
797,28,15.0
797,32,45.0
797,99,16.0
797,104,10.0
797,307,10.0
797,321,10.0
797,330,3.0
797,488,9.0
797,503,10.0
797,537,24.0
797,540,15.0
797,588,75.0
797,665,39.0
797,677,4833.12
797,761,10.0
797,922,20.0
797,925,10.0
797,971,10.0
797,1002,10.0
797,1087,10.0
797,1127,10.0
797,1154,130.0
797,1326,75.0
798,32,9908.86
798,87,32.0
798,122,26.0
798,124,31.0
798,299,10.0
798,325,10.0
798,459,435.0
798,540,6.0
798,606,10.0
798,698,544.0
798,711,1332.0
798,715,10.0
798,775,14.0
798,886,10.0
798,925,399.0
798,953,10.0
798,1045,10.0
798,1087,16.0
798,1121,12.0
798,1154,10.0
798,1159,10.0
798,1161,11.0
798,1359,21.0
799,14,10.0
799,74,8.56
799,79,10.0
799,188,13.0
799,195,10.0
799,333,10.0
799,409,10.0
799,459,10.0
799,755,10993.1
799,925,10.0
799,1164,14.0
799,1259,10.0
800,73,249.0
800,84,5.0
800,196,42.0
800,225,229.0
800,274,819.4
800,412,9853.1
800,413,10.0
800,440,10.0
800,558,10.0
800,751,12.0
800,779,33.0
800,891,3.0
800,921,3161.0
801,142,12.0
801,242,25.0
801,285,39.0
801,293,5442.84
801,301,10.0
801,336,78.0
801,615,52.0
801,667,67.0
801,673,10.0
801,732,96.0
801,882,3.0
801,962,16.0
801,992,10.0
801,1149,33.0
802,417,10.0
802,483,10.0
802,694,19.6
802,724,10.0
802,919,30.0
802,930,10.0
802,971,10.0
802,994,10113.18
802,1061,4.0
802,1179,10.0
802,1286,38.0
802,1296,10.0
803,14,35.0
803,28,10.0
803,38,185.0
803,52,49.0
803,64,21.0
803,74,13.0
803,113,10.0
803,275,10.0
803,291,10.0
803,319,7.0
803,333,14.0
803,340,9229.48
803,341,10.0
803,524,33.0
803,536,21.4
803,595,58.0
803,652,21.0
803,734,10.0
803,751,149.0
803,767,10.0
803,811,15.0
803,835,10.0
803,873,36.0
803,878,58.0
803,939,396.0
803,949,427.0
803,953,147.0
803,958,200.0
803,970,10.0
803,1023,50.0
803,1040,21.0
803,1045,28.0
803,1106,73.0
803,1121,14.0
803,1236,10.0
803,1349,24.0
804,78,10.0
804,256,10.0
804,519,3.0
804,520,12.0
804,654,10.0
804,679,21.4
804,702,3.0
804,733,9042.14
804,778,21.0
804,796,20.0
804,850,35.0
804,926,74.0
804,977,10.0
804,986,184.0
804,1003,13.0
804,1067,10.0
804,1299,3.0
804,1328,2803.0
805,7,10.0
805,177,5.0
805,202,570.0
805,298,10.0
805,407,10.0
805,423,10.0
805,435,10.0
805,546,27.0
805,609,10.0
805,612,10.0
805,747,10830.1
805,864,6.0
805,992,23.0
805,1041,19.0
805,1232,10.0
805,1244,10.0
805,1253,33.0
805,1276,6.0
806,237,34.0
806,460,11.0
806,529,16.0
806,649,25.0
806,701,10.0
806,748,107.0
806,767,13.0
806,897,18.0
806,976,10.0
806,1132,10.0
806,1167,42.0
808,40,14.0
808,375,10866.1
808,384,10.0
808,389,43.0
808,521,10.0
808,623,10.0
808,979,77.0
808,999,10.0
808,1201,10.0
808,1234,10.0
808,1305,10.0
809,221,25.0
809,314,145.0
809,413,3.0
809,571,148.0
809,586,14.0
809,625,10.0
809,716,22.0
809,723,18.0
809,749,48.0
809,866,13.0
809,915,400.0
809,924,10.0
809,934,10.0
809,1022,10.0
809,1105,303.0
809,1143,10922.14
809,1285,30.0
809,1312,76.0
809,1352,10.0
810,51,10712.34
810,82,14.0
810,141,25.0
810,185,4.0
810,241,10.0
810,268,9.0
810,349,10.0
810,529,10.0
810,540,103.0
810,564,15.0
810,592,18.0
810,599,10.0
810,735,29.0
810,775,26.0
810,873,10.0
810,930,10.0
810,944,208.0
810,945,54.0
810,970,171.0
810,1028,9.0
810,1240,10.0
811,14,8579.86
811,74,496.0
811,194,40.0
811,273,943.0
811,275,10.0
811,411,10.0
811,479,134.0
811,721,107.0
811,803,15.0
811,852,17.0
811,871,38.0
811,873,10.0
811,904,36.0
811,911,8.0
811,1013,110.0
811,1076,6.0
811,1164,10.0
812,176,11.0
812,294,386.0
812,375,10.0
812,389,15.0
812,402,272.0
812,611,15.0
812,731,21.4
812,791,10.0
812,869,12.0
812,883,41.0
812,935,10.0
812,939,32.1
812,1022,21.4
812,1064,10722.42
812,1096,10.0
812,1221,22.0
812,1252,54.0
812,1302,10.0
812,1314,10.0
812,1341,12.0
813,16,16.0
813,70,10.0
813,256,32.0
813,276,457.0
813,305,64.0
813,498,10.0
813,512,12.0
813,608,10.0
813,823,486.0
813,841,13.0
813,885,11.0
813,962,25.0
813,981,10.0
813,1104,6689.84
813,1158,12.0
813,1189,4.0
813,1202,21.4
813,1244,10.0
814,32,3.0
814,50,13.0
814,60,10.0
814,194,10.0
814,263,19.0
814,417,1748.0
814,436,1650.0
814,524,25.0
814,592,30.0
814,698,4.0
814,701,84.0
814,710,48.0
814,754,10.0
814,785,10.0
814,818,10.0
814,933,10.0
814,1045,17.0
814,1296,7783.84
815,33,9844.380000000001
815,214,20.0
815,243,6.0
815,312,56.0
815,320,39.0
815,468,6.0
815,596,10.0
815,832,12.0
815,1108,3.0
815,1150,6.0
815,1152,14.98
815,1174,11.0
815,1228,10.0
815,1273,71.0
815,1339,3018.16
815,1346,5.0
816,15,34.0
816,205,10.0
816,266,55.0
816,312,10.0
816,372,7.0
816,702,47.0
816,817,106.0
816,829,37.0
816,832,75.0
816,850,9466.46
816,854,82.0
816,929,13.0
816,1162,71.0
816,1169,34.0
816,1198,10.0
816,1294,10.0
816,1310,40.0
816,1345,21.0
817,120,60.0
817,244,10.0
817,256,65.0
817,355,10.0
817,403,10.0
817,493,536.0
817,517,10.0
817,560,7.0
817,617,59.0
817,816,106.0
817,850,38.0
817,854,5.0
817,929,8.0
817,1003,10.0
817,1016,5.0
817,1074,3.0
817,1162,33.0
817,1169,117.0
817,1202,29.0
817,1229,460.0
817,1238,27.0
817,1282,208.0
817,1318,16.0
817,1328,10.0
817,1346,10.0
818,123,10.0
818,208,10.0
818,219,18.0
818,220,10.0
818,268,329.0
818,307,72.0
818,460,11.0
818,467,25.0
818,485,160.0
818,497,149.0
818,525,31.0
818,544,104.0
818,646,36.0
818,723,71.0
818,761,10.0
818,814,10.0
818,928,28.0
818,935,192.0
818,968,15.0
818,972,7.0
818,988,10390.12
818,1061,32.0
819,153,410.88
819,196,21.4
819,207,189.0
819,216,1281.4
819,253,122.0
819,418,14.0
819,423,59.0
819,484,10820.68
819,565,10.0
819,569,21.4
819,753,19.6
819,856,10.0
819,914,477.22
819,935,10.0
819,937,21.4
819,1008,10.0
819,1017,25.68
819,1070,10.0
819,1098,31.4
820,89,10.0
820,142,101.0
820,371,20.0
820,410,10573.24
820,515,478.0
820,546,32.0
820,673,163.0
820,703,1009.0
820,724,11.0
820,861,10.0
820,886,125.0
820,908,12.0
820,995,30.0
820,996,3.0
820,1161,129.0
821,247,20.0
821,361,11021.1
821,367,15.0
821,569,10.0
821,625,36.0
821,662,10.0
821,709,10.0
821,713,22.0
821,863,14.0
821,935,39.0
821,1072,55.0
821,1130,10.0
821,1186,10.0
821,1209,20.0
821,1233,10.0
821,1304,29.0
821,1312,161.0
822,59,3.0
822,161,617.0
822,171,55.0
822,205,10.0
822,244,10.0
822,360,10.0
822,415,10.0
822,431,10.0
822,437,11.0
822,491,10.0
822,492,48.0
822,612,1662.0
822,743,80.0
822,764,8.0
822,858,185.0
822,1074,10.0
822,1299,108.0
822,1354,10.0
822,1355,12.0
823,54,3.0
823,88,118.0
823,100,17.0
823,115,126.0
823,132,10.0
823,197,10.0
823,301,21.4
823,305,10448.64
823,366,10.0
823,384,11.0
823,386,148.0
823,392,35.0
823,427,15.0
823,630,15.0
823,657,10.0
823,696,18.0
823,730,63.0
823,813,486.0
823,844,10.0
823,932,10.0
823,967,10.0
823,996,10.0
823,1010,17.0
823,1307,11.0
823,1321,3.0
823,1338,10.0
824,76,80.0
824,201,36.0
824,295,3.0
824,299,13.0
824,300,10.0
824,485,9.0
824,666,10.0
824,754,10.0
824,758,10.0
824,767,103.0
824,898,7331.76
824,935,12.0
824,1124,10.0
825,51,10.0
825,181,336.0
825,208,33.0
825,300,42.0
825,307,500.0
825,347,10739.9
825,486,15.0
825,537,47.0
825,625,24.0
825,748,8.0
825,953,29.4
825,965,458.0
825,1106,32.0
825,1292,53.0
826,23,10.0
826,111,29.6
826,216,8.56
826,390,15.0
826,400,179.0
826,534,10.0
826,560,22.0
826,615,24.0
826,752,10926.1
826,1012,12.0
826,1066,10.0
826,1149,78.0
826,1178,10.0
826,1220,10.0
827,467,10.0
827,471,629.0
827,628,10.0
827,881,692.0
827,997,10.0
828,131,17.0
828,177,13.0
828,400,244.0
828,406,18.0
828,445,14.0
828,470,10.0
828,699,10.0
828,719,24.0
828,733,10.0
828,986,10.0
828,1000,10.0
828,1038,16.0
828,1058,416.0
828,1108,4005.96
828,1188,10.0
828,1270,12.0
828,1279,10.0
828,1311,10.0
829,430,281.0
829,470,10.0
829,519,21.0
829,683,10.0
829,702,35.0
829,778,3.0
829,816,37.0
829,854,18.0
829,962,10.0
829,1162,10.0
829,1238,27.0
829,1310,238.0
830,4,10.0
830,247,1896.04
830,251,16.0
830,328,23.0
830,368,25.0
830,379,27.0
830,405,10.0
830,552,10.0
830,587,54.0
830,626,10.0
830,680,759.7
830,914,20.0
830,978,10.0
830,982,10.0
830,991,10.0
830,998,10.0
830,1040,42.0
830,1130,10.0
830,1234,85.0
830,1241,63.0
830,1263,10.0
830,1295,10.0
830,1302,10862.1
830,1323,181.0
830,1335,3.0
832,33,31.0
832,120,4.0
832,126,21.0
832,214,3.0
832,390,10.0
832,442,12.0
832,492,10.0
832,493,10.0
832,517,10.0
832,539,10.0
832,654,10.0
832,743,10.0
832,779,95.0
832,794,10.0
832,815,12.0
832,816,75.0
832,850,41.0
832,1206,15.0
832,1262,10.0
833,70,36.0
833,71,6996.84
833,132,10.0
833,202,172.0
833,271,89.0
833,334,42.0
833,335,15.0
833,374,135.0
833,429,10.0
833,623,17.0
833,1278,11.879999999999999
834,793,10.0
834,852,10.0
834,919,113.0
834,1043,2497.6
834,1044,514.84
834,1146,122.0
834,1226,23.0
835,140,10.0
835,164,18.0
835,182,17.0
835,249,41.0
835,275,16.0
835,291,10.0
835,300,10.0
835,537,17.0
835,599,9133.86
835,610,58.0
835,616,103.0
835,760,18.0
835,791,10.0
835,803,10.0
835,875,26.0
835,918,440.0
835,971,10.0
835,1026,47.0
835,1094,29.0
835,1111,41.0
835,1222,16.0
835,1292,65.0
835,1314,1655.0
836,16,12.0
836,37,10451.18
836,142,10.0
836,197,13.0
836,210,31.0
836,213,10.0
836,317,6.0
836,562,10.0
836,573,10.0
836,764,38.0
836,895,159.0
836,975,26.0
836,984,30.0
836,1151,10.0
836,1232,133.0
836,1245,37.0
836,1253,249.0
838,272,10.0
838,319,10.0
838,413,20.0
838,558,10.0
838,638,32.0
838,865,45.0
838,868,10.0
838,890,2359.4
838,940,445.0
838,942,10.0
838,961,10.0
838,1006,10.0
838,1026,447.0
838,1289,16.0
839,318,101.0
839,511,10.0
839,576,26.0
839,577,6.0
839,590,38.0
839,636,18.0
839,643,10.0
839,764,18.0
839,1232,10.0
839,1338,10.0
839,1348,10832.1
841,16,345.0
841,167,30.0
841,213,120.0
841,238,578.0
841,284,3.0
841,444,3.0
841,512,10.0
841,535,16.0
841,697,144.0
841,813,13.0
841,1037,10.0
841,1125,9647.6
841,1205,147.0
841,1217,39.0
842,23,1793.0
842,106,10.0
842,111,140.0
842,132,10.0
842,207,10.0
842,288,12.0
842,407,10.0
842,421,10.0
842,433,19.0
842,498,10.0
842,534,10800.6
842,667,10.0
842,732,16.0
842,753,21.4
842,963,10.0
842,1038,22.0
842,1257,10.0
842,1276,80.0
842,1294,10.0
842,1317,15.0
844,23,50.96
844,144,199.0
844,284,13.0
844,285,10.0
844,288,1422.0
844,301,21.4
844,400,200.0
844,427,21.4
844,494,10.0
844,562,10.0
844,576,10.0
844,726,12.0
844,823,10.0
844,937,306.0
844,1075,10848.1
844,1098,209.0
844,1119,27.82
845,186,10.0
845,338,10.0
845,384,16.0
845,388,31.0
845,624,38.0
845,661,37.0
845,972,12.0
845,987,26.0
845,991,30.0
845,1123,10.0
845,1316,16.0
848,78,3.0
848,156,10.0
848,338,10987.1
848,397,19.0
848,454,10.0
848,543,15.0
848,614,10.0
848,1104,5.0
848,1150,21.4
848,1279,10.0
849,120,22.0
849,457,14.0
849,470,10.0
849,517,10.0
849,899,10.0
849,916,10744.060000000001
849,981,21.0
849,984,119.0
849,1206,10.0
849,1299,39.0
850,137,21.4
850,332,10.0
850,470,6.0
850,628,123.0
850,639,10.0
850,692,18.0
850,804,35.0
850,816,9466.46
850,817,38.0
850,832,41.0
850,854,247.0
850,858,7.0
850,887,197.0
850,1016,3.0
850,1074,10.0
850,1110,10.0
850,1142,10.0
850,1169,91.0
850,1185,10.0
850,1271,21.0
850,1279,15.0
850,1287,107.0
850,1310,23.0
850,1350,30.0
851,29,19.6
851,60,10.0
851,74,12.0
851,87,7080.9400000000005
851,121,11.0
851,227,13.0
851,239,10.0
851,257,71.0
851,275,10.0
851,295,19.0
851,352,47.0
851,524,28.0
851,554,32.0
851,646,16.0
851,748,10.0
851,768,10.0
851,976,15.0
851,1028,67.0
851,1042,11.0
851,1043,23.0
851,1197,37.0
851,1226,10.0
852,14,338.0
852,107,10.0
852,118,24.0
852,352,235.0
852,497,10.0
852,811,17.0
852,834,10.0
852,901,10.0
852,908,7.0
852,970,92.02
852,1013,10239.779999999999
853,100,18.0
853,130,12.0
853,262,116.0
853,289,12.0
853,335,14.0
853,390,3.0
853,573,640.0
853,591,10.0
853,627,13.0
853,706,127.0
853,717,107.0
853,831,10.0
853,882,29.0
853,1039,100.0
853,1184,103.0
853,1357,10.0
854,120,20.0
854,372,1969.0
854,397,19.0
854,496,10.0
854,639,2612.0
854,816,82.0
854,817,5.0
854,829,18.0
854,850,247.0
854,1003,5.0
854,1016,27.0
854,1070,3.0
854,1151,22.0
854,1271,12.0
854,1282,10.0
854,1332,13.0
856,47,7546.52
856,59,3.0
856,423,63.0
856,433,10.0
856,439,27.0
856,635,10.0
856,697,3.0
856,706,3.0
856,720,10.0
856,726,44.0
856,790,18.0
856,819,10.0
856,963,43.0
856,967,23.52
856,1104,11.0
856,1116,19.0
856,1145,10.0
856,1205,3.0
856,1214,10.0
856,1247,10.0
856,1250,191.0
856,1353,18.0
858,15,9834.18
858,77,45.0
858,198,11.0
858,296,28.0
858,424,10.0
858,431,10.0
858,470,10.0
858,614,10.0
858,615,20.0
858,639,6.0
858,699,483.0
858,793,98.0
858,822,185.0
858,850,7.0
858,862,34.0
858,887,18.0
858,1003,29.0
858,1058,15.0
858,1074,320.0
858,1107,61.0
858,1110,18.0
858,1142,94.0
858,1151,40.0
858,1198,52.0
858,1228,15.0
858,1270,10.0
858,1271,10.0
858,1279,10.0
858,1299,348.0
859,425,11.0
859,620,10803.7
859,662,15.0
859,690,12.0
859,744,2458.0
859,979,11.0
859,993,10.0
859,999,19.0
859,1006,381.0
859,1215,14.0
859,1234,31.0
859,1289,21.0
859,1305,29.0
860,225,10.0
860,315,10.0
860,385,10.0
860,465,16.0
860,533,14.0
860,622,1441.0
860,903,39.2
860,905,3.0
860,906,10773.96
860,939,10.0
860,948,6.0
860,951,10.0
860,1006,3.0
860,1022,12.0
860,1215,3.0
860,1281,10.0
860,1309,10.0
860,1358,10.0
861,52,10.0
861,66,3.0
861,112,3.0
861,184,90.0
861,189,21.4
861,216,48.0
861,285,2170.0
861,354,106.0
861,368,273.0
861,379,262.0
861,382,10.0
861,403,10.0
861,443,2311.0
861,523,11.0
861,556,10.0
861,579,10.0
861,602,10.0
861,820,10.0
861,967,358.0
861,990,10.0
861,996,80.0
861,1153,10.0
861,1164,80.0
861,1223,30.0
861,1257,98.0
862,135,20.0
862,329,10.0
862,356,94.0
862,442,14.0
862,458,34.0
862,494,852.0
862,600,7784.94
862,794,3.0
862,858,34.0
862,923,9.0
862,981,51.0
862,1108,15.0
862,1150,121.0
862,1155,102.0
862,1206,31.0
862,1343,11.0
863,117,10.0
863,221,13.0
863,306,10.0
863,322,57.0
863,343,1305.0
863,367,23.0
863,410,3.0
863,610,10.0
863,716,12.0
863,749,19.0
863,821,14.0
863,866,10972.1
863,903,11.0
863,950,22.0
863,979,14.0
863,999,12.0
863,1063,11.0
863,1201,16.0
863,1203,11.0
863,1335,4.0
863,1352,18.0
864,88,10.0
864,100,7560.24
864,254,8.0
864,324,10.0
864,492,10.0
864,548,11.0
864,572,17.0
864,664,10.0
864,730,10.0
864,805,6.0
864,1253,14.0
864,1272,314.0
865,196,441.72
865,305,21.4
865,381,55.64
865,465,10701.74
865,558,21.0
865,604,3.0
865,713,21.4
865,738,10.0
865,753,51.36
865,757,10.0
865,838,45.0
865,883,19.6
865,915,368.48
865,961,4.0
865,1019,5.0
865,1302,233.0
865,1305,10.0
865,1344,21.4
866,221,10.0
866,272,10.0
866,322,85.0
866,461,15.0
866,569,38.0
866,651,13.0
866,749,13.0
866,760,10.0
866,809,13.0
866,863,10972.1
866,1063,53.0
866,1117,55.0
866,1201,69.0
866,1203,24.0
866,1263,10.0
866,1335,10.0
866,1344,31.0
866,1352,16.0
867,30,12.0
867,291,10.0
867,311,28.0
867,395,11.0
867,405,12.0
867,409,10.0
867,452,11.0
867,460,38.0
867,483,10.0
867,503,10.0
867,652,35.0
867,665,35.0
867,700,13.0
867,739,38.0
867,771,35.0
867,873,10.0
867,884,10.0
867,898,23.0
867,918,6.0
867,919,18.0
867,941,14.0
867,997,37.0
867,1115,10.0
867,1131,10.0
867,1187,10.0
867,1225,8047.1
868,10,27.0
868,45,164.0
868,61,14.0
868,196,419.44
868,274,8.0
868,323,231.0
868,440,725.2
868,521,177.0
868,538,10.0
868,569,4563.219999999999
868,626,80.0
868,634,277.0
868,779,56.0
868,795,87.0
868,838,10.0
868,890,86.0
868,902,3.0
868,921,106.0
868,942,228.0
868,1006,34.0
868,1018,123.0
868,1022,12.0
868,1042,10.0
868,1140,129.0
868,1222,118.0
868,1224,77.0
868,1284,191.0
868,1295,3.0
868,1351,11.0
869,40,11.0
869,812,12.0
869,1022,10.0
869,1064,30.0
869,1233,9272.96
869,1252,44.0
869,1305,17.0
871,14,320.0
871,30,11.0
871,79,33.0
871,101,24.0
871,140,10.0
871,194,10.0
871,325,32.0
871,331,10.0
871,340,10.0
871,385,63.0
871,538,58.0
871,598,10837.1
871,724,3.0
871,771,6.0
871,811,38.0
871,987,17.0
871,1021,32.0
871,1042,22.0
871,1088,24.0
871,1199,20.0
871,1308,3.0
872,382,495.0
872,406,326.0
872,470,10.0
872,648,10.0
872,671,21.0
872,708,50.0
872,920,3.0
872,1110,522.0
872,1142,187.0
872,1265,19.0
872,1273,51.0
872,1328,12.0
872,1339,3.0
873,14,10.0
873,36,10.0
873,74,1795.0
873,79,10.0
873,181,355.0
873,227,10.0
873,325,21.4
873,340,65.0
873,387,10.0
873,452,18.0
873,486,547.0
873,524,68.0
873,530,10.0
873,538,9837.1
873,564,10.0
873,599,35.0
873,710,10.0
873,768,10.0
873,803,36.0
873,810,10.0
873,811,10.0
873,867,10.0
873,886,62.0
873,930,10.0
873,1045,206.0
873,1121,31.0
873,1161,97.0
873,1225,10.0
874,8,24.0
874,17,10.0
874,36,127.0
874,51,10.0
874,143,10.0
874,316,103.0
874,328,23.0
874,485,10.0
874,542,10.0
874,598,39.0
874,625,30.0
874,886,12.0
874,919,14.0
874,953,36.0
874,1011,19.0
874,1044,1129.0
874,1056,29.0
874,1076,10321.1
874,1099,19.0
874,1132,10.0
874,1161,10.0
874,1351,44.0
874,1358,29.0
877,61,15.0
877,164,1786.0
877,182,10.0
877,571,20.0
877,599,44.0
877,610,2061.0
877,700,14.0
877,760,1745.0
877,931,1840.0
877,951,10.0
877,993,10.0
877,998,15.0
877,1113,5495.06
877,1139,10.0
877,1193,21.4
877,1266,30.0
877,1269,10.0
877,1302,10.0
877,1314,10.0
877,1358,10.0
878,209,10.0
878,222,22.0
878,294,13.0
878,365,10.0
878,571,10.0
878,613,14.0
878,729,10.0
878,803,58.0
878,1006,43.0
878,1023,5274.26
878,1079,2833.84
878,1221,51.0
881,471,471.0
881,827,692.0
881,947,4.0
881,1035,23.0
882,37,28.0
882,65,11.0
882,102,3.0
882,173,11.0
882,197,10.0
882,280,836.0
882,289,13.0
882,498,10.0
882,546,3.0
882,596,10.0
882,654,10.0
882,730,13.0
882,801,3.0
882,853,29.0
882,975,10.0
882,981,11.0
882,1108,10.0
882,1158,11.0
882,1188,10.0
882,1189,10.0
882,1200,10177.26
882,1206,10.0
882,1228,7.0
882,1307,10.0
882,1311,10.0
882,1338,10.0
882,1355,14.0
882,1360,3.0
883,76,11.0
883,125,27.0
883,141,7.0
883,314,41.0
883,352,10.0
883,381,742.58
883,402,10856.92
883,412,21.4
883,450,31.0
883,530,159.0
883,569,43.0
883,571,166.0
883,611,21.4
883,632,10.0
883,749,31.0
883,770,232.0
883,791,10.0
883,795,10.0
883,812,41.0
883,865,19.6
883,893,10.0
883,911,12.0
883,914,21.4
883,915,21.4
883,921,74.0
883,935,49.56
883,960,447.0
883,999,10.0
883,1017,23.54
883,1062,10.0
883,1064,82.0
883,1111,10.0
883,1143,14.0
883,1168,94.0
883,1186,23.0
883,1210,24.0
883,1215,32.1
883,1233,34.0
883,1263,21.0
883,1352,18.0
884,44,652.0
884,63,3.0
884,104,10.0
884,121,201.0
884,122,22.0
884,123,14.0
884,208,47.0
884,219,601.0
884,241,10.0
884,291,5.0
884,300,20.0
884,340,200.0
884,351,102.72
884,460,402.0
884,525,32.4
884,598,19.0
884,625,19.0
884,715,25.0
884,721,10.0
884,867,10.0
884,958,8695.94
884,1061,8.0
884,1127,33.0
884,1132,10.0
884,1179,55.0
884,1239,21.0
884,1259,10.0
885,12,22.0
885,130,10.0
885,138,14.0
885,165,75.0
885,169,10.0
885,184,10.0
885,256,15.0
885,262,44.0
885,305,10.0
885,335,18.0
885,382,10.0
885,589,7.0
885,706,98.0
885,813,11.0
885,955,23.0
885,967,7947.280000000001
885,1037,10.0
885,1069,10.0
885,1125,26.0
885,1184,94.0
886,1,1406.0
886,14,10.0
886,60,22.0
886,107,10.0
886,113,10.0
886,114,10.0
886,119,31.0
886,122,104.0
886,143,10.0
886,157,20.0
886,194,11.0
886,227,10.0
886,333,57.0
886,340,35.0
886,410,91.0
886,479,10.0
886,500,21.0
886,584,10.0
886,647,1638.0
886,652,10.0
886,701,10.0
886,798,10.0
886,820,125.0
886,873,62.0
886,874,12.0
886,1061,19.6
886,1076,10.0
886,1121,11.0
886,1124,10.0
886,1161,10938.1
886,1164,155.0
886,1256,50.0
887,15,10.0
887,98,10.0
887,120,10.0
887,131,14.0
887,244,10.0
887,266,176.0
887,356,73.0
887,418,10.0
887,456,24.0
887,470,21.0
887,648,9941.04
887,678,193.0
887,719,14.0
887,728,10.0
887,850,197.0
887,858,18.0
887,917,12.0
887,983,14.0
887,1003,17.0
887,1074,24.0
887,1090,120.0
887,1110,112.0
887,1162,200.0
887,1198,14.0
887,1235,10.0
887,1265,30.0
887,1310,10.0
889,17,10.0
889,32,22.0
889,60,10.0
889,80,13.0
889,124,10872.1
889,172,10.0
889,185,10.0
889,188,6.0
889,257,19.0
889,316,10.0
889,351,7.0
889,352,57.6
889,434,42.0
889,459,18.0
889,542,25.0
889,715,10.0
889,761,13.0
889,928,13.0
889,953,43.0
889,965,22.0
889,976,26.0
889,989,10.0
889,1027,74.0
889,1106,10.0
889,1179,34.0
889,1296,29.0
890,10,108.66
890,225,10.0
890,413,35.0
890,465,355.0
890,521,174.94
890,558,82.0
890,563,9.0
890,638,15.0
890,838,2359.4
890,868,86.0
890,902,105.0
890,940,402.0
890,942,87.0
890,993,10.0
890,1026,409.0
890,1281,139.0
891,588,3.0
891,626,10.0
891,645,38.0
891,751,10.0
891,789,9.8
891,800,3.0
891,896,223.0
891,902,427.0
891,942,142.0
891,998,10.0
891,1109,10.0
891,1118,3.0
891,1146,15.0
893,73,10.0
893,155,10.0
893,204,21.4
893,232,10.0
893,271,24.0
893,379,34.0
893,402,11.0
893,604,45.0
893,883,10.0
893,910,21.4
893,911,32.0
893,935,200.0
893,946,10.0
893,951,10417.14
893,978,30.0
893,1007,10.0
893,1109,10.0
893,1224,120.0
893,1309,27.0
893,1315,111.0
893,1322,10.0
893,1351,20.0
894,15,15.0
894,77,13.0
894,98,17.0
894,205,21.0
894,356,10.0
894,456,14.0
894,468,1099.96
894,479,10.0
894,550,3.0
894,596,11.0
894,615,18.0
894,1016,10.0
894,1107,9574.76
894,1145,12.0
894,1155,1260.0
894,1262,15.0
895,7,38.0
895,142,201.0
895,582,10.0
895,608,10.0
895,775,190.0
895,836,159.0
895,920,10.0
895,1162,10.0
895,1172,70.0
895,1253,45.0
895,1298,8313.16
896,251,10.0
896,322,47.0
896,367,21.4
896,569,79.0
896,587,93.0
896,642,10.0
896,736,421.0
896,891,223.0
896,902,19.0
896,946,3.0
896,1026,410.0
896,1063,18.0
896,1209,6.0
896,1265,58.0
897,17,10593.9
897,32,17.0
897,58,18.0
897,178,14.0
897,268,3.0
897,356,4.0
897,482,10.0
897,522,10.0
897,583,12.0
897,698,10.0
897,735,10.0
897,748,10.0
897,806,18.0
897,1061,10.0
897,1112,13.0
897,1124,11.0
897,1225,11.0
898,3,18.0
898,19,650.0
898,80,10.0
898,107,10.0
898,110,3.0
898,113,103.0
898,114,1665.0
898,124,10.0
898,215,10.0
898,240,9.0
898,291,322.0
898,295,10.0
898,341,10.0
898,455,67.0
898,467,10.0
898,500,35.0
898,506,10.0
898,522,10.0
898,529,5.0
898,536,3.0
898,649,21.0
898,711,10.0
898,767,10.0
898,768,10.0
898,824,7331.76
898,867,23.0
898,1013,10.0
898,1021,74.0
898,1077,10.0
898,1101,10.0
898,1164,10.0
899,131,80.0
899,337,3.0
899,457,10802.1
899,740,3.0
899,849,10.0
899,974,19.6
899,984,21.0
899,1038,10.0
899,1150,10.0
899,1228,10.0
899,1231,163.0
899,1345,10.0
901,73,21.0
901,204,10.0
901,272,11.0
901,315,6.0
901,379,18.0
901,563,10.0
901,585,8550.3
901,645,6.0
901,651,10.0
901,736,25.0
901,749,10.0
901,779,499.0
901,795,42.0
901,852,10.0
901,921,12.0
901,935,10.0
901,951,26.0
901,982,25.0
901,1007,228.0
901,1022,16.0
901,1064,14.0
901,1322,11.0
902,146,238.0
902,412,58.0
902,413,59.0
902,502,11.0
902,521,38.0
902,760,6.0
902,868,3.0
902,890,105.0
902,891,427.0
902,896,19.0
902,942,10107.58
902,1222,66.0
902,1281,216.0
902,1284,97.0
902,1344,27.0
903,154,7.0
903,265,10.0
903,389,28.0
903,558,21.4
903,642,15.0
903,704,10099.02
903,782,19.6
903,860,39.2
903,863,11.0
903,935,10.0
903,950,31.0
903,961,10.0
903,993,10.0
903,1007,14.0
903,1062,10.0
903,1289,49.56
903,1291,12.0
904,45,41.0
904,64,66.0
904,143,568.56
904,195,15.0
904,237,10.0
904,255,201.0
904,304,21.4
904,436,10.0
904,482,63.0
904,525,10.0
904,570,21.0
904,598,11.0
904,665,86.0
904,693,18.0
904,770,75.0
904,811,36.0
904,960,43.0
904,968,14.0
904,971,3.0
904,988,175.0
904,1042,10357.9
904,1094,771.0
904,1101,472.74
904,1124,157.0
904,1127,250.0
904,1154,10.0
904,1187,286.44
904,1256,530.42
905,379,10.0
905,389,3.0
905,466,10525.66
905,620,10.0
905,623,10.0
905,645,20.0
905,860,3.0
905,906,3.0
905,921,3.0
905,950,13.0
905,979,10.0
905,1022,10.0
905,1322,34.0
906,315,3.0
906,533,6.0
906,622,1460.0
906,757,10.0
906,860,10773.96
906,905,3.0
906,961,10.0
906,1140,15.0
907,23,1681.0
907,66,18.0
907,83,11.0
907,111,150.0
907,206,119.0
907,207,169.0
907,329,3.0
907,382,12.0
907,517,4.0
907,534,10.0
907,578,16.0
907,671,7.0
907,687,11.0
907,764,21.0
907,1252,510.0
907,1257,10.0
907,1282,10.0
907,1363,10.0
908,10,13.0
908,143,10.0
908,215,6.0
908,302,31.0
908,352,3.0
908,365,46.0
908,367,4053.5
908,371,2601.52
908,558,10.0
908,595,10.0
908,604,10.0
908,662,19.6
908,693,10.0
908,738,22.0
908,751,10.0
908,756,10.0
908,820,12.0
908,852,7.0
908,1000,10.0
908,1007,10.0
908,1026,31.4
908,1042,10.0
908,1096,10.0
908,1120,58.0
908,1263,21.4
908,1351,14.0
908,1358,168.0
910,15,10.0
910,64,354.0
910,128,24.0
910,175,18.0
910,177,10.0
910,198,3524.58
910,259,4.0
910,407,10.0
910,423,99.0
910,431,3490.68
910,437,10298.58
910,445,7.0
910,494,113.0
910,591,2502.0
910,621,257.0
910,628,24.0
910,667,11.0
910,684,10.0
910,687,19.0
910,699,19.0
910,893,21.4
910,963,67.0
910,1126,10.0
910,1241,10.0
910,1310,6.0
911,4,21.4
911,99,28.0
911,117,10.0
911,247,149.8
911,304,10.0
911,413,10.0
911,530,40.0
911,558,12.0
911,604,18.0
911,616,20.0
911,641,10.0
911,680,2069.0
911,688,10.0
911,811,8.0
911,883,12.0
911,893,32.0
911,930,10.0
911,934,10.0
911,951,10.0
911,1011,10.0
911,1022,21.4
911,1072,10.0
911,1088,12.0
911,1120,21.4
911,1194,34.0
911,1196,10.0
911,1259,10.0
911,1281,10.0
911,1322,11.0
912,13,1182.72
912,146,12.0
912,247,695.8
912,371,10.0
912,614,41.0
912,669,7276.84
912,739,28.0
912,846,10.0
912,1050,3.0
912,1197,10.0
912,1304,19.6
912,1316,689.0
914,61,10.0
914,229,26.42
914,405,10.0
914,465,21.4
914,569,341.98
914,662,10.0
914,736,10.0
914,753,21.4
914,819,477.22
914,830,20.0
914,883,21.4
914,982,13.0
914,1001,15.0
914,1062,81.0
914,1098,19.6
914,1117,8844.98
914,1168,62.0
914,1234,10.0
914,1263,45.0
914,1269,74.0
914,1320,10.0
914,1341,28.0
915,9,11.0
915,103,10.0
915,322,19.6
915,351,241.0
915,450,10.0
915,465,53.84
915,713,5265.62
915,809,400.0
915,865,368.48
915,883,21.4
915,963,23.0
915,1143,219.0
915,1168,11.0
916,120,49.0
916,167,14.0
916,617,33.0
916,679,31.0
916,752,23.0
916,849,10744.060000000001
916,981,38.0
916,984,66.0
916,1270,3.0
916,1299,49.0
918,51,357.0
918,307,216.0
918,351,21.4
918,599,24.0
918,776,10.0
918,835,440.0
918,867,6.0
918,965,180.0
918,1127,16.0
918,1239,10.0
918,1254,3171.44
918,1292,526.0
918,1314,401.0
919,17,6.42
919,64,27.0
919,74,10.0
919,85,10.0
919,183,52.6
919,201,21.4
919,395,6.0
919,434,10.0
919,598,10.0
919,727,14.0
919,761,10.0
919,768,42.0
919,771,10.0
919,775,10.0
919,802,30.0
919,834,113.0
919,867,18.0
919,874,14.0
919,988,10.0
919,994,152.0
919,1043,30.0
919,1044,10.0
919,1076,15.0
919,1093,15.0
919,1106,10.0
920,312,3.0
920,336,23.0
920,407,544.0
920,453,20.0
920,553,3.0
920,601,10.0
920,674,10.0
920,872,3.0
920,895,10.0
920,1019,16.0
920,1204,10612.7
920,1253,8.0
920,1256,10.0
920,1319,10.0
921,84,14.0
921,157,132.0
921,225,10.0
921,251,10.0
921,274,10246.86
921,303,90.0
921,368,10.0
921,379,67.6
921,412,648.0
921,440,341.0
921,521,3.0
921,569,17.0
921,584,47.0
921,795,10.0
921,800,3161.0
921,868,106.0
921,883,74.0
921,901,12.0
921,905,3.0
921,924,10.0
921,982,23.0
921,1006,37.0
921,1193,10.0
921,1323,42.8
922,163,10.0
922,283,52.0
922,330,29.0
922,377,46.0
922,386,13.0
922,424,13.0
922,463,10.0
922,488,39.0
922,551,10.0
922,588,52.0
922,615,10.0
922,737,10.0
922,772,10.0
922,797,20.0
922,1003,10.0
922,1331,10.0
923,142,11.0
923,337,15.0
923,397,51.0
923,543,459.0
923,639,23.0
923,678,10.0
923,679,10.0
923,684,20.0
923,685,45.0
923,862,9.0
923,892,2490.8
923,1016,74.0
923,1038,10.0
923,1063,10.0
923,1090,12.0
923,1129,473.0
923,1165,10.0
923,1169,20.0
923,1185,16.0
923,1268,17.0
923,1274,55.0
923,1332,54.0
924,84,10.0
924,119,10.0
924,272,11.0
924,322,18.0
924,569,17.0
924,662,21.0
924,731,19.0
924,779,10.0
924,809,10.0
924,921,10.0
924,973,10.0
924,1026,38.0
924,1113,3.0
924,1120,10.0
924,1269,59.0
924,1335,10925.1
925,3,10.0
925,113,226.0
925,114,10.0
925,121,19.0
925,181,6.0
925,295,11.0
925,304,6.0
925,352,316.0
925,353,10.0
925,395,28.0
925,477,38.0
925,479,108.0
925,486,49.0
925,500,87.0
925,698,1203.0
925,711,453.0
925,797,10.0
925,798,399.0
925,799,10.0
925,941,10.0
925,953,10.0
925,989,134.0
925,1044,10.0
925,1060,12.0
925,1164,10.0
925,1197,10.0
925,1199,484.0
926,582,23.0
926,639,29.0
926,654,957.6
926,683,21.4
926,699,26.0
926,804,74.0
926,972,10.0
926,1003,42.0
926,1074,13.0
926,1150,21.4
926,1252,10.0
926,1265,12.0
926,1270,869.0
926,1287,1311.0
926,1310,38.0
928,101,32.0
928,104,40.0
928,121,24.0
928,122,15.0
928,151,467.0
928,194,349.0
928,208,13.0
928,237,23.0
928,246,10.0
928,300,10.0
928,311,102.0
928,340,14.0
928,347,10.0
928,351,9.0
928,352,10.0
928,483,24.0
928,542,10.0
928,818,28.0
928,889,13.0
928,1002,10.0
928,1013,3.0
928,1027,10921.1
928,1131,17.0
928,1179,1214.0
928,1210,10.0
930,3,10.0
930,63,76.0
930,101,10.0
930,121,1121.0
930,215,10.0
930,347,10.0
930,353,23.0
930,594,10578.1
930,616,11.0
930,646,10.0
930,665,12.0
930,701,10.0
930,710,10.0
930,735,10.0
930,754,14.0
930,768,20.0
930,802,10.0
930,810,10.0
930,873,10.0
930,911,10.0
930,958,10.0
930,994,10.0
930,1013,25.0
930,1154,10.0
930,1167,231.0
930,1197,24.0
931,164,10293.28
931,328,10.0
931,555,24.0
931,571,13.0
931,610,1972.0
931,700,10.0
931,751,10.0
931,760,1854.0
931,782,6.0
931,877,1840.0
931,993,11.0
931,1007,16.0
931,1022,51.36
931,1084,3.0
931,1109,3.0
931,1113,10.0
931,1139,33.0
931,1209,7.0
931,1263,32.0
931,1269,22.0
931,1322,21.0
932,5,841.0
932,7,17.0
932,18,10.0
932,70,10.0
932,130,38.0
932,256,10.0
932,290,10940.74
932,337,18.0
932,354,10.0
932,428,61.0
932,823,10.0
932,831,23.0
932,962,10.0
932,1039,6.0
932,1158,21.4
932,1184,10.0
932,1223,20.0
932,1317,501.0
932,1331,428.0
933,39,5086.36
933,814,10.0
933,1285,10.0
934,1,10.0
934,58,3.0
934,123,45.0
934,434,13.0
934,436,3.0
934,460,16.0
934,461,70.0
934,525,11.0
934,526,27.0
934,723,10019.96
934,809,10.0
934,911,10.0
934,959,10.0
934,964,10.0
934,1199,21.0
934,1266,84.0
935,23,19.6
935,49,6.0
935,225,10.0
935,247,57.0
935,552,10.0
935,568,57.0
935,610,10.0
935,611,9911.5
935,642,148.0
935,663,10.0
935,704,164.0
935,712,16.0
935,738,6.0
935,753,21.4
935,760,10.0
935,812,10.0
935,818,192.0
935,819,10.0
935,821,39.0
935,824,12.0
935,883,49.56
935,893,200.0
935,901,10.0
935,903,10.0
935,950,31.0
935,951,10.0
935,968,10.0
935,993,10.0
935,994,10.0
935,1007,8.0
935,1017,21.4
935,1018,20.0
935,1117,38.52
935,1120,51.0
935,1136,14.0
935,1206,7.0
935,1215,21.4
937,83,266.0
937,153,21.4
937,276,16.0
937,407,10.0
937,423,404.46
937,433,10.0
937,577,18.0
937,614,10.0
937,657,21.4
937,819,21.4
937,844,306.0
937,955,29.0
937,983,11.0
937,1008,19.6
937,1010,10.0
937,1059,10.0
937,1075,232.0
937,1091,60.0
937,1098,9771.46
937,1126,10.0
937,1191,10.0
937,1217,10.0
937,1262,10.0
937,1277,126.0
937,1325,10.0
937,1354,22.0
939,4,21.0
939,40,92.0
939,52,27.0
939,272,7.0
939,314,88.0
939,585,10.0
939,622,10.0
939,727,10.0
939,803,396.0
939,812,32.1
939,860,10.0
939,949,10366.76
939,970,21.4
939,978,1160.0
939,993,74.0
939,998,10.0
939,1033,21.4
939,1156,4.0
939,1281,10.0
939,1289,21.4
940,21,60.0
940,90,4694.26
940,94,4647.26
940,149,41.16
940,163,4235.26
940,170,14.0
940,283,10.0
940,326,6.0
940,327,6.0
940,342,68.48
940,344,14.0
940,374,35.0
940,401,3515.48
940,518,50.0
940,619,54.0
940,638,1685.8
940,759,4633.26
940,838,445.0
940,890,402.0
940,947,4696.26
940,1120,10.0
940,1236,18.0
940,1305,2084.92
940,1356,4443.26
941,58,10.0
941,118,10.0
941,124,206.0
941,129,479.0
941,141,91.0
941,178,14.0
941,199,45.0
941,299,3.0
941,395,10.0
941,402,10.0
941,483,18.0
941,867,14.0
941,925,10.0
941,994,10.0
941,1124,10.0
942,10,5.0
942,73,12.0
942,146,44.0
942,274,65.0
942,323,18.0
942,450,10.0
942,521,10.0
942,563,136.0
942,838,10.0
942,868,228.0
942,890,87.0
942,891,142.0
942,902,10107.58
942,998,10.0
942,1006,42.0
942,1109,10.0
942,1222,62.0
942,1255,10.0
942,1284,16.0
942,1309,10.0
942,1349,14.0
943,4,19.0
943,164,5.0
943,297,27.0
943,521,31.0
943,586,16.0
943,587,10.0
943,611,20.0
943,637,46.0
943,642,13.0
943,651,12.0
943,731,1894.0
943,738,53.0
943,757,10.0
943,779,86.0
943,1018,10.0
943,1057,62.0
943,1084,8847.72
943,1120,29.0
943,1129,11.0
943,1136,10.0
943,1233,15.0
943,1281,10.0
943,1285,10.0
943,1323,10.0
944,8,10.0
944,201,61.0
944,239,10.0
944,506,3724.72
944,606,10.0
944,701,10.0
944,776,183.0
944,810,208.0
944,970,12.0
944,976,10.0
944,1034,10.0
944,1115,10.0
945,19,642.0
945,50,11.0
945,51,507.0
945,64,10.0
945,114,10.0
945,127,35.480000000000004
945,188,91.0
945,239,10.0
945,333,3.0
945,341,16.0
945,351,13.0
945,380,18.0
945,387,21.4
945,467,206.0
945,485,3.0
945,502,17.0
945,506,20.0
945,524,10.0
945,540,36.0
945,542,10.0
945,564,10.0
945,592,10.0
945,680,19.0
945,711,7.0
945,768,76.0
945,810,54.0
945,968,466.0
945,970,10669.3
945,988,12.0
945,1130,10.0
945,1159,39.0
945,1259,33.0
946,103,13.0
946,164,212.0
946,176,15.0
946,552,10849.1
946,645,10.0
946,690,10.0
946,736,25.0
946,893,10.0
946,896,3.0
946,978,10.0
946,1146,21.4
946,1156,19.6
946,1241,21.4
946,1323,10.0
946,1351,10.0
947,90,3799.3799999999997
947,94,4660.26
947,150,6.0
947,163,4683.3
947,193,4652.48
947,283,40.0
947,342,38.52
947,344,10.0
947,374,10.0
947,377,1011.0
947,401,1494.48
947,447,17.0
947,483,10.0
947,759,4640.26
947,857,21.4
947,881,4.0
947,940,4696.26
947,1035,7.0
947,1356,4459.780000000001
948,251,10.0
948,368,10.0
948,466,3.0
948,860,6.0
948,1284,51.0
948,1320,10311.16
949,302,1124.0
949,314,14.0
949,585,10.0
949,727,10.0
949,803,427.0
949,939,10366.76
949,1109,10.0
949,1226,10.0
949,1234,21.4
949,1241,19.6
949,1358,10.0
950,49,49.0
950,209,10.0
950,265,10.0
950,302,10.0
950,343,822.0
950,568,10.0
950,611,42.0
950,623,7.0
950,642,43.0
950,647,60.0
950,672,61.0
950,704,54.0
950,863,22.0
950,903,31.0
950,905,13.0
950,935,31.0
950,979,10.0
950,987,10.0
950,1007,43.0
950,1064,21.4
950,1111,14.0
950,1118,32.0
950,1153,25.68
950,1161,18.0
950,1222,22.0
950,1315,21.4
951,204,19.6
951,222,20.0
951,225,21.4
951,232,20.0
951,271,10.0
951,466,10.0
951,569,12.0
951,604,12.0
951,632,38.0
951,656,10.0
951,860,10.0
951,877,10.0
951,893,10417.14
951,901,26.0
951,911,10.0
951,935,10.0
951,978,21.4
951,993,26.0
951,1076,10.0
951,1146,10.0
951,1156,12.0
951,1269,10.0
951,1304,10.0
953,11,10.0
953,17,10.0
953,32,22.0
953,172,10.0
953,220,10.0
953,275,76.0
953,351,11.0
953,411,11.0
953,459,566.0
953,481,10.0
953,497,356.0
953,507,10.0
953,592,10.0
953,616,10.0
953,625,17.0
953,649,10.0
953,682,10.0
953,767,10.0
953,771,10.0
953,798,10.0
953,803,147.0
953,825,29.4
953,874,36.0
953,889,43.0
953,925,10.0
953,988,22.0
953,1028,10.0
953,1106,10924.1
953,1111,13.0
953,1124,27.0
953,1144,111.0
953,1179,12.0
954,337,12.0
954,496,3.0
954,699,10.0
954,735,10.0
954,972,9660.34
954,1038,58.0
954,1211,10.0
954,1228,10.0
955,259,37.0
955,318,2844.0
955,339,161.0
955,420,10.0
955,673,11.0
955,885,23.0
955,937,29.0
955,995,10.7
955,1102,223.0
955,1354,12.0
956,22,133.0
956,104,10.0
956,158,34.0
956,192,28.0
956,201,18.0
956,255,10.0
956,322,535.0
956,467,11.0
956,485,10.0
956,509,17.0
956,569,584.0
956,592,6144.08
956,964,40.0
956,970,20.0
956,988,81.0
956,1121,10.0
956,1145,12.0
956,1196,10.0
957,379,10.0
957,450,10.0
957,499,10.0
957,530,10.0
957,610,31.0
957,749,15.0
957,760,16.0
957,1079,10.0
957,1139,10629.82
958,3,495.0
958,36,140.0
958,50,12.0
958,63,10.0
958,104,10.0
958,122,21.4
958,129,12.0
958,186,37.0
958,275,8.0
958,295,14.0
958,353,285.0
958,375,197.0
958,387,10.0
958,451,150.0
958,525,21.4
958,526,60.0
958,616,10.0
958,646,3.0
958,652,108.0
958,680,26.0
958,701,335.0
958,710,432.0
958,721,74.0
958,723,12.0
958,734,10.0
958,748,454.0
958,761,10.0
958,803,200.0
958,884,8695.94
958,930,10.0
958,959,67.0
958,989,10.0
958,1011,90.0
958,1167,10.0
959,14,10.0
959,32,18.0
959,50,7.0
959,104,10.0
959,127,18.0
959,183,5.0
959,220,3.0
959,263,13.0
959,275,10633.28
959,325,11.0
959,364,16.0
959,385,10.0
959,387,1170.0
959,509,18.0
959,526,1526.96
959,536,21.4
959,544,10.0
959,616,10.0
959,666,11.0
959,675,482.0
959,721,34.0
959,723,46.0
959,789,693.0
959,934,10.0
959,958,67.0
959,1064,3.0
959,1106,10.0
959,1199,10.0
959,1359,3.0
960,99,10.0
960,123,22.0
960,141,10.0
960,143,39.0
960,199,456.0
960,209,3.0
960,255,374.0
960,311,30.0
960,321,21.0
960,352,10.0
960,380,10.0
960,402,10.0
960,469,14.0
960,482,224.0
960,483,43.0
960,485,66.0
960,503,33.0
960,693,7.0
960,751,44.0
960,770,10428.86
960,883,447.0
960,904,43.0
960,1042,3.0
960,1101,126.0
960,1124,43.0
960,1127,10.0
960,1187,78.0
960,1197,52.0
961,130,21.4
961,139,4.0
961,232,10.0
961,322,21.4
961,368,10.0
961,461,298.0
961,472,19.0
961,588,59.0
961,838,10.0
961,865,4.0
961,903,10.0
961,906,10.0
961,1255,3.0
961,1266,423.0
961,1344,10.0
962,64,111.0
962,116,179.0
962,133,30.0
962,137,27.0
962,218,30.0
962,429,13.0
962,453,10.0
962,593,63.0
962,699,26.0
962,772,22.0
962,801,16.0
962,813,25.0
962,829,10.0
962,932,10.0
962,1102,11.0
962,1151,35.0
962,1158,10737.74
962,1307,86.0
962,1318,16.0
962,1343,17.0
962,1360,70.0
963,23,10.0
963,47,10.0
963,126,10.0
963,132,10.0
963,142,104.0
963,187,10.0
963,189,10.0
963,213,10.0
963,298,10.0
963,403,12.0
963,423,67.0
963,431,36.0
963,494,132.0
963,546,7.0
963,551,10.0
963,615,10.0
963,655,37.0
963,732,10.0
963,764,12.0
963,842,10.0
963,856,43.0
963,910,67.0
963,915,23.0
963,990,10.0
963,995,50.0
963,1019,10.0
963,1059,21.4
963,1126,23.0
963,1184,4.0
963,1214,33.0
963,1245,242.0
963,1248,10.0
963,1277,10.0
963,1319,10.0
963,1331,10.0
963,1354,10.0
964,50,27.0
964,190,3.0
964,219,48.0
964,275,21.0
964,417,11.0
964,460,49.0
964,666,38.0
964,723,40.0
964,934,10.0
964,956,40.0
964,989,34.0
964,1225,10.0
965,29,16.0
965,32,42.0
965,113,10.0
965,124,40.0
965,172,10.0
965,178,34.0
965,275,11.0
965,299,10.0
965,307,513.0
965,347,384.0
965,352,10.0
965,507,309.0
965,537,46.0
965,542,92.0
965,701,35.0
965,710,70.0
965,825,458.0
965,889,22.0
965,918,180.0
965,1027,18.0
965,1292,10889.42
966,7,34.0
966,12,100.0
966,55,105.0
966,91,10.0
966,132,10.0
966,218,32.0
966,354,39.0
966,400,7418.26
966,428,100.0
966,508,106.0
966,555,49.0
966,556,65.0
966,609,10.0
966,614,26.0
966,644,102.0
966,675,3.0
966,737,52.0
966,769,52.0
966,992,65.0
966,1091,239.0
966,1172,27.0
966,1357,10.0
967,153,10.0
967,285,11.0
967,392,10.0
967,403,10.0
967,523,86.0
967,546,15.0
967,562,192.0
967,630,10.0
967,706,10.0
967,790,10.0
967,823,10.0
967,856,23.52
967,861,358.0
967,885,7947.280000000001
967,1010,10.0
967,1033,29.0
967,1055,12.0
967,1059,15.0
967,1125,10.0
967,1200,10.0
967,1220,39.0
967,1247,10.0
967,1317,28.0
967,1319,10.0
967,1338,10.0
968,34,14.0
968,45,758.26
968,80,549.0
968,87,19.0
968,123,10.0
968,141,21.4
968,151,905.0
968,185,10.0
968,190,11.0
968,215,10.0
968,220,10.0
968,273,26.0
968,300,11.0
968,307,10.0
968,321,171.0
968,417,10.0
968,455,3.0
968,467,9702.66
968,485,3509.44
968,532,24.0
968,649,447.0
968,694,97.0
968,715,89.0
968,727,593.0
968,735,415.68
968,818,15.0
968,904,14.0
968,935,10.0
968,945,466.0
968,970,590.0
968,997,10.0
968,1035,10.0
968,1094,13.0
968,1101,147.0
968,1131,10.0
968,1167,10.0
968,1187,21.0
968,1225,10.0
968,1340,15.0
969,337,27.0
969,356,10.0
969,406,10.0
969,492,303.0
969,517,10.0
969,553,67.0
969,683,10.0
969,728,330.0
969,752,10.0
969,796,10.0
969,929,10.0
969,975,4.0
969,1049,22.0
969,1058,6.0
969,1110,21.4
969,1169,20.0
969,1181,513.0
969,1211,819.0
969,1237,23.0
969,1265,10.0
969,1290,19.0
969,1299,1398.0
970,19,654.0
970,50,50.0
970,51,225.0
970,215,10.0
970,239,6.0
970,341,10.0
970,351,36.0
970,451,15.0
970,467,96.0
970,506,10.0
970,536,10.0
970,540,21.0
970,542,10.0
970,616,10.0
970,710,10.0
970,711,63.0
970,768,70.0
970,803,10.0
970,810,171.0
970,852,92.02
970,939,21.4
970,944,12.0
970,945,10669.3
970,956,20.0
970,968,590.0
970,988,11.0
970,1106,10.0
970,1159,75.0
970,1187,10.0
970,1211,17.0
970,1273,10.0
970,1308,4.0
970,1359,29.0
971,3,10.0
971,32,47.0
971,63,10700.26
971,104,286.0
971,118,3.0
971,246,10.0
971,311,10.0
971,665,255.0
971,677,30.0
971,756,10.0
971,797,10.0
971,802,10.0
971,835,10.0
971,904,3.0
971,994,44.0
971,1002,463.0
971,1011,10.0
971,1130,6.0
971,1132,492.0
971,1154,345.0
971,1362,10.0
972,101,11.0
972,298,10.0
972,421,10.0
972,453,15.0
972,456,3.0
972,596,10.0
972,684,4.0
972,692,10.0
972,735,53.0
972,818,7.0
972,845,12.0
972,926,10.0
972,954,9660.34
972,1145,33.0
972,1162,117.0
972,1299,16.0
973,188,366.0
973,295,10.0
973,581,10.0
973,658,10.0
973,767,14.0
973,924,10.0
973,1258,9822.16
973,1296,10.0
973,1319,1962.0
973,1359,24.0
974,393,10787.54
974,404,6.0
974,539,10.0
974,643,15.0
974,796,836.0
974,899,19.6
974,1165,10.0
974,1181,10.0
974,1246,35.0
976,17,10.0
976,34,10.0
976,60,1118.0
976,195,25.0
976,237,12.0
976,241,11.0
976,340,14.0
976,352,69.0
976,395,10.0
976,405,10.0
976,469,11.0
976,483,12.0
976,500,93.0
976,503,10694.1
976,506,18.0
976,524,21.0
976,531,10.0
976,537,10.0
976,594,10.0
976,649,24.0
976,665,21.4
976,748,10.0
976,806,10.0
976,851,15.0
976,889,26.0
976,944,10.0
976,997,25.0
976,1124,18.0
976,1131,45.0
976,1239,51.0
977,15,10.0
977,78,10855.1
977,177,100.0
977,406,552.72
977,448,32.0
977,454,27.0
977,456,3.0
977,674,7.0
977,804,10.0
977,1038,10.0
977,1145,22.0
977,1290,587.0
978,40,14.0
978,103,10.0
978,117,10.0
978,209,10.0
978,222,10.0
978,229,10.0
978,328,11.0
978,371,26.0
978,379,16.0
978,504,10.0
978,602,10.0
978,604,10.0
978,626,86.0
978,672,30.0
978,791,10.0
978,830,10.0
978,893,30.0
978,939,1160.0
978,946,10.0
978,951,21.4
978,998,67.0
978,1072,56.0
978,1129,10449.82
978,1201,30.0
978,1203,29.0
978,1241,3.0
978,1295,10.0
978,1315,3.0
978,1323,96.0
978,1351,449.0
979,343,10.0
979,375,60.0
979,398,13.0
979,625,10.0
979,726,43.12
979,744,39.0
979,808,77.0
979,859,11.0
979,863,14.0
979,905,10.0
979,950,10.0
979,999,10313.1
979,1252,46.0
979,1284,10.0
979,1305,75.0
979,1341,10.0
981,78,3.0
981,120,10.0
981,128,27.0
981,131,93.0
981,457,10.0
981,458,15.0
981,508,27.0
981,535,133.0
981,600,27.0
981,617,16.0
981,813,10.0
981,849,21.0
981,862,51.0
981,882,11.0
981,916,38.0
981,984,2909.0
981,992,17.0
981,1033,215.0
981,1039,55.0
981,1069,512.0
981,1189,10312.1
981,1190,67.0
981,1200,16.0
981,1245,13.0
981,1311,60.0
982,306,51.0
982,319,17.0
982,568,16.0
982,605,18.0
982,672,10.0
982,712,16.0
982,736,9532.0
982,792,18.0
982,795,3.0
982,830,10.0
982,901,25.0
982,914,13.0
982,921,23.0
982,1096,78.0
982,1105,89.0
982,1258,10.0
982,1302,11.0
982,1335,10.0
982,1341,45.0
982,1342,43.0
983,320,16.0
983,470,11.0
983,648,12.0
983,887,14.0
983,936,12.0
983,937,11.0
983,1090,3.0
983,1108,3.0
983,1198,5318.2
983,1228,14.0
983,1271,6.0
983,1279,10.0
984,37,32.0
984,47,19.6
984,96,10.0
984,100,25.0
984,112,82.0
984,131,64.0
984,167,95.0
984,305,10.0
984,457,67.0
984,487,91.0
984,511,18.0
984,516,64.0
984,546,10.0
984,559,10.0
984,627,10.0
984,679,60.0
984,765,3.0
984,836,30.0
984,849,119.0
984,899,21.0
984,916,66.0
984,981,2909.0
984,1033,118.0
984,1069,8025.18
984,1090,15.0
984,1184,10.0
984,1189,2447.0
984,1204,10.0
984,1205,10.0
984,1247,10.0
984,1250,10.0
984,1357,130.0
984,1363,10.0
986,138,10.0
986,406,16.0
986,702,41.0
986,733,2567.0
986,804,184.0
986,828,10.0
986,1003,90.0
986,1049,264.0
986,1058,10.0
986,1074,192.0
986,1162,217.0
986,1310,77.0
986,1328,10683.58
986,1350,10.0
987,56,10.0
987,186,31.0
987,316,10.0
987,331,6592.84
987,384,21.0
987,388,27.0
987,504,12.0
987,531,10.0
987,598,10.0
987,624,69.0
987,661,33.0
987,734,6.0
987,845,26.0
987,871,17.0
987,950,10.0
987,991,37.0
987,1281,11.0
987,1316,31.0
988,76,11.0
988,215,331.0
988,237,13.0
988,268,210.0
988,300,258.0
988,307,40.0
988,460,13.0
988,497,10.0
988,525,36.0
988,544,330.0
988,646,26.0
988,693,11.0
988,694,21.4
988,751,10.0
988,771,266.0
988,818,10390.12
988,904,175.0
988,919,10.0
988,945,12.0
988,953,22.0
988,956,81.0
988,970,11.0
988,1106,10.0
988,1115,10.0
988,1164,3.0
988,1210,10.0
989,29,10.0
989,50,1319.0
989,113,81.0
989,132,20.0
989,143,10.0
989,241,10.0
989,275,13.0
989,291,62.0
989,298,17.0
989,299,10.0
989,460,19.0
989,482,10.0
989,483,10.0
989,500,13.0
989,503,10.0
989,525,23.0
989,647,10.0
989,666,27.0
989,682,10.0
989,723,10.0
989,889,10.0
989,925,134.0
989,958,10.0
989,964,34.0
989,1101,21.0
989,1154,10.0
989,1164,125.0
989,1197,196.0
989,1259,10547.3
990,91,10.0
990,96,10.0
990,116,10.0
990,132,10.0
990,238,6.0
990,269,10.0
990,270,10.0
990,318,30.0
990,438,17.0
990,444,10.0
990,508,81.0
990,559,61.0
990,560,10.0
990,580,54.0
990,726,10.0
990,737,10.0
990,790,39.0
990,861,10.0
990,963,10.0
990,1126,14.0
990,1317,75.0
990,1325,1652.0
990,1331,84.0
990,1338,398.0
990,1355,9684.880000000001
991,186,54.0
991,331,24.0
991,384,6565.04
991,388,42.0
991,624,44.0
991,661,51.0
991,830,10.0
991,845,30.0
991,987,37.0
991,1201,515.0
991,1316,847.0
991,1323,527.0
992,55,55.0
992,298,21.0
992,407,12.0
992,433,7.0
992,548,3.0
992,555,110.0
992,589,9529.14
992,644,31.0
992,670,55.0
992,720,3.0
992,737,177.0
992,801,10.0
992,805,23.0
992,966,65.0
992,975,10.0
992,981,17.0
992,1104,10.0
992,1232,10.0
992,1253,201.0
993,23,214.0
993,225,3.0
993,412,17.0
993,563,1630.64
993,584,10.0
993,585,12.0
993,704,10.0
993,729,10.0
993,753,21.4
993,859,10.0
993,877,10.0
993,890,10.0
993,903,10.0
993,931,11.0
993,935,10.0
993,939,74.0
993,951,26.0
993,1001,10.0
993,1006,11.0
993,1281,10.0
994,51,10.0
994,151,13.0
994,195,3.0
994,340,10.0
994,395,10.0
994,754,10.0
994,770,10.0
994,802,10113.18
994,919,152.0
994,930,10.0
994,935,10.0
994,941,10.0
994,971,44.0
994,1127,13.0
994,1154,11.0
994,1286,10.0
995,166,59.0
995,192,31.4
995,267,11.0
995,269,10.0
995,324,10.0
995,355,10.0
995,360,21.4
995,396,45.0
995,403,11.0
995,410,13.0
995,513,16.0
995,548,10.0
995,555,10.0
995,566,21.4
995,574,29.0
995,577,22.0
995,591,17.12
995,627,15.0
995,673,10495.3
995,687,11.0
995,790,22.0
995,820,30.0
995,955,10.7
995,963,50.0
995,1019,87.0
995,1033,20.0
995,1080,10.0
995,1217,10.0
995,1250,11.76
995,1277,14.0
995,1353,20.0
995,1355,10.0
997,113,10.0
997,114,10.0
997,190,10.0
997,195,10.0
997,241,38.0
997,255,3.0
997,291,15.0
997,388,30.0
997,485,18.0
997,503,69.0
997,537,14.0
997,649,1736.88
997,748,10.0
997,758,10736.380000000001
997,827,10.0
997,867,37.0
997,968,10.0
997,976,25.0
997,1076,10.0
997,1088,13.0
998,52,15.0
998,61,31.0
998,97,10.0
998,191,28.0
998,328,12.0
998,499,10.0
998,571,14.0
998,610,10.0
998,713,15.0
998,727,10.0
998,737,10.0
998,760,13.0
998,830,10.0
998,877,15.0
998,891,10.0
998,939,10.0
998,942,10.0
998,978,67.0
998,1079,10.0
998,1109,10448.880000000001
998,1140,10.0
998,1156,10.0
998,1203,14.0
998,1316,10.0
999,103,10.0
999,125,10.0
999,251,20.0
999,265,77.0
999,375,10.0
999,465,43.0
999,672,10.0
999,736,10.0
999,744,50.0
999,808,10.0
999,859,19.0
999,863,12.0
999,883,10.0
999,979,10313.1
999,1026,122.0
999,1236,10.0
999,1241,10.0
999,1252,233.0
999,1305,76.0
999,1312,19.0
1000,301,2603.0
1000,339,1025.0
1000,400,10.0
1000,430,3.0
1000,441,10.0
1000,590,5909.96
1000,596,10.0
1000,738,21.4
1000,771,6.0
1000,828,10.0
1000,908,10.0
1000,1119,1405.0
1000,1257,10.0
1000,1272,10.0
1001,61,11078.1
1001,303,58.0
1001,381,29.0
1001,499,23.0
1001,610,8.0
1001,645,10.0
1001,792,21.4
1001,914,15.0
1001,993,10.0
1001,1079,111.0
1001,1080,20.0
1001,1115,10.0
1001,1224,3.0
1001,1304,10.0
1001,1322,10.0
1001,1323,10.0
1002,63,401.0
1002,140,12.0
1002,151,298.0
1002,186,13.0
1002,246,980.0
1002,311,10.0
1002,321,13.0
1002,665,492.0
1002,677,10.0
1002,693,12.0
1002,797,10.0
1002,928,10.0
1002,971,463.0
1002,1127,11.0
1002,1132,10648.34
1002,1154,77.0
1002,1179,10.0
1002,1362,10.0
1003,154,21.4
1003,320,5003.84
1003,418,582.0
1003,421,10.0
1003,617,3.0
1003,639,12.0
1003,648,11.0
1003,683,19.6
1003,740,10.0
1003,804,13.0
1003,817,10.0
1003,854,5.0
1003,858,29.0
1003,887,17.0
1003,922,10.0
1003,926,42.0
1003,986,90.0
1003,1151,4393.12
1003,1228,10.0
1003,1265,6.0
1003,1279,522.0
1003,1290,21.0
1006,10,98.0
1006,41,77.0
1006,73,4740.68
1006,215,10.0
1006,274,135.0
1006,368,10.0
1006,521,226.0
1006,620,230.0
1006,662,375.0
1006,744,464.0
1006,838,10.0
1006,859,381.0
1006,860,3.0
1006,868,34.0
1006,878,43.0
1006,921,37.0
1006,942,42.0
1006,993,11.0
1006,1023,21.0
1006,1222,52.0
1006,1281,124.0
1007,1,56.0
1007,10,10.0
1007,49,10.0
1007,73,10.0
1007,139,10.0
1007,343,10913.1
1007,367,96.0
1007,611,4.0
1007,623,10.0
1007,662,73.0
1007,693,10.0
1007,704,16.0
1007,709,40.0
1007,751,12.0
1007,795,5.0
1007,893,10.0
1007,901,228.0
1007,903,14.0
1007,908,10.0
1007,931,16.0
1007,935,8.0
1007,950,43.0
1007,1064,18.0
1007,1082,10.0
1007,1263,988.0
1007,1285,10.0
1007,1335,10.0
1007,1349,10.0
1008,198,59.0
1008,270,26.0
1008,601,10.0
1008,636,61.0
1008,681,15.0
1008,752,10.0
1008,819,10.0
1008,937,19.6
1008,1012,29.0
1008,1116,28.0
1008,1191,10826.62
1010,132,61.0
1010,144,140.0
1010,197,10.0
1010,259,27.0
1010,339,11.0
1010,386,150.0
1010,415,108.0
1010,441,12.0
1010,494,2219.0
1010,551,14.0
1010,573,10.0
1010,608,10.0
1010,823,17.0
1010,937,10.0
1010,967,10.0
1010,1098,11.0
1010,1102,10.0
1010,1125,40.0
1010,1126,10191.26
1010,1188,10.0
1010,1277,10.0
1010,1278,10.0
1010,1331,10.0
1010,1354,157.0
1011,3,58.0
1011,32,317.0
1011,63,10.0
1011,99,19.0
1011,101,21.0
1011,104,16.0
1011,151,12.0
1011,181,10.0
1011,186,10.0
1011,195,16.0
1011,220,10.0
1011,227,10.0
1011,246,10.0
1011,280,12.0
1011,299,10.0
1011,385,10.0
1011,411,14.0
1011,483,28.0
1011,486,3.0
1011,538,14.0
1011,594,12.0
1011,616,115.0
1011,680,331.0
1011,688,18.0
1011,710,176.0
1011,715,10.0
1011,748,10.0
1011,775,14.0
1011,874,19.0
1011,911,10.0
1011,958,90.0
1011,971,10.0
1011,1021,24.0
1011,1028,10.0
1011,1053,10.0
1011,1154,34.0
1011,1167,10476.619999999999
1011,1256,10.0
1012,120,5.0
1012,218,10.0
1012,520,10708.66
1012,566,10.0
1012,582,10.0
1012,752,16.0
1012,826,12.0
1012,1008,29.0
1012,1191,10.0
1012,1265,29.0
1012,1287,10.0
1012,1298,10.0
1013,14,440.0
1013,118,114.0
1013,141,10.0
1013,176,34.24
1013,295,3.0
1013,388,10.0
1013,455,10.0
1013,646,3.0
1013,811,110.0
1013,852,10239.779999999999
1013,898,10.0
1013,928,3.0
1013,930,25.0
1013,1164,10.0
1016,135,184.0
1016,243,11.0
1016,258,20.0
1016,421,157.0
1016,442,178.0
1016,600,77.0
1016,691,18.0
1016,745,187.0
1016,817,5.0
1016,850,3.0
1016,854,27.0
1016,894,10.0
1016,923,74.0
1016,1038,10.0
1016,1090,10.0
1016,1108,27.0
1016,1123,6.0
1016,1150,10.0
1016,1162,99.0
1016,1175,100.0
1016,1190,226.0
1016,1202,146.0
1016,1206,156.0
1016,1235,121.0
1016,1273,151.0
1016,1279,10.0
1016,1311,221.0
1016,1332,9829.220000000001
1016,1345,10.0
1016,1346,10.0
1017,23,13.0
1017,106,10.0
1017,136,10.0
1017,177,11.0
1017,324,10.0
1017,390,10.0
1017,403,10.0
1017,569,32.0
1017,614,10.0
1017,657,10.0
1017,819,25.68
1017,883,23.54
1017,935,21.4
1017,1075,10.0
1018,49,15.0
1018,225,10.0
1018,306,82.0
1018,568,37.0
1018,584,12.0
1018,586,24.0
1018,611,6.0
1018,637,82.0
1018,662,11.0
1018,731,18.0
1018,868,123.0
1018,935,20.0
1018,943,10.0
1018,1057,10.0
1018,1062,14.0
1018,1120,13.0
1018,1168,10.0
1018,1224,10901.1
1018,1342,55.0
1021,74,24.0
1021,79,10.0
1021,114,76.0
1021,143,1276.04
1021,291,27.0
1021,340,11.0
1021,395,10.0
1021,409,10.0
1021,452,7432.96
1021,532,12.0
1021,564,10.0
1021,616,20.0
1021,679,10.0
1021,711,11.0
1021,733,10.0
1021,771,21.0
1021,776,10.0
1021,871,32.0
1021,898,74.0
1021,1011,24.0
1021,1045,14.0
1021,1154,10.0
1021,1256,1628.0
1021,1274,10.0
1022,4,21.4
1022,9,6.0
1022,13,21.4
1022,41,10.0
1022,117,21.4
1022,154,15.0
1022,215,388.0
1022,229,21.4
1022,272,10.0
1022,275,12.0
1022,315,27.0
1022,466,10.0
1022,533,16.0
1022,626,10.0
1022,656,9.0
1022,693,10.0
1022,704,1562.2
1022,749,10.0
1022,751,20.0
1022,782,18.0
1022,809,10.0
1022,812,21.4
1022,860,12.0
1022,868,12.0
1022,869,10.0
1022,901,16.0
1022,905,10.0
1022,911,21.4
1022,931,51.36
1022,1023,997.24
1022,1026,21.4
1022,1086,509.0
1022,1215,9194.14
1022,1234,618.0
1022,1241,577.0
1022,1263,34.24
1022,1266,15.0
1023,40,34.0
1023,117,10.0
1023,221,10.0
1023,232,197.0
1023,552,10.0
1023,623,10.0
1023,712,10.0
1023,782,10.0
1023,803,50.0
1023,878,5274.26
1023,1006,21.0
1023,1022,997.24
1023,1241,21.4
1023,1263,21.4
1023,1315,4069.96
1024,7,10.0
1024,243,30.0
1024,355,6556.54
1024,516,17.0
1024,617,59.0
1024,687,58.0
1024,720,10.0
1024,1033,33.0
1024,1155,10.0
1024,1190,10.0
1024,1235,10.0
1024,1262,58.0
1026,38,10.0
1026,125,46.0
1026,265,10.0
1026,322,29.0
1026,374,10.0
1026,504,10.0
1026,587,47.0
1026,638,18.0
1026,663,20.0
1026,672,114.0
1026,835,47.0
1026,838,447.0
1026,890,409.0
1026,896,410.0
1026,908,31.4
1026,924,38.0
1026,999,122.0
1026,1022,21.4
1026,1096,9946.1
1026,1111,58.0
1026,1136,10.0
1026,1186,114.0
1026,1222,37.0
1026,1224,13.0
1026,1341,10.0
1027,32,51.0
1027,104,10.0
1027,121,10.0
1027,141,10.0
1027,151,362.0
1027,172,10.0
1027,194,301.0
1027,239,10.0
1027,246,389.0
1027,311,131.0
1027,351,40.0
1027,482,10.0
1027,542,55.0
1027,889,74.0
1027,928,10921.1
1027,965,18.0
1027,1124,10.0
1027,1132,10.0
1027,1179,618.0
1028,11,10.0
1028,30,3134.0
1028,32,24.0
1028,51,11.0
1028,74,10.0
1028,107,58.0
1028,140,10.0
1028,172,60.0
1028,239,6.0
1028,257,10.0
1028,395,10.0
1028,479,18.0
1028,507,58.0
1028,554,5761.26
1028,771,10.0
1028,785,10.0
1028,810,9.0
1028,851,67.0
1028,953,10.0
1028,1011,10.0
1028,1053,394.4
1028,1159,10.0
1033,59,67.0
1033,136,11.0
1033,160,20.0
1033,253,6.42
1033,334,10.0
1033,336,23.0
1033,355,38.0
1033,382,10.0
1033,392,23.0
1033,396,21.0
1033,404,13.0
1033,423,12.0
1033,427,17.0
1033,429,8121.24
1033,492,10.0
1033,516,7.0
1033,523,10.0
1033,546,28.0
1033,548,10.0
1033,559,10.0
1033,591,10.0
1033,673,241.0
1033,789,29.0
1033,939,21.4
1033,967,29.0
1033,981,215.0
1033,984,118.0
1033,995,20.0
1033,1024,33.0
1033,1065,10.0
1033,1069,194.0
1033,1220,122.0
1033,1276,10.0
1034,127,11.0
1034,540,14.0
1034,564,9.0
1034,755,10.0
1034,944,10.0
1034,1077,7.0
1034,1147,9655.14
1034,1286,10.0
1035,64,10.0
1035,348,623.0
1035,471,16.0
1035,881,23.0
1035,892,6.0
1035,947,7.0
1035,968,10.0
1037,66,10.0
1037,102,30.0
1037,130,25.48
1037,133,245.0
1037,160,147.0
1037,184,23.0
1037,213,22.0
1037,229,10.0
1037,288,24.0
1037,318,15.0
1037,335,75.0
1037,354,10.0
1037,394,10.0
1037,400,13.0
1037,404,10.0
1037,438,110.0
1037,439,11.0
1037,444,207.0
1037,513,49.0
1037,609,111.0
1037,627,10.0
1037,697,3.0
1037,841,10.0
1037,885,10.0
1037,1068,3.0
1037,1122,10822.1
1037,1217,451.54
1037,1247,126.0
1038,135,55.0
1038,177,454.0
1038,216,10.0
1038,360,13.0
1038,421,2301.0
1038,519,358.0
1038,745,10.0
1038,828,16.0
1038,842,22.0
1038,892,89.0
1038,899,10.0
1038,923,10.0
1038,954,58.0
1038,977,10.0
1038,1016,10.0
1038,1058,3.0
1038,1108,30.0
1038,1123,2865.0
1038,1169,12.0
1038,1185,10.0
1038,1273,11.0
1038,1332,82.0
1039,5,31.0
1039,47,10.0
1039,88,10.0
1039,100,42.0
1039,167,51.0
1039,258,16.0
1039,335,5498.68
1039,403,19.0
1039,423,10.0
1039,438,10.0
1039,444,16.0
1039,516,23.0
1039,574,16.0
1039,601,4.0
1039,627,38.0
1039,635,19.0
1039,681,6.0
1039,696,14.0
1039,717,14.0
1039,720,10.0
1039,764,10.0
1039,831,54.0
1039,853,100.0
1039,932,6.0
1039,981,55.0
1039,1104,10.0
1039,1200,10.0
1039,1357,2056.0
1041,37,11.0
1041,47,10.0
1041,59,77.0
1041,100,3.0
1041,130,14.0
1041,173,10.0
1041,392,10.0
1041,396,13.0
1041,444,63.0
1041,747,122.0
1041,805,19.0
1041,1059,9734.46
1041,1276,58.0
1042,14,19.6
1042,28,86.0
1042,143,836.72
1042,172,19.6
1042,215,10.0
1042,219,36.0
1042,255,89.0
1042,316,10.0
1042,452,10.0
1042,467,542.72
1042,540,20.0
1042,652,25.0
1042,665,26.0
1042,715,105.84
1042,851,11.0
1042,868,10.0
1042,871,22.0
1042,904,10357.9
1042,908,10.0
1042,960,3.0
1042,1101,10.0
1042,1106,10.0
1042,1127,63.0
1042,1154,11.0
1042,1256,3.0
1043,183,10.0
1043,188,5534.6
1043,483,10.0
1043,666,21.4
1043,834,2497.6
1043,851,23.0
1043,919,30.0
1043,1146,121.0
1043,1226,33.0
1044,8,54.0
1044,36,136.0
1044,141,10.0
1044,209,10.0
1044,240,6.0
1044,246,10.0
1044,452,10.0
1044,479,50.0
1044,486,9.0
1044,598,10.0
1044,771,13.0
1044,773,10.0
1044,834,514.84
1044,874,1129.0
1044,919,10.0
1044,925,10.0
1044,1056,87.0
1044,1076,1190.0
1044,1087,8.0
1044,1179,10.0
1044,1216,10.0
1044,1256,10.0
1044,1351,61.0
1044,1358,25.0
1045,36,61.0
1045,60,10.0
1045,74,21.0
1045,113,10.0
1045,273,10.0
1045,276,10.0
1045,333,10.0
1045,364,49.0
1045,385,1401.0
1045,451,10.0
1045,522,3.0
1045,524,10950.1
1045,538,1424.0
1045,616,20.0
1045,647,10.0
1045,652,53.0
1045,711,10.0
1045,727,21.4
1045,775,61.0
1045,798,10.0
1045,803,28.0
1045,814,17.0
1045,873,206.0
1045,1021,14.0
1045,1161,85.0
1045,1256,19.0
1045,1258,5.88
1045,1296,10.0
1046,91,104.0
1046,96,13.0
1046,116,12.0
1046,133,39.0
1046,173,40.0
1046,192,17.0
1046,210,10.0
1046,218,9975.24
1046,238,10.0
1046,318,54.0
1046,354,14.0
1046,357,10.0
1046,360,4.0
1046,403,57.0
1046,404,3.0
1046,410,10.0
1046,415,10.0
1046,511,22.0
1046,520,10.0
1046,548,38.0
1046,555,89.0
1046,556,10.0
1046,559,30.0
1046,574,14.0
1046,593,51.0
1046,600,11.0
1046,612,31.0
1046,737,144.0
1046,772,10.0
1046,1049,24.0
1046,1125,10.0
1046,1223,97.0
1046,1277,43.0
1046,1307,11.0
1049,78,18.0
1049,177,450.0
1049,216,262.0
1049,266,18.0
1049,296,10.0
1049,520,10.0
1049,539,10.0
1049,654,10.0
1049,676,10.0
1049,679,10.0
1049,719,31.0
1049,969,22.0
1049,986,264.0
1049,1046,24.0
1049,1074,10.0
1049,1102,14.0
1049,1200,10.0
1049,1202,20.0
1049,1246,10.0
1049,1270,10.0
1049,1290,10896.1
1050,912,3.0
1051,385,10.0
1051,531,10.0
1051,538,6.0
1051,632,10765.1
1051,773,3.0
1051,1344,10.0
1052,18,9.0
1052,31,10726.1
1052,106,10.0
1052,112,61.0
1052,171,95.0
1052,184,7.0
1052,269,15.0
1052,276,53.0
1052,337,19.6
1052,407,561.0
1052,589,3.0
1052,1065,5.0
1052,1122,21.4
1052,1245,21.4
1052,1321,94.0
1053,76,10.0
1053,237,10.0
1053,331,10.0
1053,381,10.0
1053,554,9428.1
1053,631,75.0
1053,767,24.0
1053,1011,10.0
1053,1028,394.4
1053,1167,3.0
1055,18,18.0
1055,55,10.0
1055,132,11.0
1055,144,24.0
1055,289,3705.82
1055,407,10.0
1055,420,10.0
1055,644,52.0
1055,967,12.0
1055,1178,10.0
1055,1242,14.0
1055,1325,3460.4
1055,1360,10.0
1057,4,27.0
1057,154,3.0
1057,504,10.0
1057,586,10.0
1057,637,10756.84
1057,731,102.0
1057,738,84.0
1057,792,61.0
1057,943,62.0
1057,1018,10.0
1057,1084,82.0
1057,1120,10.0
1057,1191,10.0
1057,1209,18.0
1057,1224,36.0
1057,1342,15.0
1058,78,365.0
1058,177,121.0
1058,266,20.0
1058,296,16.0
1058,406,10557.54
1058,691,17.0
1058,708,15.0
1058,828,416.0
1058,858,15.0
1058,969,6.0
1058,986,10.0
1058,1038,3.0
1058,1108,463.0
1058,1169,10.0
1058,1237,11.0
1058,1270,3.0
1058,1274,1168.0
1058,1287,16.0
1058,1338,13.0
1059,100,10.0
1059,130,10.0
1059,173,10.0
1059,498,10.0
1059,523,10.0
1059,528,10.0
1059,565,21.4
1059,601,10.0
1059,615,3.0
1059,747,138.0
1059,937,10.0
1059,963,21.4
1059,967,15.0
1059,1041,9734.46
1059,1276,44.0
1060,34,10.0
1060,110,7159.74
1060,122,3.0
1060,275,10.0
1060,455,24.0
1060,525,15.0
1060,581,1648.0
1060,714,785.0
1060,925,12.0
1060,1077,30.0
1060,1154,38.0
1060,1174,19.0
1061,19,10.0
1061,123,31.0
1061,127,65.0
1061,208,18.0
1061,300,21.0
1061,417,47.0
1061,436,181.0
1061,525,10826.1
1061,631,10.0
1061,646,51.0
1061,724,3.0
1061,802,4.0
1061,818,32.0
1061,884,8.0
1061,886,19.6
1061,897,10.0
1061,1199,10.0
1062,125,59.0
1062,221,10.0
1062,314,92.0
1062,450,1141.0
1062,568,10.0
1062,571,14.0
1062,749,36.0
1062,883,10.0
1062,903,10.0
1062,914,81.0
1062,1018,14.0
1062,1082,10.0
1062,1140,10.0
1062,1168,1526.0
1062,1186,10.0
1062,1203,10.0
1063,10,455.0
1063,15,10.0
1063,171,10.0
1063,221,10.0
1063,253,21.0
1063,322,20.0
1063,468,10.0
1063,569,12.0
1063,576,360.0
1063,586,49.0
1063,651,64.0
1063,716,30.0
1063,719,583.0
1063,794,5489.76
1063,863,11.0
1063,866,53.0
1063,896,18.0
1063,923,10.0
1063,1090,316.0
1063,1119,10.0
1063,1273,10.0
1063,1282,10.0
1063,1312,6.0
1063,1352,186.0
1064,9,131.0
1064,40,10.0
1064,162,11.0
1064,232,6.0
1064,272,5.0
1064,294,486.0
1064,374,10.0
1064,402,35.0
1064,499,26.0
1064,531,10.0
1064,558,27.82
1064,604,15.0
1064,812,10722.42
1064,869,30.0
1064,883,82.0
1064,901,14.0
1064,950,21.4
1064,959,3.0
1064,980,13.0
1064,1007,18.0
1064,1082,256.0
1064,1120,10.0
1064,1136,3.0
1064,1221,30.0
1064,1263,21.4
1064,1285,3.0
1064,1344,10.0
1065,55,61.0
1065,91,10.0
1065,136,105.0
1065,160,54.0
1065,276,10.0
1065,336,9459.86
1065,394,15.0
1065,438,21.0
1065,498,6.0
1065,513,19.6
1065,644,21.0
1065,675,40.0
1065,726,10.0
1065,789,36.0
1065,1033,10.0
1065,1052,5.0
1065,1068,24.0
1065,1278,10.0
1066,23,10.0
1066,86,26.0
1066,115,12.0
1066,136,47.0
1066,253,10.0
1066,262,10.0
1066,269,60.0
1066,355,10.0
1066,373,10.0
1066,433,83.0
1066,463,16.0
1066,562,10.0
1066,600,21.0
1066,681,10.0
1066,687,11.0
1066,769,3.0
1066,826,10.0
1066,1250,3.0
1066,1321,93.0
1067,70,177.0
1067,75,105.0
1067,98,23.0
1067,205,36.0
1067,446,57.0
1067,456,68.0
1067,493,3.0
1067,553,18.0
1067,699,36.0
1067,804,10.0
1067,1070,10.0
1067,1107,3.0
1067,1151,10.0
1067,1165,24.0
1067,1175,10287.54
1067,1206,10.0
1067,1262,17.0
1067,1294,121.0
1067,1350,1197.0
1068,89,10.0
1068,96,6.0
1068,120,14.0
1068,167,23.0
1068,184,10.0
1068,357,5931.74
1068,444,15.0
1068,512,10.0
1068,516,18.0
1068,617,59.0
1068,644,10.0
1068,696,3.0
1068,996,4.0
1068,1037,3.0
1068,1065,24.0
1068,1247,17.0
1068,1353,15.0
1068,1357,21.0
1069,16,6.0
1069,91,10.0
1069,112,61.0
1069,167,93.0
1069,192,13.0
1069,245,7.0
1069,324,10.0
1069,337,51.0
1069,439,10.0
1069,513,15.0
1069,516,31.0
1069,545,80.0
1069,546,23.0
1069,627,13.0
1069,655,10.0
1069,670,10.0
1069,705,13.0
1069,717,38.0
1069,764,46.0
1069,885,10.0
1069,981,512.0
1069,984,8025.18
1069,1033,194.0
1069,1125,10.0
1069,1189,29.0
1069,1245,95.0
1069,1298,488.0
1069,1357,118.0
1069,1363,51.0
1070,33,16.0
1070,57,9.0
1070,98,10.0
1070,312,10.0
1070,354,556.0
1070,372,3.0
1070,403,19.0
1070,456,12.0
1070,650,10.0
1070,671,10.0
1070,699,10.0
1070,702,9990.1
1070,719,10.0
1070,819,10.0
1070,854,3.0
1070,1067,10.0
1070,1074,10.0
1070,1223,16.0
1070,1265,10.0
1070,1282,3.0
1070,1299,10.0
1072,103,41.0
1072,154,21.0
1072,361,104.0
1072,369,16.0
1072,588,14.0
1072,760,16.0
1072,821,55.0
1072,911,10.0
1072,978,56.0
1072,1040,10.0
1072,1233,139.0
1072,1305,35.0
1072,1309,19.6
1072,1326,4933.2
1074,15,230.0
1074,205,20.0
1074,424,10.0
1074,458,13.0
1074,639,3.0
1074,648,37.0
1074,684,10.0
1074,699,438.0
1074,702,356.0
1074,719,10.0
1074,778,21.0
1074,796,10.0
1074,817,3.0
1074,822,10.0
1074,850,10.0
1074,858,320.0
1074,887,24.0
1074,926,13.0
1074,986,192.0
1074,1049,10.0
1074,1070,10.0
1074,1090,139.0
1074,1151,260.0
1074,1228,3.0
1074,1279,12.0
1074,1282,14.0
1074,1299,202.0
1074,1311,10.0
1075,53,21.4
1075,115,26.0
1075,144,165.0
1075,187,41.0
1075,213,10.0
1075,253,10.0
1075,259,3.0
1075,288,1380.0
1075,293,8.0
1075,301,1305.38
1075,329,21.4
1075,400,294.0
1075,427,21.4
1075,433,10.0
1075,636,3.0
1075,844,10848.1
1075,937,232.0
1075,1017,10.0
1075,1098,179.0
1075,1319,10.0
1076,1,10.0
1076,8,12.0
1076,34,10.0
1076,328,48.0
1076,347,22.0
1076,469,28.0
1076,479,69.0
1076,598,10.0
1076,811,6.0
1076,874,10321.1
1076,886,10.0
1076,919,15.0
1076,951,10.0
1076,997,10.0
1076,1044,1190.0
1076,1056,40.0
1076,1164,10.0
1076,1167,10.0
1076,1213,14.0
1076,1295,601.0
1076,1351,22.0
1076,1358,37.0
1077,110,20.0
1077,122,10.0
1077,188,18.0
1077,341,10832.9
1077,460,43.0
1077,467,10.0
1077,502,50.0
1077,532,30.0
1077,581,32.0
1077,616,53.0
1077,711,10.0
1077,714,25.0
1077,727,24.0
1077,734,10.0
1077,789,10.0
1077,898,10.0
1077,1034,7.0
1077,1060,30.0
1077,1087,7.0
1077,1174,48.0
1077,1294,31.0
1079,61,23.0
1079,103,38.0
1079,154,100.0
1079,361,10.0
1079,379,10.0
1079,713,1526.0
1079,878,2833.84
1079,957,10.0
1079,998,10.0
1079,1001,111.0
1079,1234,10.0
1079,1309,10.0
1079,1315,234.0
1080,41,19.6
1080,49,10.0
1080,97,2913.0
1080,149,10.0
1080,204,31.0
1080,225,10.0
1080,374,21.0
1080,568,10.0
1080,709,22.0
1080,995,10.0
1080,1001,20.0
1080,1153,43.0
1080,1156,11.0
1082,52,10.0
1082,61,10.0
1082,139,21.4
1082,191,10.0
1082,248,10.0
1082,328,31.0
1082,398,299.0
1082,558,2499.0
1082,651,23.54
1082,751,12.0
1082,791,16.0
1082,1007,10.0
1082,1062,10.0
1082,1064,256.0
1082,1109,13.0
1082,1136,6.0
1082,1153,76.0
1082,1295,3.0
1082,1304,275.0
1084,97,30.0
1084,164,55.0
1084,251,23.0
1084,272,15.0
1084,297,35.0
1084,315,10.0
1084,361,10.0
1084,568,10.0
1084,569,17.0
1084,586,23.0
1084,587,31.0
1084,611,10.0
1084,637,15.0
1084,651,10.0
1084,716,19.0
1084,731,78.0
1084,738,98.0
1084,782,10.0
1084,931,3.0
1084,943,8847.72
1084,1057,82.0
1084,1096,3.0
1084,1136,10.0
1084,1233,16.0
1084,1312,10.0
1084,1358,21.4
1087,34,21.0
1087,87,19.6
1087,122,3.0
1087,176,41.16
1087,188,28.0
1087,387,19.0
1087,417,21.4
1087,434,26.0
1087,455,466.58000000000004
1087,459,10.0
1087,522,20.0
1087,554,3.0
1087,616,10.0
1087,711,10.0
1087,767,10.0
1087,797,10.0
1087,798,16.0
1087,1044,8.0
1087,1077,7.0
1087,1094,19.6
1087,1259,10.0
1088,101,10.0
1088,123,10.0
1088,140,9143.18
1088,241,1292.0
1088,280,5.0
1088,291,50.0
1088,353,423.0
1088,486,15.0
1088,522,10.0
1088,537,10.0
1088,540,14.0
1088,594,10.0
1088,616,131.0
1088,692,22.0
1088,701,16.0
1088,710,11.0
1088,715,12.0
1088,755,10.0
1088,871,24.0
1088,911,12.0
1088,997,13.0
1088,1094,376.0
1088,1101,10.0
1088,1196,10.0
1088,1286,18.0
1088,1362,22.0
1089,161,13.0
1089,244,10.0
1089,1169,492.0
1090,10,10.0
1090,75,10.0
1090,205,10.0
1090,296,384.0
1090,338,3.0
1090,458,274.0
1090,576,15.0
1090,679,88.0
1090,699,440.0
1090,719,9432.02
1090,887,120.0
1090,923,12.0
1090,983,3.0
1090,984,15.0
1090,1016,10.0
1090,1063,316.0
1090,1074,139.0
1090,1148,10.0
1090,1206,10.0
1090,1274,3.0
1090,1290,42.0
1091,12,133.0
1091,23,10.0
1091,55,116.0
1091,96,10.0
1091,130,34.0
1091,187,20.0
1091,276,10.0
1091,285,9564.3
1091,288,162.0
1091,386,25.0
1091,396,135.0
1091,438,39.0
1091,508,1883.0
1091,556,184.0
1091,574,10.0
1091,580,40.0
1091,644,49.0
1091,726,23.0
1091,753,10.0
1091,765,13.0
1091,769,45.0
1091,790,13.0
1091,937,60.0
1091,966,239.0
1091,1125,10.0
1091,1177,10.0
1091,1217,19.0
1091,1253,10.0
1091,1331,10.0
1093,30,10.0
1093,118,11.0
1093,219,10.0
1093,239,10.0
1093,631,15.0
1093,700,10787.1
1093,919,15.0
1094,51,10.0
1094,107,43.0
1094,208,63.0
1094,241,10.0
1094,300,6.0
1094,353,10.0
1094,479,10.0
1094,507,21.4
1094,595,29.0
1094,599,475.0
1094,715,19.6
1094,724,118.0
1094,727,190.0
1094,735,135.0
1094,761,85.0
1094,835,29.0
1094,904,771.0
1094,968,13.0
1094,1087,19.6
1094,1088,376.0
1096,13,11.0
1096,117,3.0
1096,155,10.0
1096,221,10.0
1096,315,10.0
1096,343,3.0
1096,405,11.0
1096,680,51.0
1096,736,63.0
1096,812,10.0
1096,908,10.0
1096,982,78.0
1096,1026,9946.1
1096,1084,3.0
1096,1221,26.0
1096,1241,14.0
1096,1252,33.0
1096,1303,13.0
1096,1305,10.0
1096,1322,10.0
1096,1341,4088.0
1098,12,27.0
1098,83,298.0
1098,111,19.6
1098,144,3.0
1098,171,10.0
1098,216,21.4
1098,253,19.0
1098,259,50.0
1098,288,15.0
1098,484,34.24
1098,566,10.0
1098,608,3.0
1098,611,907.36
1098,615,27.0
1098,621,3.0
1098,753,23.54
1098,819,31.4
1098,844,209.0
1098,914,19.6
1098,937,9771.46
1098,1010,11.0
1098,1075,179.0
1098,1102,55.0
1098,1125,25.0
1098,1126,197.0
1098,1229,10.0
1098,1279,5.0
1098,1354,33.0
1099,598,10.0
1099,611,10.0
1099,625,10434.62
1099,779,10.0
1099,874,19.0
1099,1186,10.0
1099,1266,10.0
1101,14,3.0
1101,28,10.0
1101,80,47.0
1101,114,10.0
1101,140,11.0
1101,143,91.0
1101,151,10.0
1101,215,10.0
1101,241,18.0
1101,255,3.0
1101,295,20.0
1101,380,24.0
1101,467,313.18
1101,485,10.0
1101,599,10.0
1101,616,10.0
1101,665,161.0
1101,693,10.0
1101,724,10.0
1101,751,81.0
1101,898,10.0
1101,904,472.74
1101,960,126.0
1101,968,147.0
1101,989,21.0
1101,1042,10.0
1101,1088,10.0
1101,1106,21.4
1101,1187,8036.280000000001
1101,1256,448.74
1102,69,12.0
1102,98,10.0
1102,128,406.0
1102,259,67.0
1102,360,12.0
1102,372,10.0
1102,407,3.0
1102,565,29.0
1102,702,10.0
1102,719,63.0
1102,929,8.0
1102,955,223.0
1102,962,11.0
1102,1010,10.0
1102,1049,14.0
1102,1098,55.0
1102,1125,34.0
1102,1158,16.0
1102,1188,4890.26
1102,1190,136.0
1102,1205,21.4
1102,1311,27.0
1102,1354,11.0
1104,16,12.0
1104,18,10.0
1104,138,10.0
1104,173,355.0
1104,210,212.0
1104,334,10.0
1104,430,65.0
1104,439,10.0
1104,674,10.0
1104,794,36.0
1104,813,6689.84
1104,848,5.0
1104,856,11.0
1104,992,10.0
1104,1039,10.0
1104,1189,10.0
1104,1217,10.0
1104,1278,6.0
1104,1338,56.0
1104,1355,15.0
1105,38,41.0
1105,40,10.0
1105,103,21.0
1105,319,10.0
1105,375,10.0
1105,398,138.0
1105,425,49.0
1105,586,89.0
1105,613,12.0
1105,622,9742.1
1105,623,10.0
1105,637,10.0
1105,690,36.0
1105,744,39.0
1105,809,303.0
1105,982,89.0
1105,1143,15.0
1105,1269,15.0
1105,1284,75.0
1105,1289,30.0
1105,1349,10.0
1106,11,15.0
1106,19,10.0
1106,124,10.0
1106,188,10.0
1106,325,19.0
1106,341,18.0
1106,459,385.0
1106,497,10.0
1106,525,8.0
1106,540,10.0
1106,698,343.0
1106,710,13.0
1106,751,10.0
1106,771,10.0
1106,803,73.0
1106,825,32.0
1106,889,10.0
1106,919,10.0
1106,953,10924.1
1106,959,10.0
1106,970,10.0
1106,988,10.0
1106,1042,10.0
1106,1101,21.4
1106,1111,283.0
1106,1197,44.0
1107,15,81.0
1107,128,3.0
1107,372,10.0
1107,382,11.0
1107,453,11.0
1107,550,4.0
1107,643,10.0
1107,671,10.0
1107,699,103.0
1107,793,68.0
1107,858,61.0
1107,894,9574.76
1107,1067,3.0
1107,1151,10.0
1107,1188,10.0
1107,1204,8.0
1107,1271,10.0
1107,1282,17.0
1107,1290,3.0
1108,135,151.0
1108,177,26.0
1108,312,10.0
1108,320,3.0
1108,400,83.0
1108,406,17.0
1108,445,10.0
1108,612,6.0
1108,628,10.0
1108,654,10.0
1108,699,10.0
1108,719,15.0
1108,745,141.0
1108,747,13.0
1108,815,3.0
1108,828,4005.96
1108,862,15.0
1108,882,10.0
1108,983,3.0
1108,1016,27.0
1108,1038,30.0
1108,1058,463.0
1108,1123,10.0
1108,1150,333.0
1108,1162,20.0
1108,1206,11.0
1108,1290,10.0
1108,1318,103.0
1108,1332,142.0
1109,4,24.0
1109,164,3.0
1109,381,10.0
1109,384,10.0
1109,571,73.0
1109,610,23.0
1109,709,92.0
1109,891,10.0
1109,893,10.0
1109,931,3.0
1109,942,10.0
1109,949,10.0
1109,998,10448.880000000001
1109,1082,13.0
1109,1201,307.0
1109,1344,55.0
1110,15,71.0
1110,77,17.0
1110,221,21.4
1110,397,19.6
1110,671,10.0
1110,850,10.0
1110,858,18.0
1110,872,522.0
1110,887,112.0
1110,969,21.4
1110,1142,10972.26
1110,1169,10.0
1110,1246,541.42
1110,1271,80.0
1110,1350,94.0
1111,56,10.0
1111,84,3.0
1111,225,11.0
1111,306,10.0
1111,351,109.0
1111,365,1472.0
1111,411,127.0
1111,425,10.0
1111,433,10.0
1111,477,386.0
1111,711,10.0
1111,835,41.0
1111,883,10.0
1111,950,14.0
1111,953,13.0
1111,1026,58.0
1111,1106,283.0
1111,1156,21.4
1111,1224,19.0
1111,1323,10.0
1112,17,10.0
1112,64,10.0
1112,188,10.0
1112,263,11.0
1112,321,49.0
1112,385,10.0
1112,482,10.0
1112,649,20.0
1112,688,28.0
1112,701,552.0
1112,724,32.0
1112,755,10.0
1112,897,13.0
1112,1216,10772.26
1113,41,1645.0
1113,126,10.0
1113,225,19.0
1113,302,10.0
1113,365,10.0
1113,367,10.0
1113,368,10.0
1113,450,13.0
1113,585,17.0
1113,613,456.0
1113,756,10.0
1113,877,5495.06
1113,924,3.0
1113,931,10.0
1113,1130,30.0
1113,1193,19.6
1113,1335,10.0
1115,36,13.0
1115,80,2005.0
1115,87,1704.0
1115,113,10.0
1115,241,29.0
1115,291,34.0
1115,299,10774.5
1115,304,10.0
1115,364,10.0
1115,405,14.0
1115,455,10.0
1115,485,10.0
1115,606,12.0
1115,647,10.0
1115,715,1793.0
1115,767,10.0
1115,768,679.0
1115,867,10.0
1115,944,10.0
1115,988,10.0
1115,1001,10.0
1115,1121,10.0
1115,1164,10.0
1115,1167,10.0
1115,1187,10.0
1116,31,33.0
1116,100,805.0
1116,116,11.0
1116,269,173.0
1116,270,1809.0
1116,298,10.0
1116,336,10.0
1116,523,23.0
1116,706,13.0
1116,856,19.0
1116,1008,28.0
1116,1135,10.0
1116,1184,10.0
1116,1189,10.0
1116,1245,10.0
1116,1277,52.0
1117,41,12.0
1117,149,19.0
1117,229,10.0
1117,322,64.96000000000001
1117,569,45.0
1117,611,21.4
1117,732,21.4
1117,866,55.0
1117,914,8844.98
1117,935,38.52
1117,1120,3.0
1117,1194,10.0
1117,1201,11.0
1117,1203,20.0
1117,1312,10.0
1117,1335,17.0
1118,4,10.0
1118,117,40.0
1118,232,10.0
1118,343,10.0
1118,432,30.0
1118,558,10.0
1118,656,36.0
1118,751,10.0
1118,756,216.0
1118,791,10635.98
1118,891,3.0
1118,950,32.0
1118,1129,10.0
1118,1130,10.0
1118,1312,16.0
1118,1351,10.0
1119,190,718.0
1119,243,10.0
1119,256,10.0
1119,301,8124.88
1119,440,21.4
1119,445,10.0
1119,531,320.0
1119,557,819.0
1119,844,27.82
1119,1000,1405.0
1119,1063,10.0
1119,1228,10.0
1119,1287,10.0
1119,1311,10.0
1119,1328,10.0
1120,4,79.0
1120,38,31.0
1120,49,26.0
1120,271,10.0
1120,303,21.4
1120,315,19.6
1120,319,7.0
1120,322,9.0
1120,371,6.0
1120,374,10.0
1120,571,21.4
1120,587,10.0
1120,611,26.0
1120,637,116.0
1120,642,43.0
1120,731,24.0
1120,738,10922.1
1120,792,10.0
1120,908,58.0
1120,911,21.4
1120,924,10.0
1120,935,51.0
1120,940,10.0
1120,943,29.0
1120,1018,13.0
1120,1057,10.0
1120,1064,10.0
1120,1117,3.0
1120,1215,10.0
1120,1224,52.0
1120,1269,10.0
1121,1,6.0
1121,60,27.0
1121,74,13.0
1121,113,10.0
1121,122,10860.7
1121,176,191.0
1121,188,10.0
1121,304,23.0
1121,340,16.0
1121,405,10.0
1121,434,10.0
1121,459,51.0
1121,500,12.0
1121,525,21.4
1121,595,10.0
1121,665,4.0
1121,798,12.0
1121,803,14.0
1121,873,31.0
1121,886,11.0
1121,956,10.0
1121,1115,10.0
1121,1161,10.0
1122,66,477.0
1122,133,216.0
1122,136,10.0
1122,213,28.0
1122,256,17.0
1122,439,10.0
1122,512,10.0
1122,609,599.0
1122,636,10.0
1122,643,68.0
1122,726,10.0
1122,1037,10822.1
1122,1052,21.4
1122,1214,22.0
1122,1217,21.4
1122,1220,17.0
1123,7,9.0
1123,135,10.0
1123,171,53.0
1123,177,10.0
1123,243,10.0
1123,288,10.0
1123,296,17.0
1123,312,20.0
1123,360,354.0
1123,421,10492.32
1123,457,10.0
1123,519,10.0
1123,582,10.0
1123,743,10.0
1123,745,32.0
1123,794,10.0
1123,796,3.0
1123,845,10.0
1123,1016,6.0
1123,1038,2865.0
1123,1108,10.0
1123,1141,20.0
1123,1162,10.0
1123,1206,10.0
1123,1237,17.0
1124,28,10.0
1124,76,460.0
1124,121,10.0
1124,194,445.0
1124,215,14.0
1124,246,20.0
1124,311,244.0
1124,316,10.0
1124,455,52.0
1124,467,20.0
1124,469,69.0
1124,482,9948.08
1124,483,330.0
1124,485,100.0
1124,530,10.0
1124,649,63.0
1124,724,10.0
1124,751,116.0
1124,770,42.0
1124,773,10.0
1124,824,10.0
1124,886,10.0
1124,897,11.0
1124,904,157.0
1124,941,10.0
1124,953,27.0
1124,960,43.0
1124,976,18.0
1124,1027,10.0
1124,1197,17.0
1124,1210,475.0
1124,1216,10.0
1125,144,36.0
1125,167,10.0
1125,212,33.0
1125,213,69.0
1125,218,6.0
1125,259,10.0
1125,318,10.0
1125,335,476.0
1125,415,10.0
1125,431,3.0
1125,439,10.0
1125,444,78.0
1125,523,25.0
1125,551,38.0
1125,562,24.0
1125,635,10.0
1125,670,76.0
1125,697,10.0
1125,841,9647.6
1125,885,26.0
1125,967,10.0
1125,1010,40.0
1125,1046,10.0
1125,1069,10.0
1125,1091,10.0
1125,1098,25.0
1125,1102,34.0
1125,1126,53.0
1125,1205,125.0
1125,1217,20.0
1125,1307,570.0
1125,1354,56.0
1125,1360,266.0
1126,59,10.0
1126,115,16.0
1126,118,20.0
1126,144,163.0
1126,242,109.0
1126,339,18.0
1126,386,224.0
1126,441,47.0
1126,494,1005.0
1126,752,10.0
1126,910,10.0
1126,937,10.0
1126,963,23.0
1126,990,14.0
1126,1010,10191.26
1126,1098,197.0
1126,1125,53.0
1126,1188,41.0
1126,1214,30.0
1126,1276,29.0
1126,1317,408.0
1126,1331,10.0
1126,1354,86.0
1127,17,10.0
1127,121,16.0
1127,129,10.0
1127,140,18.0
1127,143,3.0
1127,199,142.0
1127,240,23.0
1127,255,3.0
1127,331,11.0
1127,364,12.0
1127,385,7905.46
1127,405,10.0
1127,483,6.0
1127,485,53.0
1127,530,125.0
1127,677,10.0
1127,714,363.82
1127,770,71.0
1127,797,10.0
1127,884,33.0
1127,904,250.0
1127,918,16.0
1127,960,10.0
1127,994,13.0
1127,1002,11.0
1127,1042,63.0
1127,1131,10.0
1127,1256,27.0
1129,204,197.0
1129,319,10.0
1129,626,66.0
1129,672,60.0
1129,756,10.0
1129,760,10.0
1129,779,17.0
1129,791,27.0
1129,875,10.0
1129,923,473.0
1129,943,11.0
1129,978,10449.82
1129,1118,10.0
1129,1213,10.0
1129,1234,10.0
1129,1241,10.0
1129,1263,10.0
1129,1305,10.0
1129,1323,10.0
1129,1351,10.0
1130,117,10.0
1130,204,10.0
1130,328,214.0
1130,369,10.0
1130,703,10.0
1130,756,10656.26
1130,757,10.0
1130,791,11.0
1130,821,10.0
1130,830,10.0
1130,945,10.0
1130,971,6.0
1130,1113,30.0
1130,1118,10.0
1130,1168,10.0
1130,1284,109.0
1130,1295,10.0
1130,1352,47.0
1131,121,13.0
1131,190,3.0
1131,467,10.0
1131,483,27.0
1131,503,46.0
1131,754,13.0
1131,867,10.0
1131,928,17.0
1131,968,10.0
1131,976,45.0
1131,1127,10.0
1131,1132,15.0
1132,14,10.0
1132,63,468.0
1132,101,11.0
1132,104,10.0
1132,121,10.0
1132,140,10.0
1132,151,432.0
1132,227,10.0
1132,385,10.0
1132,538,10.0
1132,665,452.0
1132,806,10.0
1132,874,10.0
1132,884,10.0
1132,971,492.0
1132,1002,10648.34
1132,1027,10.0
1132,1131,15.0
1132,1147,24.0
1132,1179,10.0
1132,1210,809.0
1132,1254,3.0
1135,100,11.0
1135,132,10.0
1135,284,1278.0
1135,298,22.0
1135,318,10.0
1135,394,1191.0
1135,432,12.0
1135,535,40.0
1135,726,1331.0
1135,752,10.0
1135,1116,10.0
1135,1223,10.0
1135,1292,6.0
1136,49,10.0
1136,343,31.0
1136,499,13.0
1136,530,91.0
1136,642,33.0
1136,663,10658.24
1136,704,26.0
1136,731,10.0
1136,736,53.0
1136,795,3.0
1136,935,14.0
1136,943,10.0
1136,1026,10.0
1136,1064,3.0
1136,1082,6.0
1136,1084,10.0
1136,1322,47.0
1136,1326,10.0
1139,319,16.0
1139,322,20.0
1139,368,26.0
1139,610,36.0
1139,744,19.0
1139,760,10.0
1139,877,10.0
1139,931,33.0
1139,957,10629.82
1140,10,123.0
1140,155,10.0
1140,323,26.0
1140,465,14.0
1140,466,13.0
1140,634,163.0
1140,868,129.0
1140,906,15.0
1140,998,10.0
1140,1062,10.0
1140,1281,8262.18
1140,1322,17.0
1140,1323,15.0
1141,7,4.0
1141,10,10.0
1141,98,12.0
1141,244,461.0
1141,356,19.0
1141,446,26.0
1141,456,13.0
1141,468,296.0
1141,520,13.0
1141,560,10.0
1141,657,11.0
1141,683,481.0
1141,691,45.0
1141,733,3.0
1141,1123,20.0
1141,1181,10.0
1141,1204,52.0
1141,1265,10.0
1141,1332,10.0
1141,1339,46.0
1142,15,35.0
1142,77,73.0
1142,244,13.0
1142,292,12.0
1142,382,218.0
1142,539,10.0
1142,678,10.0
1142,778,992.76
1142,793,28.0
1142,850,10.0
1142,858,94.0
1142,872,187.0
1142,929,12.0
1142,1110,10972.26
1142,1200,19.6
1142,1251,20.0
1142,1271,106.0
1142,1287,18.0
1142,1290,10.0
1142,1318,10.0
1142,1350,111.0
1143,61,10.0
1143,209,77.0
1143,221,78.0
1143,265,10.0
1143,294,28.0
1143,314,69.0
1143,368,49.0
1143,571,57.0
1143,586,10.0
1143,709,3.0
1143,749,48.0
1143,809,10922.14
1143,883,14.0
1143,915,219.0
1143,1105,15.0
1143,1186,33.0
1143,1241,12.0
1143,1312,87.0
1143,1352,39.0
1144,76,10.0
1144,268,10.0
1144,483,10.0
1144,497,263.0
1144,771,65.0
1144,785,10.0
1144,953,111.0
1145,98,23.0
1145,161,25.0
1145,356,49.0
1145,420,52.0
1145,424,10.0
1145,491,10.0
1145,493,396.0
1145,582,27.0
1145,600,130.0
1145,743,10.0
1145,856,10.0
1145,894,12.0
1145,929,10.0
1145,956,12.0
1145,972,33.0
1145,977,22.0
1145,1150,10.0
1145,1155,10.0
1145,1206,40.0
1145,1252,18.0
1145,1346,16.0
1146,322,10.0
1146,791,10.0
1146,834,122.0
1146,891,15.0
1146,946,21.4
1146,951,10.0
1146,1043,121.0
1146,1226,10178.02
1146,1286,10.0
1147,460,10.0
1147,564,10.0
1147,693,7.0
1147,1034,9655.14
1147,1100,12.0
1147,1132,24.0
1148,405,21.4
1148,484,4.0
1148,539,98.0
1148,647,10.0
1148,676,19.6
1148,683,10.0
1148,690,21.4
1148,719,76.0
1148,917,39.0
1148,1090,10.0
1148,1229,40.0
1148,1234,21.4
1148,1238,3.0
1148,1246,10232.94
1148,1251,10.0
1148,1285,21.4
1148,1318,13.0
1150,75,10.0
1150,135,10.0
1150,161,10.0
1150,218,10.0
1150,243,170.0
1150,406,21.0
1150,421,13.0
1150,457,3.0
1150,616,21.4
1150,617,17.0
1150,728,19.6
1150,745,11.0
1150,815,6.0
1150,848,21.4
1150,862,121.0
1150,899,10.0
1150,926,21.4
1150,1016,10.0
1150,1108,333.0
1150,1145,10.0
1150,1190,263.0
1150,1196,10.0
1150,1206,8274.619999999999
1150,1265,10.0
1150,1279,10.0
1150,1290,10.0
1150,1357,10.0
1151,137,10.0
1151,177,10.0
1151,372,12.0
1151,418,2149.0
1151,484,33.0
1151,496,3.0
1151,519,57.0
1151,528,10.0
1151,648,49.0
1151,654,7.0
1151,691,15.0
1151,836,10.0
1151,854,22.0
1151,858,40.0
1151,962,35.0
1151,1003,4393.12
1151,1067,10.0
1151,1074,260.0
1151,1107,10.0
1151,1228,22.0
1151,1237,10.0
1153,154,10.0
1153,191,11083.1
1153,232,10.0
1153,274,21.4
1153,381,122.0
1153,425,424.0
1153,499,21.0
1153,602,10.0
1153,610,3.0
1153,690,357.0
1153,712,93.0
1153,861,10.0
1153,950,25.68
1153,1080,43.0
1153,1082,76.0
1153,1303,45.0
1154,19,13.0
1154,32,415.0
1154,34,11.0
1154,63,145.0
1154,64,20.0
1154,99,191.0
1154,101,10.0
1154,122,10.0
1154,143,10.0
1154,186,226.0
1154,188,70.0
1154,241,17.0
1154,295,3.0
1154,340,10.0
1154,341,34.0
1154,434,14.0
1154,436,10.0
1154,455,10.0
1154,581,55.0
1154,595,44.0
1154,616,10234.46
1154,665,39.0
1154,677,386.0
1154,748,23.0
1154,754,10.0
1154,761,377.0
1154,776,27.0
1154,797,130.0
1154,798,10.0
1154,904,10.0
1154,930,10.0
1154,971,345.0
1154,989,10.0
1154,994,11.0
1154,1002,77.0
1154,1011,34.0
1154,1021,10.0
1154,1042,11.0
1154,1060,38.0
1154,1167,103.0
1154,1259,10.0
1154,1362,10.0
1155,161,137.0
1155,243,132.0
1155,266,206.0
1155,614,15.0
1155,676,19.0
1155,794,120.0
1155,862,102.0
1155,894,1260.0
1155,1024,10.0
1155,1145,10.0
1155,1175,10.0
1155,1190,10.0
1155,1202,68.0
1155,1270,12.0
1155,1273,121.0
1155,1311,10.0
1156,52,10.0
1156,204,10442.18
1156,232,21.4
1156,272,176.0
1156,302,14.0
1156,328,10.0
1156,374,12.0
1156,551,21.4
1156,635,21.4
1156,645,21.4
1156,680,36.0
1156,939,4.0
1156,946,19.6
1156,951,12.0
1156,998,10.0
1156,1080,11.0
1156,1111,21.4
1156,1241,10.0
1158,7,18.0
1158,116,88.0
1158,171,11.0
1158,173,10.0
1158,269,10.0
1158,403,74.0
1158,424,23.0
1158,429,10.0
1158,442,84.0
1158,523,10.0
1158,579,10.0
1158,593,29.0
1158,644,10.0
1158,650,4634.96
1158,674,10.0
1158,737,10.0
1158,772,10.0
1158,790,3.0
1158,813,12.0
1158,882,11.0
1158,932,21.4
1158,962,10737.74
1158,1102,16.0
1158,1189,19.6
1158,1190,10.0
1158,1204,21.4
1158,1223,53.0
1158,1307,111.0
1158,1343,43.0
1158,1360,66.0
1159,28,19.6
1159,56,12.0
1159,101,19.6
1159,104,29.0
1159,123,492.0
1159,127,4854.46
1159,215,17.0
1159,240,10.0
1159,395,10.0
1159,477,10.0
1159,538,10.0
1159,547,10.0
1159,554,346.0
1159,724,8.0
1159,798,10.0
1159,945,39.0
1159,970,75.0
1159,1028,10.0
1159,1164,10.0
1159,1179,17.0
1159,1199,588.0
1161,1,1233.0
1161,87,20.0
1161,107,9.0
1161,122,20.0
1161,157,28.0
1161,255,102.0
1161,300,21.0
1161,340,20.0
1161,410,127.0
1161,500,23.0
1161,503,10.0
1161,524,43.0
1161,584,16.0
1161,647,1341.0
1161,701,3.0
1161,710,23.0
1161,711,10.0
1161,775,53.0
1161,776,25.0
1161,798,11.0
1161,820,129.0
1161,873,97.0
1161,874,10.0
1161,886,10938.1
1161,950,18.0
1161,1045,85.0
1161,1121,10.0
1162,33,27.0
1162,57,19.0
1162,120,10.0
1162,131,10.0
1162,266,6068.9400000000005
1162,292,21.0
1162,397,38.0
1162,430,196.0
1162,517,10.0
1162,565,10.0
1162,679,10.0
1162,794,10.0
1162,816,71.0
1162,817,33.0
1162,829,10.0
1162,887,200.0
1162,895,10.0
1162,972,117.0
1162,986,217.0
1162,1016,99.0
1162,1108,20.0
1162,1123,10.0
1162,1175,77.0
1162,1206,208.0
1162,1273,40.0
1162,1282,10.0
1162,1300,34.0
1162,1311,38.0
1162,1332,11.0
1164,1,10.0
1164,14,10.0
1164,60,180.0
1164,79,3.0
1164,113,10.0
1164,190,21.0
1164,237,3954.0
1164,249,10.0
1164,285,104.0
1164,291,10.0
1164,295,12.0
1164,333,10.0
1164,351,13.0
1164,409,16.0
1164,598,10.0
1164,735,3.0
1164,755,10.0
1164,775,10.0
1164,799,14.0
1164,811,10.0
1164,861,80.0
1164,886,155.0
1164,898,10.0
1164,925,10.0
1164,988,3.0
1164,989,125.0
1164,1013,10.0
1164,1076,10.0
1164,1115,10.0
1164,1159,10.0
1164,1181,19.6
1165,101,68.48
1165,205,16.0
1165,448,10.0
1165,456,3.0
1165,674,10640.04
1165,678,10.0
1165,685,25.0
1165,740,10.0
1165,923,10.0
1165,974,10.0
1165,1067,24.0
1165,1169,10.0
1165,1240,386.0
1165,1271,44.0
1165,1273,10.0
1165,1350,178.0
1167,1,10.0
1167,3,10.0
1167,32,340.0
1167,36,10.0
1167,80,10.0
1167,87,36.0
1167,99,10.0
1167,114,12.0
1167,121,10.0
1167,186,255.0
1167,195,85.0
1167,246,16.0
1167,316,6.0
1167,477,46.0
1167,479,10.0
1167,500,4.0
1167,554,17.0
1167,595,10.0
1167,616,10.0
1167,631,74.0
1167,646,23.0
1167,665,10.0
1167,680,417.0
1167,688,114.0
1167,715,127.0
1167,761,19.0
1167,767,3.0
1167,771,10.0
1167,806,42.0
1167,930,231.0
1167,958,10.0
1167,968,10.0
1167,1011,10476.619999999999
1167,1053,3.0
1167,1076,10.0
1167,1115,10.0
1167,1154,103.0
1168,125,19.0
1168,314,94.0
1168,402,91.0
1168,450,9963.36
1168,571,94.0
1168,749,68.0
1168,883,94.0
1168,914,62.0
1168,915,11.0
1168,1018,10.0
1168,1062,1526.0
1168,1130,10.0
1168,1186,120.0
1168,1233,40.0
1169,244,95.0
1169,442,3.0
1169,458,10.0
1169,468,34.0
1169,657,10.0
1169,674,10.0
1169,685,10.0
1169,796,11.0
1169,816,34.0
1169,817,117.0
1169,850,91.0
1169,923,20.0
1169,969,20.0
1169,1038,12.0
1169,1058,10.0
1169,1089,492.0
1169,1110,10.0
1169,1165,10.0
1169,1237,23.0
1169,1287,12.0
1169,1346,3.0
1169,1350,10.0
1172,53,10.0
1172,212,54.0
1172,218,10.0
1172,373,10.0
1172,404,10.0
1172,438,10.0
1172,463,7862.1
1172,498,38.0
1172,512,73.0
1172,543,23.54
1172,546,34.24
1172,612,10.0
1172,670,63.0
1172,737,16.0
1172,764,46.38
1172,765,10.0
1172,895,70.0
1172,966,27.0
1172,1184,11.0
1172,1232,10.0
1172,1250,11.0
1172,1354,1217.66
1174,23,10.0
1174,110,46.0
1174,122,4.0
1174,334,119.0
1174,341,66.0
1174,356,10.0
1174,397,29.6
1174,434,10.0
1174,459,17.0
1174,479,16.0
1174,550,10.0
1174,581,18.0
1174,714,37.0
1174,778,344.0
1174,815,11.0
1174,1060,19.0
1174,1077,48.0
1174,1290,28.0
1174,1294,10904.26
1174,1318,140.0
1174,1359,52.0
1178,18,1959.0
1178,96,5.0
1178,238,10.0
1178,289,56.0
1178,335,21.4
1178,407,33.0
1178,420,10.0
1178,578,10.0
1178,644,93.0
1178,737,10.0
1178,826,10.0
1178,1055,10.0
1178,1354,10.0
1179,28,14.0
1179,32,12.0
1179,34,3.0
1179,45,9134.26
1179,56,10.0
1179,101,29.0
1179,104,37.0
1179,121,18.0
1179,123,10.0
1179,124,61.0
1179,151,475.0
1179,194,251.0
1179,215,44.0
1179,237,10.0
1179,246,453.0
1179,311,10.0
1179,351,13.0
1179,352,10.0
1179,457,10.0
1179,482,71.0
1179,483,50.0
1179,542,10.0
1179,761,31.0
1179,770,37.0
1179,802,10.0
1179,846,10.0
1179,884,55.0
1179,889,34.0
1179,928,1214.0
1179,953,12.0
1179,1002,10.0
1179,1027,618.0
1179,1044,10.0
1179,1132,10.0
1179,1159,17.0
1179,1292,10.0
1179,1362,19.0
1181,397,11.0
1181,468,10.0
1181,492,58.0
1181,719,10.0
1181,728,9659.380000000001
1181,794,354.0
1181,969,513.0
1181,974,10.0
1181,1141,10.0
1181,1164,19.6
1181,1196,10.0
1181,1274,11.0
1181,1279,10.0
1181,1282,10.0
1184,89,10.0
1184,130,27.0
1184,212,515.0
1184,262,12.0
1184,335,18.0
1184,439,10.0
1184,535,6.0
1184,589,3.0
1184,655,11.0
1184,706,10579.0
1184,717,75.0
1184,831,64.0
1184,853,103.0
1184,885,94.0
1184,932,10.0
1184,963,4.0
1184,984,10.0
1184,1116,10.0
1184,1172,11.0
1184,1189,10.0
1184,1272,10.0
1185,57,42.0
1185,100,148.0
1185,258,438.0
1185,262,10.0
1185,266,3.0
1185,337,8921.44
1185,400,10.0
1185,487,17.0
1185,560,18.0
1185,590,19.0
1185,636,65.0
1185,667,10.0
1185,674,10.0
1185,675,10.0
1185,684,10.0
1185,685,3.0
1185,796,10.0
1185,850,10.0
1185,923,16.0
1185,1038,10.0
1185,1274,34.0
1185,1338,22.0
1185,1355,17.0
1186,125,8068.68
1186,369,112.0
1186,402,78.0
1186,450,85.0
1186,568,10.0
1186,749,12.0
1186,821,10.0
1186,883,23.0
1186,1026,114.0
1186,1062,10.0
1186,1099,10.0
1186,1143,33.0
1186,1168,120.0
1186,1221,29.0
1186,1233,152.0
1186,1317,10.0
1187,19,15.0
1187,76,3.0
1187,87,80.0
1187,114,10.0
1187,123,89.0
1187,143,266.58
1187,215,8.0
1187,255,40.0
1187,299,18.0
1187,300,11.0
1187,455,10.0
1187,485,25.0
1187,502,10.0
1187,506,10.0
1187,538,14.0
1187,540,10.0
1187,594,4.0
1187,595,217.0
1187,665,150.0
1187,693,14.0
1187,711,35.0
1187,715,10.0
1187,770,89.0
1187,773,21.0
1187,867,10.0
1187,904,286.44
1187,960,78.0
1187,968,21.0
1187,970,10.0
1187,1101,8036.280000000001
1187,1115,10.0
1187,1256,159.04000000000002
1187,1259,10.0
1187,1332,10.0
1187,1340,10.0
1188,144,30.0
1188,182,66.64
1188,243,29.0
1188,259,10.0
1188,339,80.0
1188,356,13.0
1188,415,70.0
1188,671,21.4
1188,719,10.0
1188,796,12.0
1188,828,10.0
1188,882,10.0
1188,929,8.0
1188,1010,10.0
1188,1102,4890.26
1188,1107,10.0
1188,1126,41.0
1188,1190,17.0
1188,1202,5350.12
1188,1332,10.0
1188,1354,8.0
1189,47,10.0
1189,55,10.0
1189,128,57.0
1189,131,24.0
1189,458,10.0
1189,593,10.0
1189,600,63.0
1189,643,10.0
1189,679,83.0
1189,719,28.0
1189,753,12.0
1189,813,4.0
1189,882,10.0
1189,981,10312.1
1189,984,2447.0
1189,1069,29.0
1189,1104,10.0
1189,1116,10.0
1189,1158,19.6
1189,1184,10.0
1189,1190,71.0
1189,1278,76.0
1189,1290,17.0
1189,1311,80.0
1189,1339,15.0
1190,7,13.0
1190,57,43.0
1190,128,675.0
1190,131,57.0
1190,320,10.0
1190,582,10.0
1190,612,10.0
1190,699,392.0
1190,745,65.0
1190,793,10.0
1190,796,440.0
1190,981,67.0
1190,1016,226.0
1190,1024,10.0
1190,1102,136.0
1190,1150,263.0
1190,1155,10.0
1190,1158,10.0
1190,1188,17.0
1190,1189,71.0
1190,1262,32.0
1190,1311,3928.14
1190,1332,9.0
1191,31,28.0
1191,196,19.6
1191,198,89.0
1191,270,11.0
1191,397,11.0
1191,446,10.0
1191,534,18.0
1191,543,10.0
1191,636,10.0
1191,681,6.0
1191,937,10.0
1191,1008,10826.62
1191,1012,10.0
1191,1057,10.0
1193,41,10.0
1193,73,10.0
1193,84,14.0
1193,569,24.0
1193,723,10.0
1193,877,21.4
1193,921,10.0
1193,980,10.0
1193,1113,19.6
1193,1194,11050.1
1193,1312,10.0
1194,41,107.0
1194,680,21.4
1194,723,10.0
1194,911,34.0
1194,1117,10.0
1194,1193,11050.1
1194,1344,11.0
1196,123,10.0
1196,141,10.0
1196,355,10.0
1196,486,10.0
1196,592,10.0
1196,596,22.0
1196,624,19.0
1196,679,10.0
1196,692,10297.28
1196,699,10.0
1196,735,10.0
1196,911,10.0
1196,929,12.0
1196,956,10.0
1196,1088,10.0
1196,1150,10.0
1196,1181,10.0
1196,1235,12.0
1197,28,10.0
1197,44,10.0
1197,45,10.0
1197,79,10.0
1197,194,10.0
1197,291,27.0
1197,299,10.0
1197,304,10.0
1197,325,7.0
1197,434,529.0
1197,459,21.4
1197,469,9958.9
1197,537,19.6
1197,542,10.0
1197,607,36.0
1197,851,37.0
1197,912,10.0
1197,925,10.0
1197,930,24.0
1197,960,52.0
1197,989,196.0
1197,1106,44.0
1197,1124,17.0
1197,1199,10.0
1198,64,10.0
1198,131,3.0
1198,337,3.0
1198,470,10.0
1198,648,10.0
1198,702,10.0
1198,816,10.0
1198,858,52.0
1198,887,14.0
1198,936,13.0
1198,983,5318.2
1198,1279,23.0
1199,19,10.0
1199,123,10510.380000000001
1199,127,10.0
1199,208,10.0
1199,299,10.0
1199,325,53.0
1199,486,38.0
1199,526,15.0
1199,647,10.0
1199,649,10.0
1199,871,20.0
1199,925,484.0
1199,934,21.0
1199,959,10.0
1199,1061,10.0
1199,1159,588.0
1199,1197,10.0
1199,1216,3.0
1201,196,10.0
1201,251,31.0
1201,371,10.0
1201,381,10.0
1201,384,351.0
1201,465,19.6
1201,587,84.0
1201,808,10.0
1201,863,16.0
1201,866,69.0
1201,978,30.0
1201,991,515.0
1201,1109,307.0
1201,1117,11.0
1201,1203,10966.1
1201,1289,10.0
1201,1312,47.0
1202,7,52.0
1202,33,3.0
1202,64,10.0
1202,421,205.0
1202,691,23.0
1202,813,21.4
1202,817,29.0
1202,1016,146.0
1202,1049,20.0
1202,1155,68.0
1202,1188,5350.12
1202,1206,200.0
1202,1237,3.0
1202,1238,3.0
1202,1265,19.6
1203,251,13.0
1203,368,20.0
1203,384,343.0
1203,863,11.0
1203,866,24.0
1203,978,29.0
1203,998,14.0
1203,1062,10.0
1203,1117,20.0
1203,1201,10966.1
1203,1312,10.0
1203,1344,17.0
1204,7,16.0
1204,187,10.0
1204,198,10.0
1204,205,105.0
1204,259,10.0
1204,356,14.0
1204,699,199.0
1204,920,10612.7
1204,984,10.0
1204,1019,8.0
1204,1107,8.0
1204,1141,52.0
1204,1158,21.4
1205,171,20.0
1205,213,77.0
1205,276,10.0
1205,318,28.0
1205,439,26.0
1205,687,3.0
1205,706,20.0
1205,841,147.0
1205,856,3.0
1205,984,10.0
1205,1102,21.4
1205,1125,125.0
1205,1357,12.0
1206,33,59.0
1206,126,10.0
1206,135,24.0
1206,142,10.0
1206,214,19.0
1206,243,199.0
1206,421,104.0
1206,592,10.0
1206,617,19.0
1206,649,21.4
1206,678,19.0
1206,684,10.0
1206,692,50.0
1206,699,21.4
1206,745,38.0
1206,832,15.0
1206,849,10.0
1206,862,31.0
1206,882,10.0
1206,892,10.0
1206,935,7.0
1206,1016,156.0
1206,1067,10.0
1206,1090,10.0
1206,1108,11.0
1206,1123,10.0
1206,1145,40.0
1206,1150,8274.619999999999
1206,1162,208.0
1206,1202,200.0
1206,1235,278.0
1206,1332,95.0
1207,55,13.0
1207,102,10.0
1207,126,9807.1
1207,132,33.0
1207,210,16.0
1207,245,18.0
1207,432,10.0
1207,433,10.0
1207,491,11.0
1207,523,24.0
1207,578,61.0
1207,717,14.0
1207,764,48.52
1207,892,10.0
1207,1232,10.0
1207,1298,26.0
1208,69,11.0
1208,102,10.0
1208,112,21.0
1208,116,10.0
1208,166,15.0
1208,189,10.0
1208,206,22.0
1208,276,10.0
1208,404,26.0
1208,416,11068.1
1208,494,3.0
1208,508,55.0
1208,556,13.0
1208,578,58.0
1208,579,16.0
1208,713,21.4
1208,769,18.0
1208,996,20.0
1208,1257,24.0
1210,17,65.0
1210,76,181.0
1210,121,10.0
1210,141,10.0
1210,194,395.0
1210,219,11.0
1210,227,6.0
1210,268,40.0
1210,477,56.0
1210,482,478.0
1210,771,16.0
1210,883,24.0
1210,928,10.0
1210,988,10.0
1210,1124,475.0
1210,1132,809.0
1211,138,10.0
1211,296,10.0
1211,520,4.0
1211,650,98.0
1211,793,10657.86
1211,954,10.0
1211,969,819.0
1211,970,17.0
1214,47,71.0
1214,166,628.0
1214,308,11.0
1214,396,464.0
1214,420,10.0
1214,439,10.0
1214,565,3.0
1214,578,11.0
1214,630,4.0
1214,670,9848.1
1214,705,10.0
1214,856,10.0
1214,963,33.0
1214,1122,22.0
1214,1126,30.0
1214,1217,10.0
1215,84,452.0
1215,303,21.4
1215,533,360.0
1215,587,15.0
1215,611,10.0
1215,662,453.0
1215,736,4.0
1215,859,14.0
1215,860,3.0
1215,883,32.1
1215,935,21.4
1215,1022,9194.14
1215,1120,10.0
1215,1302,21.4
1215,1326,19.6
1216,28,538.6
1216,143,3.0
1216,239,10.0
1216,364,19.6
1216,538,17.0
1216,544,10.0
1216,605,3.0
1216,649,3.0
1216,682,19.6
1216,776,10.0
1216,1044,10.0
1216,1112,10772.26
1216,1124,10.0
1216,1199,3.0
1216,1254,32.0
1216,1308,7.0
1217,16,9.0
1217,53,10.0
1217,55,52.0
1217,130,42.0
1217,134,5379.68
1217,136,40.0
1217,160,54.0
1217,166,44.0
1217,173,476.0
1217,189,30.0
1217,210,253.0
1217,213,87.0
1217,258,11.0
1217,318,31.0
1217,335,16.0
1217,357,13.0
1217,396,58.0
1217,403,42.0
1217,438,23.0
1217,444,12.0
1217,445,10.0
1217,508,102.0
1217,513,56.0
1217,545,10.0
1217,580,10.0
1217,644,12.0
1217,670,10.0
1217,841,39.0
1217,937,10.0
1217,995,10.0
1217,1037,451.54
1217,1091,19.0
1217,1104,10.0
1217,1122,21.4
1217,1125,20.0
1217,1214,10.0
1217,1246,21.4
1217,1247,10.0
1217,1307,19.0
1217,1338,21.0
1220,112,12.0
1220,206,10.0
1220,245,604.0
1220,335,143.0
1220,433,28.0
1220,437,31.0
1220,444,167.0
1220,523,158.0
1220,559,10.0
1220,574,13.0
1220,600,4.0
1220,826,10.0
1220,967,39.0
1220,1033,122.0
1220,1122,17.0
1220,1276,50.0
1221,40,10.0
1221,125,10.0
1221,153,821.0
1221,221,14.0
1221,504,10.0
1221,530,10.0
1221,536,10.0
1221,812,22.0
1221,878,51.0
1221,1064,30.0
1221,1086,19.6
1221,1096,26.0
1221,1186,29.0
1221,1266,63.0
1221,1352,10.0
1222,10,119.0
1222,274,3.0
1222,412,3.0
1222,521,72.0
1222,668,10.0
1222,672,24.0
1222,835,16.0
1222,868,118.0
1222,902,66.0
1222,942,62.0
1222,950,22.0
1222,1006,52.0
1222,1026,37.0
1222,1303,3740.96
1223,166,245.0
1223,218,10.0
1223,285,14.0
1223,318,10.0
1223,354,10962.1
1223,396,122.0
1223,403,403.0
1223,420,10.0
1223,443,25.0
1223,523,86.0
1223,548,229.0
1223,565,29.0
1223,687,12.0
1223,778,10.0
1223,861,30.0
1223,932,20.0
1223,1046,97.0
1223,1070,16.0
1223,1135,10.0
1223,1158,53.0
1223,1257,10.0
1223,1307,12.0
1223,1319,10.0
1223,1338,43.0
1223,1360,15.0
1224,38,23.0
1224,265,20.0
1224,306,103.0
1224,568,10.0
1224,584,10.0
1224,611,27.0
1224,637,51.0
1224,738,50.0
1224,868,77.0
1224,893,120.0
1224,1001,3.0
1224,1018,10901.1
1224,1026,13.0
1224,1057,36.0
1224,1111,19.0
1224,1120,52.0
1225,30,10.0
1225,104,10.0
1225,181,10.0
1225,227,56.4
1225,237,10.0
1225,295,10.0
1225,300,10.0
1225,311,21.0
1225,325,3.0
1225,460,23.0
1225,497,10.0
1225,500,10.0
1225,616,10.0
1225,665,21.0
1225,739,36.0
1225,768,10.0
1225,867,8047.1
1225,873,10.0
1225,897,11.0
1225,964,10.0
1225,968,10.0
1225,1258,3.0
1226,84,10.0
1226,521,8.0
1226,585,38.0
1226,645,26.0
1226,729,3.0
1226,834,23.0
1226,851,10.0
1226,949,10.0
1226,1043,33.0
1226,1146,10178.02
1226,1263,32.0
1228,64,3.0
1228,120,8.0
1228,253,10.0
1228,266,10.0
1228,372,10.0
1228,430,10.0
1228,453,201.0
1228,617,10.0
1228,639,10.0
1228,643,15.0
1228,684,16.0
1228,691,14.0
1228,796,11.0
1228,815,10.0
1228,858,15.0
1228,882,7.0
1228,899,10.0
1228,954,10.0
1228,983,14.0
1228,1003,10.0
1228,1074,3.0
1228,1119,10.0
1228,1151,22.0
1228,1279,14.0
1228,1282,1552.0
1228,1290,28.0
1228,1318,3.0
1228,1345,6895.3
1229,496,11.0
1229,778,338.0
1229,817,460.0
1229,1098,10.0
1229,1148,40.0
1229,1238,21.0
1229,1246,67.0
1229,1318,489.0
1229,1329,11.76
1231,22,50.0
1231,457,136.0
1231,899,163.0
1232,54,10.0
1232,83,10.0
1232,112,10.0
1232,132,10.0
1232,245,45.0
1232,289,10.0
1232,298,168.0
1232,404,10.0
1232,416,10.0
1232,478,10.0
1232,747,40.0
1232,805,10.0
1232,836,133.0
1232,839,10.0
1232,992,10.0
1232,1172,10.0
1232,1207,10.0
1232,1253,10706.1
1232,1276,57.0
1232,1298,222.0
1232,1348,10.0
1233,4,133.0
1233,84,42.8
1233,125,18.0
1233,146,21.0
1233,369,29.0
1233,402,93.0
1233,571,40.0
1233,604,10.0
1233,821,10.0
1233,869,9272.96
1233,883,34.0
1233,943,15.0
1233,1072,139.0
1233,1084,16.0
1233,1168,40.0
1233,1186,152.0
1233,1234,10.0
1233,1263,38.4
1233,1358,10.0
1234,198,23.54
1234,204,21.4
1234,272,14.0
1234,361,21.4
1234,371,10.0
1234,737,19.6
1234,808,10.0
1234,830,85.0
1234,859,31.0
1234,914,10.0
1234,949,21.4
1234,1022,618.0
1234,1079,10.0
1234,1129,10.0
1234,1148,21.4
1234,1233,10.0
1234,1241,10876.1
1234,1252,40.0
1234,1302,16.0
1234,1305,31.0
1234,1322,10.0
1235,64,10.0
1235,161,10.0
1235,242,10.0
1235,243,8316.5
1235,355,15.0
1235,600,3.0
1235,679,10.0
1235,724,608.0
1235,745,151.0
1235,796,10.0
1235,887,10.0
1235,1016,121.0
1235,1024,10.0
1235,1196,12.0
1235,1206,278.0
1235,1279,10.0
1235,1311,140.0
1237,243,47.0
1237,453,327.0
1237,495,95.0
1237,691,10.0
1237,796,9.0
1237,969,23.0
1237,1058,11.0
1237,1123,17.0
1237,1151,10.0
1237,1169,23.0
1237,1202,3.0
1237,1328,10.0
1238,244,10.0
1238,519,9394.5
1238,539,10.0
1238,628,19.0
1238,719,10.0
1238,817,27.0
1238,829,27.0
1238,1148,3.0
1238,1202,3.0
1238,1229,21.0
1241,176,80.0
1241,343,10.0
1241,351,3.0
1241,361,19.6
1241,405,10.0
1241,552,13.0
1241,749,10.0
1241,830,63.0
1241,910,10.0
1241,946,21.4
1241,949,19.6
1241,978,3.0
1241,999,10.0
1241,1022,577.0
1241,1023,21.4
1241,1096,14.0
1241,1129,10.0
1241,1143,12.0
1241,1156,10.0
1241,1234,10876.1
1241,1252,14.0
1241,1302,17.0
1241,1305,49.0
1242,69,19.0
1242,551,10.0
1242,664,9991.74
1242,1055,14.0
1244,59,7842.32
1244,336,10.0
1244,420,3.0
1244,494,10.0
1244,650,55.0
1244,805,10.0
1244,813,10.0
1244,1048,414.0
1245,37,271.0
1245,130,8770.74
1245,134,19.6
1245,167,19.0
1245,212,10.0
1245,245,231.0
1245,764,99.0
1245,836,37.0
1245,963,242.0
1245,981,13.0
1245,1052,21.4
1245,1069,95.0
1245,1116,10.0
1246,405,10.0
1246,433,21.4
1246,596,10.0
1246,719,67.0
1246,917,71.0
1246,974,35.0
1246,1049,10.0
1246,1110,541.42
1246,1148,10232.94
1246,1217,21.4
1246,1229,67.0
1246,1287,12.0
1247,206,10.0
1247,213,10.0
1247,258,10.0
1247,284,10.0
1247,335,64.0
1247,432,10.0
1247,435,10.0
1247,437,72.0
1247,438,24.0
1247,439,109.0
1247,463,10.0
1247,513,10.0
1247,562,10.0
1247,627,21.0
1247,856,10.0
1247,967,10.0
1247,984,10.0
1247,1037,126.0
1247,1068,17.0
1247,1217,10.0
1247,1338,11.0
1247,1363,22.0
1250,112,17.0
1250,136,133.0
1250,167,12.0
1250,192,10.0
1250,256,15.0
1250,355,10.0
1250,403,8997.46
1250,423,10.0
1250,463,20.0
1250,556,10.0
1250,566,10.0
1250,601,10.0
1250,635,10.0
1250,675,28.0
1250,720,1518.0
1250,789,67.0
1250,856,191.0
1250,984,10.0
1250,995,11.76
1250,1066,3.0
1250,1172,11.0
1250,1307,410.0
1250,1360,180.0
1251,77,10819.5
1251,292,1217.0
1251,684,9.0
1251,1142,20.0
1251,1148,10.0
1251,1274,15.0
1251,1300,1033.0
1252,320,74.0
1252,375,28.0
1252,405,29.0
1252,472,25.0
1252,529,10.0
1252,558,2049.0
1252,687,10.0
1252,812,54.0
1252,869,44.0
1252,907,510.0
1252,917,10.0
1252,926,10.0
1252,929,8.0
1252,979,46.0
1252,999,233.0
1252,1096,33.0
1252,1145,18.0
1252,1234,40.0
1252,1241,14.0
1252,1305,32.0
1253,12,10.0
1253,37,260.0
1253,116,14.0
1253,126,10.0
1253,404,10.0
1253,407,10.0
1253,478,26.0
1253,574,96.0
1253,609,62.0
1253,644,10.0
1253,737,22.0
1253,747,60.0
1253,764,10.0
1253,805,33.0
1253,836,249.0
1253,864,14.0
1253,895,45.0
1253,920,8.0
1253,992,201.0
1253,1091,10.0
1253,1232,10706.1
1253,1276,180.0
1253,1298,214.0
1254,34,39.0
1254,58,473.0
1254,76,10.0
1254,127,423.0
1254,178,517.0
1254,321,5.0
1254,351,29.6
1254,525,12.0
1254,735,70.0
1254,754,268.0
1254,918,3171.44
1254,1132,3.0
1254,1216,32.0
1255,232,8.0
1255,272,9737.86
1255,302,11.0
1255,365,10.0
1255,585,29.0
1255,613,13.0
1255,623,6.0
1255,680,3.0
1255,942,10.0
1255,961,3.0
1255,1303,10.0
1256,17,10.0
1256,45,31.4
1256,114,10.0
1256,143,9519.44
1256,255,10.0
1256,275,14.0
1256,452,1593.0
1256,467,587.38
1256,502,10.0
1256,751,56.0
1256,770,43.0
1256,886,50.0
1256,904,530.42
1256,920,10.0
1256,1011,10.0
1256,1021,1628.0
1256,1042,3.0
1256,1044,10.0
1256,1045,19.0
1256,1101,448.74
1256,1127,27.0
1256,1187,159.04000000000002
1257,66,150.0
1257,102,2480.0
1257,189,2492.0
1257,206,9322.26
1257,207,27.0
1257,285,10.0
1257,318,31.0
1257,329,115.0
1257,354,12.0
1257,382,135.0
1257,407,11.0
1257,416,14.0
1257,443,1702.0
1257,473,38.0
1257,523,35.0
1257,572,10.0
1257,609,80.0
1257,671,34.0
1257,732,29.0
1257,842,10.0
1257,861,98.0
1257,907,10.0
1257,1000,10.0
1257,1208,24.0
1257,1223,10.0
1258,14,15.0
1258,188,617.0
1258,280,11.0
1258,380,10.0
1258,564,10.0
1258,599,10.0
1258,767,354.0
1258,973,9822.16
1258,982,10.0
1258,1045,5.88
1258,1225,3.0
1258,1290,21.4
1258,1319,1396.0
1258,1359,30.0
1259,50,2196.0
1259,77,10.0
1259,241,10.0
1259,291,10.0
1259,298,26.0
1259,482,10.0
1259,799,10.0
1259,884,10.0
1259,911,10.0
1259,945,33.0
1259,989,10547.3
1259,1087,10.0
1259,1154,10.0
1259,1187,10.0
1259,1296,13.0
1262,78,13.0
1262,128,63.0
1262,296,4.0
1262,355,40.0
1262,436,39.2
1262,448,34.0
1262,458,28.0
1262,493,14.0
1262,517,10.0
1262,553,45.0
1262,614,10.0
1262,676,11.0
1262,685,10.0
1262,740,42.0
1262,832,10.0
1262,894,15.0
1262,937,10.0
1262,1024,58.0
1262,1067,17.0
1262,1190,32.0
1263,4,21.0
1263,69,21.4
1263,164,124.0
1263,306,10.0
1263,328,18.0
1263,367,3112.0
1263,563,19.0
1263,651,50.68
1263,731,4.0
1263,830,10.0
1263,866,10.0
1263,883,21.0
1263,908,21.4
1263,914,45.0
1263,931,32.0
1263,1007,988.0
1263,1022,34.24
1263,1023,21.4
1263,1064,21.4
1263,1129,10.0
1263,1226,32.0
1263,1233,38.4
1263,1285,10.0
1263,1295,10.0
1263,1341,36.38
1265,15,10.0
1265,75,9724.44
1265,372,10.0
1265,397,14.0
1265,456,20.0
1265,520,25.0
1265,648,20.0
1265,692,10.0
1265,796,10.0
1265,872,19.0
1265,887,30.0
1265,896,58.0
1265,926,12.0
1265,969,10.0
1265,1003,6.0
1265,1012,29.0
1265,1070,10.0
1265,1141,10.0
1265,1150,10.0
1265,1202,19.6
1266,52,7.0
1266,461,10804.56
1266,641,10.0
1266,642,11.0
1266,712,7.0
1266,723,102.0
1266,795,10.0
1266,877,30.0
1266,934,84.0
1266,961,423.0
1266,1022,15.0
1266,1099,10.0
1266,1221,63.0
1266,1304,14.0
1269,38,10.0
1269,164,12.0
1269,176,40.0
1269,405,11.0
1269,558,33.0
1269,587,11.0
1269,610,43.0
1269,656,10.0
1269,703,10.0
1269,712,10903.1
1269,760,48.0
1269,877,10.0
1269,914,74.0
1269,924,59.0
1269,931,22.0
1269,951,10.0
1269,1105,15.0
1269,1120,10.0
1269,1289,10.0
1269,1303,20.0
1269,1304,10.0
1269,1314,10.0
1270,15,13.0
1270,78,10.0
1270,256,10.0
1270,372,3.0
1270,406,21.0
1270,493,16.0
1270,582,17.0
1270,654,8863.380000000001
1270,702,3.0
1270,828,12.0
1270,858,10.0
1270,916,3.0
1270,926,869.0
1270,1049,10.0
1270,1058,3.0
1270,1155,12.0
1270,1271,36.0
1270,1299,11.0
1270,1311,30.0
1270,1350,12.0
1271,70,4.0
1271,75,10.0
1271,77,49.0
1271,161,10.0
1271,171,10.0
1271,244,105.0
1271,493,29.0
1271,654,17.0
1271,850,21.0
1271,854,12.0
1271,858,10.0
1271,983,6.0
1271,1107,10.0
1271,1110,80.0
1271,1142,106.0
1271,1165,44.0
1271,1270,36.0
1271,1287,26.0
1271,1318,9.0
1271,1350,10869.1
1272,59,10.0
1272,70,34.0
1272,132,10.0
1272,169,12.0
1272,184,9.0
1272,224,10507.2
1272,305,35.0
1272,334,33.0
1272,864,314.0
1272,1000,10.0
1272,1184,10.0
1272,1317,13.0
1272,1331,10.0
1273,7,19.0
1273,10,10.0
1273,126,10.0
1273,135,44.0
1273,243,324.0
1273,266,13.0
1273,312,10354.12
1273,320,45.0
1273,421,11.0
1273,673,10.0
1273,679,13.0
1273,684,10.0
1273,699,10.0
1273,794,5.0
1273,815,71.0
1273,872,51.0
1273,970,10.0
1273,1016,151.0
1273,1038,11.0
1273,1063,10.0
1273,1155,121.0
1273,1162,40.0
1273,1165,10.0
1273,1332,153.0
1273,1339,35.0
1274,57,18.0
1274,337,38.0
1274,454,24.0
1274,553,3.0
1274,657,218.0
1274,685,21.0
1274,719,10.0
1274,778,503.0
1274,923,55.0
1274,1021,10.0
1274,1058,1168.0
1274,1090,3.0
1274,1181,11.0
1274,1185,34.0
1274,1251,15.0
1276,23,3.0
1276,54,28.0
1276,59,53.0
1276,133,10.0
1276,167,10.0
1276,207,10.0
1276,288,39.0
1276,382,49.0
1276,443,10.0
1276,444,63.0
1276,473,9901.380000000001
1276,534,12.0
1276,546,110.0
1276,556,15.0
1276,574,11.0
1276,697,10.0
1276,732,10.0
1276,747,68.0
1276,805,6.0
1276,842,80.0
1276,1033,10.0
1276,1041,58.0
1276,1059,44.0
1276,1126,29.0
1276,1220,50.0
1276,1232,57.0
1276,1253,180.0
1276,1348,55.0
1277,12,459.0
1277,55,10.0
1277,173,10.0
1277,189,10.0
1277,207,27.0
1277,210,12.0
1277,218,47.0
1277,318,31.0
1277,423,16.0
1277,516,539.0
1277,556,59.0
1277,562,56.0
1277,574,36.0
1277,577,10.0
1277,590,28.0
1277,597,19.6
1277,612,8.0
1277,636,6.0
1277,667,361.0
1277,705,10.0
1277,790,2662.9
1277,937,126.0
1277,963,10.0
1277,995,14.0
1277,996,10.0
1277,1010,10.0
1277,1046,43.0
1277,1116,52.0
1277,1325,14.0
1278,69,91.0
1278,70,10.0
1278,138,17.0
1278,165,54.0
1278,169,11.0
1278,276,19.6
1278,334,38.0
1278,372,10.0
1278,430,13.0
1278,591,8.0
1278,608,54.0
1278,614,1379.0
1278,684,10.0
1278,753,10.0
1278,794,44.0
1278,833,11.879999999999999
1278,1010,10.0
1278,1065,10.0
1278,1104,6.0
1278,1189,76.0
1278,1357,10.0
1279,15,17.0
1279,120,10.0
1279,258,51.0
1279,320,16.0
1279,337,519.0
1279,457,10.0
1279,458,10.0
1279,470,10.0
1279,517,10763.1
1279,553,10.0
1279,560,442.0
1279,590,94.0
1279,596,16.0
1279,617,10.0
1279,636,22.0
1279,648,38.0
1279,650,948.0
1279,654,11.0
1279,683,10.0
1279,828,10.0
1279,848,10.0
1279,850,15.0
1279,858,10.0
1279,983,10.0
1279,1003,522.0
1279,1016,10.0
1279,1074,12.0
1279,1098,5.0
1279,1150,10.0
1279,1181,10.0
1279,1198,23.0
1279,1228,14.0
1279,1235,10.0
1279,1290,357.0
1279,1311,32.0
1279,1318,10.0
1279,1328,10.0
1281,306,10.0
1281,322,10.0
1281,323,36.0
1281,367,10.0
1281,533,33.0
1281,585,10.0
1281,610,17.0
1281,622,10.0
1281,634,3.0
1281,731,12.0
1281,860,10.0
1281,890,139.0
1281,902,216.0
1281,911,10.0
1281,939,10.0
1281,943,10.0
1281,987,11.0
1281,993,10.0
1281,1006,124.0
1281,1140,8262.18
1281,1284,266.0
1281,1322,11.0
1281,1323,86.0
1281,1352,19.6
1282,33,10.0
1282,390,10.0
1282,453,747.0
1282,614,10.0
1282,639,15.0
1282,643,10.0
1282,683,10.0
1282,691,1983.0
1282,817,208.0
1282,854,10.0
1282,907,10.0
1282,1063,10.0
1282,1070,3.0
1282,1074,14.0
1282,1107,17.0
1282,1162,10.0
1282,1181,10.0
1282,1228,1552.0
1282,1290,3.0
1282,1328,27.0
1284,10,153.0
1284,274,6.0
1284,521,37.0
1284,634,4258.04
1284,868,191.0
1284,902,97.0
1284,942,16.0
1284,948,51.0
1284,979,10.0
1284,1086,197.8
1284,1105,75.0
1284,1130,109.0
1284,1281,266.0
1284,1320,36.0
1285,97,10.0
1285,302,36.38
1285,343,13.0
1285,563,21.4
1285,602,33.0
1285,604,10.0
1285,779,13.0
1285,809,30.0
1285,933,10.0
1285,943,10.0
1285,1007,10.0
1285,1064,3.0
1285,1148,21.4
1285,1263,10.0
1285,1289,10.0
1285,1304,10.0
1286,107,4.0
1286,140,10.0
1286,268,10.0
1286,295,10.0
1286,380,10.0
1286,417,11.0
1286,485,3.0
1286,538,6.0
1286,666,10.0
1286,773,21.4
1286,785,38.0
1286,802,38.0
1286,994,10.0
1286,1034,10.0
1286,1088,18.0
1286,1146,10.0
1286,1239,63.0
1286,1344,193.0
1287,218,10.0
1287,243,11.0
1287,244,113.0
1287,266,10.0
1287,424,10.0
1287,446,20.0
1287,520,3.0
1287,590,10.0
1287,628,20.0
1287,636,10.0
1287,676,17.0
1287,850,107.0
1287,917,36.0
1287,926,1311.0
1287,1012,10.0
1287,1058,16.0
1287,1119,10.0
1287,1142,18.0
1287,1169,12.0
1287,1246,12.0
1287,1271,26.0
1287,1350,46.0
1289,9,10.0
1289,119,21.4
1289,154,10.0
1289,389,10.0
1289,558,10.0
1289,613,10.0
1289,729,32.0
1289,795,10.0
1289,838,16.0
1289,859,21.0
1289,903,49.56
1289,939,21.4
1289,1105,30.0
1289,1201,10.0
1289,1269,10.0
1289,1285,10.0
1289,1291,10.0
1289,1305,42.0
1290,131,21.0
1290,177,82.0
1290,216,10.0
1290,320,32.0
1290,445,212.0
1290,520,10.0
1290,534,10.0
1290,539,17.0
1290,611,12.0
1290,679,25.0
1290,699,10.0
1290,702,30.0
1290,719,6.0
1290,969,19.0
1290,977,587.0
1290,1003,21.0
1290,1049,10896.1
1290,1090,42.0
1290,1107,3.0
1290,1108,10.0
1290,1142,10.0
1290,1150,10.0
1290,1174,28.0
1290,1189,17.0
1290,1228,28.0
1290,1258,21.4
1290,1279,357.0
1290,1282,3.0
1290,1299,10.0
1291,40,10.0
1291,704,493.0
1291,727,10.0
1291,903,12.0
1291,1040,4.0
1291,1289,10.0
1292,32,14.0
1292,60,15.0
1292,172,65.0
1292,185,10.0
1292,307,402.0
1292,502,37.0
1292,537,10.0
1292,542,48.0
1292,825,53.0
1292,835,65.0
1292,918,526.0
1292,965,10889.42
1292,1135,6.0
1292,1179,10.0
1292,1314,10.0
1294,5,10.0
1294,44,3.0
1294,110,10.0
1294,244,10.0
1294,334,10.0
1294,341,53.0
1294,434,15.0
1294,496,10.0
1294,581,10.0
1294,685,10.0
1294,692,10.0
1294,702,10.0
1294,778,149.0
1294,816,10.0
1294,842,10.0
1294,1067,121.0
1294,1077,31.0
1294,1174,10904.26
1294,1318,105.0
1294,1319,10.0
1295,232,626.0
1295,306,10.0
1295,319,10.0
1295,328,8544.54
1295,371,94.0
1295,604,570.0
1295,693,10.0
1295,830,10.0
1295,868,3.0
1295,978,10.0
1295,1076,601.0
1295,1082,3.0
1295,1130,10.0
1295,1263,10.0
1295,1351,803.0
1295,1358,1010.0
1296,49,13.0
1296,364,73.0
1296,387,10.0
1296,405,9.0
1296,417,1563.0
1296,436,1754.0
1296,522,10.0
1296,532,24.0
1296,554,10.0
1296,592,43.0
1296,599,10.0
1296,739,26.0
1296,802,10.0
1296,814,7783.84
1296,889,29.0
1296,973,10.0
1296,1045,10.0
1296,1259,13.0
1298,126,10.0
1298,142,10.0
1298,664,10.0
1298,718,11.0
1298,764,9.0
1298,775,151.0
1298,895,8313.16
1298,1012,10.0
1298,1069,488.0
1298,1207,26.0
1298,1232,222.0
1298,1253,214.0
1298,1319,51.0
1299,15,453.0
1299,120,40.0
1299,161,462.0
1299,431,10.0
1299,454,87.0
1299,470,10.0
1299,496,71.0
1299,519,62.0
1299,591,27.0
1299,617,10.0
1299,702,3.0
1299,728,19.0
1299,743,412.0
1299,804,3.0
1299,822,108.0
1299,849,39.0
1299,858,348.0
1299,916,49.0
1299,969,1398.0
1299,972,16.0
1299,1070,10.0
1299,1074,202.0
1299,1270,11.0
1299,1290,10.0
1299,1345,53.0
1300,77,1645.0
1300,266,45.0
1300,292,3708.06
1300,397,55.0
1300,614,10.0
1300,617,6.0
1300,1162,34.0
1300,1251,1033.0
1302,4,23.54
1302,176,10.0
1302,368,48.0
1302,379,31.0
1302,405,37.0
1302,552,10.0
1302,587,23.0
1302,626,39.0
1302,680,21.4
1302,736,10.0
1302,756,27.0
1302,812,10.0
1302,830,10862.1
1302,865,233.0
1302,877,10.0
1302,982,11.0
1302,1040,41.0
1302,1215,21.4
1302,1234,16.0
1302,1241,17.0
1302,1305,10.0
1302,1323,70.0
1303,191,20.0
1303,247,49.0
1303,681,61.0
1303,736,75.0
1303,1096,13.0
1303,1153,45.0
1303,1222,3740.96
1303,1255,10.0
1303,1269,20.0
1303,1335,14.0
1303,1341,149.0
1304,38,29.0
1304,103,22.0
1304,232,10.0
1304,285,10.0
1304,398,10665.7
1304,602,10.0
1304,637,21.4
1304,736,14.0
1304,792,10.0
1304,821,29.0
1304,912,19.6
1304,951,10.0
1304,1001,10.0
1304,1082,275.0
1304,1266,14.0
1304,1269,10.0
1304,1285,10.0
1304,1342,66.0
1305,103,47.0
1305,125,10.0
1305,155,10.0
1305,251,20.0
1305,294,10.0
1305,374,14.0
1305,375,20.0
1305,425,12.0
1305,638,16.0
1305,744,21.0
1305,808,10.0
1305,859,29.0
1305,865,10.0
1305,869,17.0
1305,940,2084.92
1305,979,75.0
1305,999,76.0
1305,1072,35.0
1305,1096,10.0
1305,1129,10.0
1305,1209,10.0
1305,1234,31.0
1305,1241,49.0
1305,1252,32.0
1305,1289,42.0
1305,1302,10.0
1307,88,3.0
1307,133,34.0
1307,175,27.0
1307,177,58.0
1307,218,12.0
1307,253,132.0
1307,289,7.0
1307,305,10.0
1307,360,10.0
1307,404,39.0
1307,435,89.0
1307,478,16.0
1307,556,10.0
1307,576,94.0
1307,650,12.0
1307,697,19.0
1307,720,207.0
1307,753,29.0
1307,823,11.0
1307,882,10.0
1307,962,86.0
1307,1046,11.0
1307,1125,570.0
1307,1158,111.0
1307,1217,19.0
1307,1223,12.0
1307,1250,410.0
1307,1360,10950.1
1309,38,13.0
1309,40,10.0
1309,139,80.0
1309,294,11.0
1309,323,10.0
1309,413,10.0
1309,860,10.0
1309,893,27.0
1309,942,10.0
1309,1072,19.6
1309,1079,10.0
1309,1322,21.0
1310,23,6.0
1310,98,10.0
1310,198,10.0
1310,205,10.0
1310,390,10.0
1310,448,8.0
1310,496,67.0
1310,565,10.0
1310,628,8661.7
1310,702,1367.0
1310,733,17.0
1310,816,40.0
1310,829,238.0
1310,850,23.0
1310,880,10.0
1310,887,10.0
1310,910,6.0
1310,926,38.0
1310,986,77.0
1310,1345,6.0
1310,1350,3.0
1311,33,3.0
1311,57,303.0
1311,128,722.0
1311,243,10.0
1311,600,125.0
1311,639,10.0
1311,692,24.0
1311,745,10.0
1311,796,438.0
1311,828,10.0
1311,882,10.0
1311,981,60.0
1311,1016,221.0
1311,1074,10.0
1311,1102,27.0
1311,1119,10.0
1311,1155,10.0
1311,1162,38.0
1311,1189,80.0
1311,1190,3928.14
1311,1235,140.0
1311,1270,30.0
1311,1279,32.0
1312,4,88.0
1312,9,10.0
1312,38,127.0
1312,103,54.0
1312,196,17.0
1312,221,82.0
1312,251,56.0
1312,265,11.0
1312,302,59.0
1312,322,10.0
1312,361,12.0
1312,365,70.0
1312,368,7.0
1312,402,28.0
1312,465,161.0
1312,571,14.0
1312,586,15.0
1312,587,136.0
1312,651,22.0
1312,716,66.0
1312,731,10.0
1312,749,10.0
1312,809,76.0
1312,821,161.0
1312,999,19.0
1312,1063,6.0
1312,1084,10.0
1312,1117,10.0
1312,1118,16.0
1312,1143,87.0
1312,1193,10.0
1312,1201,47.0
1312,1203,10.0
1312,1316,5642.280000000001
1312,1352,106.0
1314,101,10.0
1314,117,10.0
1314,140,10.0
1314,208,22.0
1314,347,5.0
1314,486,10.0
1314,536,10.0
1314,599,1615.0
1314,712,10.0
1314,812,10.0
1314,835,1655.0
1314,875,29.0
1314,877,10.0
1314,918,401.0
1314,1269,10.0
1314,1292,10.0
1314,1341,26.0
1315,9,10.0
1315,157,14.0
1315,369,11.0
1315,558,55.64
1315,610,10.0
1315,893,111.0
1315,950,21.4
1315,978,3.0
1315,1023,4069.96
1315,1079,234.0
1316,9,10.0
1316,331,32.0
1316,384,836.0
1316,388,30.0
1316,624,44.0
1316,661,46.0
1316,845,16.0
1316,912,689.0
1316,987,31.0
1316,991,847.0
1316,998,10.0
1316,1312,5642.280000000001
1316,1320,10.0
1316,1323,564.0
1317,5,577.0
1317,23,255.0
1317,59,10.0
1317,132,10.0
1317,270,10.0
1317,290,211.0
1317,394,10.0
1317,400,339.0
1317,404,10.0
1317,494,10.0
1317,511,11.0
1317,534,258.0
1317,842,15.0
1317,932,501.0
1317,967,28.0
1317,990,75.0
1317,1126,408.0
1317,1186,10.0
1317,1272,13.0
1317,1325,70.0
1317,1331,10803.060000000001
1318,120,12.0
1318,320,35.0
1318,446,7.0
1318,456,15.84
1318,560,10.0
1318,657,497.0
1318,683,15.0
1318,684,30.0
1318,691,10.0
1318,778,10295.02
1318,817,16.0
1318,962,16.0
1318,975,10.0
1318,1108,103.0
1318,1142,10.0
1318,1148,13.0
1318,1174,140.0
1318,1228,3.0
1318,1229,489.0
1318,1271,9.0
1318,1279,10.0
1318,1294,105.0
1319,7,19.6
1319,173,32.0
1319,189,3.0
1319,197,7.0
1319,298,49.0
1319,394,10.0
1319,404,49.0
1319,445,58.0
1319,473,21.0
1319,551,11.0
1319,583,31.0
1319,655,31.0
1319,675,10.0
1319,720,10.0
1319,753,15.0
1319,920,10.0
1319,963,10.0
1319,967,10.0
1319,973,1962.0
1319,1075,10.0
1319,1223,10.0
1319,1258,1396.0
1319,1294,10.0
1319,1298,51.0
1319,1359,10.0
1319,1360,48.0
1320,914,10.0
1320,948,10311.16
1320,1284,36.0
1320,1316,10.0
1320,1358,10.0
1321,5,7130.36
1321,31,72.0
1321,169,6.0
1321,269,2894.0
1321,394,10.0
1321,508,10.0
1321,673,82.0
1321,726,27.0
1321,769,17.0
1321,823,3.0
1321,1052,94.0
1321,1066,93.0
1322,204,10.0
1322,315,10.0
1322,368,10.0
1322,379,5.0
1322,450,11.0
1322,465,3.0
1322,645,1264.0
1322,663,19.0
1322,736,6.0
1322,795,1162.0
1322,893,10.0
1322,901,11.0
1322,905,34.0
1322,911,11.0
1322,931,21.0
1322,1001,10.0
1322,1096,10.0
1322,1136,47.0
1322,1140,17.0
1322,1234,10.0
1322,1281,11.0
1322,1309,21.0
1323,4,10.0
1323,10,12.0
1323,303,21.4
1323,319,10.0
1323,328,10.0
1323,379,25.0
1323,504,10.0
1323,756,41.0
1323,795,9.0
1323,830,181.0
1323,921,42.8
1323,943,10.0
1323,946,10.0
1323,978,96.0
1323,991,527.0
1323,1001,10.0
1323,1111,10.0
1323,1129,10.0
1323,1140,15.0
1323,1209,10.0
1323,1281,86.0
1323,1302,70.0
1323,1316,564.0
1323,1358,12.0
1326,240,42.0
1326,265,16.0
1326,330,28.0
1326,377,46.0
1326,488,32.0
1326,588,2419.0
1326,677,93.0
1326,797,75.0
1326,1072,4933.2
1326,1136,10.0
1326,1215,19.6
1328,131,7.0
1328,137,10.0
1328,340,21.4
1328,355,10.0
1328,397,10.0
1328,453,11.0
1328,492,10.0
1328,539,10.0
1328,612,28.0
1328,654,2848.0
1328,684,10.0
1328,702,10.0
1328,733,2834.0
1328,793,14.0
1328,804,2803.0
1328,817,10.0
1328,872,12.0
1328,892,10.0
1328,986,10683.58
1328,1119,10.0
1328,1237,10.0
1328,1279,10.0
1328,1282,27.0
1328,1332,10.0
1328,1350,21.0
1331,5,453.0
1331,23,230.0
1331,115,10.0
1331,212,10.0
1331,290,88.0
1331,400,278.0
1331,428,10.0
1331,494,10.0
1331,512,10.0
1331,534,88.0
1331,922,10.0
1331,932,428.0
1331,963,10.0
1331,990,84.0
1331,1010,10.0
1331,1091,10.0
1331,1126,10.0
1331,1272,10.0
1331,1317,10803.060000000001
1331,1325,9.0
1332,107,21.0
1332,369,204.0
1332,372,22.0
1332,421,46.0
1332,455,111.0
1332,506,65.0
1332,666,10.0
1332,794,10.0
1332,854,13.0
1332,923,54.0
1332,929,10.0
1332,1016,9829.220000000001
1332,1038,82.0
1332,1108,142.0
1332,1141,10.0
1332,1162,11.0
1332,1187,10.0
1332,1188,10.0
1332,1190,9.0
1332,1206,95.0
1332,1273,153.0
1332,1328,10.0
1335,154,10.0
1335,272,32.0
1335,322,16.0
1335,361,10.0
1335,569,35.0
1335,605,45.0
1335,663,10.0
1335,672,10.0
1335,736,10.0
1335,751,10.0
1335,782,10.0
1335,830,3.0
1335,863,4.0
1335,866,10.0
1335,924,10925.1
1335,982,10.0
1335,1007,10.0
1335,1113,10.0
1335,1117,17.0
1335,1303,14.0
1338,7,10.0
1338,31,9.0
1338,37,10.0
1338,100,10.0
1338,144,10.0
1338,177,7036.22
1338,197,32.0
1338,210,27.0
1338,258,13.0
1338,337,18.0
1338,404,12.0
1338,410,10.0
1338,427,21.0
1338,429,33.54
1338,432,11.0
1338,487,40.0
1338,492,127.0
1338,512,39.0
1338,560,28.0
1338,615,14.0
1338,697,3.0
1338,706,10.0
1338,823,10.0
1338,839,10.0
1338,882,10.0
1338,967,10.0
1338,990,398.0
1338,1058,13.0
1338,1104,56.0
1338,1185,22.0
1338,1200,11.0
1338,1217,21.0
1338,1223,43.0
1338,1247,11.0
1338,1325,10.0
1338,1355,1928.0
1339,320,72.0
1339,337,10.0
1339,442,10.0
1339,448,6.0
1339,520,115.0
1339,815,3018.16
1339,872,3.0
1339,1141,46.0
1339,1189,15.0
1339,1273,35.0
1339,1346,10.0
1341,74,8.0
1341,315,10.0
1341,602,3.0
1341,651,7296.66
1341,680,37.0
1341,723,5.0
1341,736,49.0
1341,812,12.0
1341,914,28.0
1341,979,10.0
1341,982,45.0
1341,1026,10.0
1341,1096,4088.0
1341,1263,36.38
1341,1303,149.0
1341,1314,26.0
1342,38,19.0
1342,103,10.0
1342,306,41.0
1342,322,21.4
1342,571,10.0
1342,637,10.0
1342,690,13.0
1342,731,10.0
1342,792,10739.82
1342,982,43.0
1342,1018,55.0
1342,1057,15.0
1342,1304,66.0
1343,33,89.0
1343,120,11.0
1343,128,4.0
1343,442,9258.48
1343,600,32.0
1343,617,44.0
1343,745,10.0
1343,862,11.0
1343,962,17.0
1343,1158,43.0
1344,4,9433.1
1344,9,12.0
1344,232,26.0
1344,569,136.0
1344,571,21.4
1344,602,13.0
1344,604,9.0
1344,739,158.0
1344,782,10.0
1344,792,59.0
1344,795,10.0
1344,865,21.4
1344,866,31.0
1344,902,27.0
1344,961,10.0
1344,1051,10.0
1344,1064,10.0
1344,1109,55.0
1344,1194,11.0
1344,1203,17.0
1344,1286,193.0
1345,120,14.0
1345,648,25.0
1345,816,21.0
1345,899,10.0
1345,1016,10.0
1345,1228,6895.3
1345,1299,53.0
1345,1310,6.0
1346,33,13.0
1346,98,10.0
1346,120,10.0
1346,171,30.0
1346,205,83.0
1346,212,10.0
1346,243,10.0
1346,301,10.0
1346,320,10.0
1346,337,3.0
1346,437,10.0
1346,582,10.0
1346,590,13.0
1346,596,10809.1
1346,614,10.0
1346,615,22.0
1346,628,10.0
1346,684,20.0
1346,702,10.0
1346,815,5.0
1346,817,10.0
1346,1016,10.0
1346,1145,16.0
1346,1169,3.0
1346,1339,10.0
1346,1357,14.0
1348,66,223.0
1348,102,20.0
1348,189,56.0
1348,192,21.4
1348,207,19.0
1348,556,27.0
1348,559,230.0
1348,574,203.0
1348,576,34.0
1348,577,22.0
1348,609,151.0
1348,644,241.0
1348,764,20.0
1348,839,10832.1
1348,1232,10.0
1348,1276,55.0
1350,77,36.0
1350,244,90.0
1350,292,10.0
1350,493,23.0
1350,612,147.0
1350,639,27.0
1350,708,15.0
1350,733,68.0
1350,850,30.0
1350,986,10.0
1350,1067,1197.0
1350,1110,94.0
1350,1142,111.0
1350,1165,178.0
1350,1169,10.0
1350,1175,11.0
1350,1270,12.0
1350,1271,10869.1
1350,1287,46.0
1350,1310,3.0
1350,1328,21.0
1351,232,592.0
1351,319,10.0
1351,328,511.0
1351,412,19.6
1351,559,12.0
1351,604,456.0
1351,622,8.0
1351,626,10.0
1351,868,11.0
1351,874,44.0
1351,893,20.0
1351,908,14.0
1351,946,10.0
1351,978,449.0
1351,1044,61.0
1351,1076,22.0
1351,1118,10.0
1351,1129,10.0
1351,1295,803.0
1351,1358,2264.0
1352,221,10996.1
1352,314,33.0
1352,322,14.0
1352,651,143.0
1352,716,90.0
1352,749,143.0
1352,809,10.0
1352,863,18.0
1352,866,16.0
1352,883,18.0
1352,1063,186.0
1352,1130,47.0
1352,1143,39.0
1352,1221,10.0
1352,1281,19.6
1352,1312,106.0
1353,218,19.6
1353,238,6.0
1353,262,10.0
1353,269,10.0
1353,318,28.0
1353,334,11.0
1353,357,34.0
1353,423,486.0
1353,508,6.0
1353,512,13.0
1353,523,10.0
1353,627,10.0
1353,670,12.0
1353,673,29.0
1353,720,10.0
1353,769,27.0
1353,772,10.0
1353,790,30.0
1353,856,18.0
1353,995,20.0
1353,1068,15.0
1355,91,10.0
1355,173,10.0
1355,175,112.0
1355,177,10.0
1355,210,10.0
1355,254,21.4
1355,258,10.0
1355,262,21.4
1355,290,10.0
1355,305,10.0
1355,354,10.0
1355,415,3.0
1355,427,21.0
1355,429,23.0
1355,438,10.0
1355,487,58.0
1355,492,112.0
1355,535,5.0
1355,560,13.0
1355,822,12.0
1355,882,14.0
1355,990,9684.880000000001
1355,995,10.0
1355,1104,15.0
1355,1185,17.0
1355,1200,10.0
1355,1338,1928.0
1356,90,4651.26
1356,94,10889.5
1356,163,4548.26
1356,193,3304.9
1356,283,10.0
1356,342,21.4
1356,374,21.4
1356,401,4550.280000000001
1356,857,38.52
1356,940,4443.26
1356,947,4459.780000000001
1357,18,6583.28
1357,83,14.0
1357,112,123.0
1357,167,6.0
1357,171,10.0
1357,259,10.0
1357,318,20.0
1357,357,10.0
1357,360,10.0
1357,427,10.0
1357,439,12.0
1357,516,11.0
1357,523,10.0
1357,601,10.0
1357,853,10.0
1357,966,10.0
1357,984,130.0
1357,1039,2056.0
1357,1068,21.0
1357,1069,118.0
1357,1150,10.0
1357,1205,12.0
1357,1278,10.0
1357,1346,14.0
1357,1354,30.0
1357,1363,100.0
1358,23,19.6
1358,117,10.0
1358,153,21.4
1358,232,529.0
1358,328,1310.0
1358,367,10.0
1358,371,10.0
1358,604,487.0
1358,637,1814.6
1358,751,10.0
1358,756,10.0
1358,791,324.0
1358,860,10.0
1358,874,29.0
1358,877,10.0
1358,908,168.0
1358,949,10.0
1358,1044,25.0
1358,1076,37.0
1358,1084,21.4
1358,1233,10.0
1358,1295,1010.0
1358,1320,10.0
1358,1323,12.0
1358,1351,2264.0
1359,17,10.0
1359,208,10.0
1359,381,10.0
1359,459,10.0
1359,479,34.0
1359,611,10.0
1359,675,10.0
1359,711,10.0
1359,767,10.0
1359,798,21.0
1359,959,3.0
1359,970,29.0
1359,973,24.0
1359,1174,52.0
1359,1239,10.0
1359,1258,30.0
1359,1319,10.0
1360,133,10.0
1360,173,10.0
1360,175,10.0
1360,177,156.0
1360,197,119.0
1360,215,19.0
1360,218,10.0
1360,253,48.0
1360,403,52.0
1360,404,11.0
1360,419,10.0
1360,523,58.0
1360,576,36.0
1360,635,289.0
1360,643,11.0
1360,697,20.0
1360,753,437.0
1360,882,3.0
1360,962,70.0
1360,1055,10.0
1360,1125,266.0
1360,1158,66.0
1360,1223,15.0
1360,1250,180.0
1360,1307,10950.1
1360,1319,48.0
1363,12,10.0
1363,88,22.0
1363,112,1490.0
1363,210,10.0
1363,305,12.0
1363,386,10.0
1363,439,20.0
1363,523,72.0
1363,630,10663.98
1363,705,1420.0
1363,765,13.0
1363,907,10.0
1363,984,10.0
1363,1069,51.0
1363,1200,15.0
1363,1247,22.0
1363,1357,100.0
